second,kW
0,0.0
1,0.0
2,0.0
3,0.0
4,0.0
5,0.0
6,0.0
7,0.0
8,0.0
9,0.0
10,0.0
11,0.0
12,0.0
13,0.0
14,0.0
15,0.0
16,0.0
17,0.0
18,0.0
19,0.0
20,0.0
21,0.0
22,0.0
23,0.0
24,0.0
25,0.0
26,0.0
27,0.0
28,0.0
29,0.0
30,0.0
31,0.0
32,0.0
33,0.0
34,0.0
35,0.0
36,0.0
37,0.0
38,0.0
39,0.0
40,0.0
41,0.0
42,0.0
43,0.0
44,0.0
45,0.0
46,0.0
47,0.0
48,0.0
49,0.0
50,0.0
51,0.0
52,0.0
53,0.0
54,0.0
55,0.0
56,0.0
57,0.0
58,0.0
59,0.0
60,0.0
61,0.0
62,0.0
63,0.0
64,0.0
65,0.0
66,0.0
67,0.0
68,0.0
69,0.0
70,0.0
71,0.0
72,0.0
73,0.0
74,0.0
75,0.0
76,0.0
77,0.0
78,0.0
79,0.0
80,0.0
81,0.0
82,0.0
83,0.0
84,0.0
85,0.0
86,0.0
87,0.0
88,0.0
89,0.0
90,0.0
91,0.0
92,0.0
93,0.0
94,0.0
95,0.0
96,0.0
97,0.0
98,0.0
99,0.0
100,0.0
101,0.0
102,0.0
103,0.0
104,0.0
105,0.0
106,0.0
107,0.0
108,0.0
109,0.0
110,0.0
111,0.0
112,0.0
113,0.0
114,0.0
115,0.0
116,0.0
117,0.0
118,0.0
119,0.0
120,0.0
121,0.0
122,0.0
123,0.0
124,0.0
125,0.0
126,0.0
127,0.0
128,0.0
129,0.0
130,0.0
131,0.0
132,0.0
133,0.0
134,0.0
135,0.0
136,0.0
137,0.0
138,0.0
139,0.0
140,0.0
141,0.0
142,0.0
143,0.0
144,0.0
145,0.0
146,0.0
147,0.0
148,0.0
149,0.0
150,0.0
151,0.0
152,0.0
153,0.0
154,0.0
155,0.0
156,0.0
157,0.0
158,0.0
159,0.0
160,0.0
161,0.0
162,0.0
163,0.0
164,0.0
165,0.0
166,0.0
167,0.0
168,0.0
169,0.0
170,0.0
171,0.0
172,0.0
173,0.0
174,0.0
175,0.0
176,0.0
177,0.0
178,0.0
179,0.0
180,0.0
181,0.0
182,0.0
183,0.0
184,0.0
185,0.0
186,0.0
187,0.0
188,0.0
189,0.0
190,0.0
191,0.0
192,0.0
193,0.0
194,0.0
195,0.0
196,0.0
197,0.0
198,0.0
199,0.0
200,0.0
201,0.0
202,0.0
203,0.0
204,0.0
205,0.0
206,0.0
207,0.0
208,0.0
209,0.0
210,0.0
211,0.0
212,0.0
213,0.0
214,0.0
215,0.0
216,0.0
217,0.0
218,0.0
219,0.0
220,0.0
221,0.0
222,0.0
223,0.0
224,0.0
225,0.0
226,0.0
227,0.0
228,0.0
229,0.0
230,0.0
231,0.0
232,0.0
233,0.0
234,0.0
235,0.0
236,0.0
237,0.0
238,0.0
239,0.0
240,0.0
241,0.0
242,0.0
243,0.0
244,0.0
245,0.0
246,0.0
247,0.0
248,0.0
249,0.0
250,0.0
251,0.0
252,0.0
253,0.0
254,0.0
255,0.0
256,0.0
257,0.0
258,0.0
259,0.0
260,0.0
261,0.0
262,0.0
263,0.0
264,0.0
265,0.0
266,0.0
267,0.0
268,0.0
269,0.0
270,0.0
271,0.0
272,0.0
273,0.0
274,0.0
275,0.0
276,0.0
277,0.0
278,0.0
279,0.0
280,0.0
281,0.0
282,0.0
283,0.0
284,0.0
285,0.0
286,0.0
287,0.0
288,0.0
289,0.0
290,0.0
291,0.0
292,0.0
293,0.0
294,0.0
295,0.0
296,0.0
297,0.0
298,0.0
299,0.0
300,0.0
301,0.0
302,0.0
303,0.0
304,0.0
305,0.0
306,0.0
307,0.0
308,0.0
309,0.0
310,0.0
311,0.0
312,0.0
313,0.0
314,0.0
315,0.0
316,0.0
317,0.0
318,0.0
319,0.0
320,0.0
321,0.0
322,0.0
323,0.0
324,0.0
325,0.0
326,0.0
327,0.0
328,0.0
329,0.0
330,0.0
331,0.0
332,0.0
333,0.0
334,0.0
335,0.0
336,0.0
337,0.0
338,0.0
339,0.0
340,0.0
341,0.0
342,0.0
343,0.0
344,0.0
345,0.0
346,0.0
347,0.0
348,0.0
349,0.0
350,0.0
351,0.0
352,0.0
353,0.0
354,0.0
355,0.0
356,0.0
357,0.0
358,0.0
359,0.0
360,0.0
361,0.0
362,0.0
363,0.0
364,0.0
365,0.0
366,0.0
367,0.0
368,0.0
369,0.0
370,0.0
371,0.0
372,0.0
373,0.0
374,0.0
375,0.0
376,0.0
377,0.0
378,0.0
379,0.0
380,0.0
381,0.0
382,0.0
383,0.0
384,0.0
385,0.0
386,0.0
387,0.0
388,0.0
389,0.0
390,0.0
391,0.0
392,0.0
393,0.0
394,0.0
395,0.0
396,0.0
397,0.0
398,0.0
399,0.0
400,0.0
401,0.0
402,0.0
403,0.0
404,0.0
405,0.0
406,0.0
407,0.0
408,0.0
409,0.0
410,0.0
411,0.0
412,0.0
413,0.0
414,0.0
415,0.0
416,0.0
417,0.0
418,0.0
419,0.0
420,0.0
421,0.0
422,0.0
423,0.0
424,0.0
425,0.0
426,0.0
427,0.0
428,0.0
429,0.0
430,0.0
431,0.0
432,0.0
433,0.0
434,0.0
435,0.0
436,0.0
437,0.0
438,0.0
439,0.0
440,0.0
441,0.0
442,0.0
443,0.0
444,0.0
445,0.0
446,0.0
447,0.0
448,0.0
449,0.0
450,0.0
451,0.0
452,0.0
453,0.0
454,0.0
455,0.0
456,0.0
457,0.0
458,0.0
459,0.0
460,0.0
461,0.0
462,0.0
463,0.0
464,0.0
465,0.0
466,0.0
467,0.0
468,0.0
469,0.0
470,0.0
471,0.0
472,0.0
473,0.0
474,0.0
475,0.0
476,0.0
477,0.0
478,0.0
479,0.0
480,0.0
481,0.0
482,0.0
483,0.0
484,0.0
485,0.0
486,0.0
487,0.0
488,0.0
489,0.0
490,0.0
491,0.0
492,0.0
493,0.0
494,0.0
495,0.0
496,0.0
497,0.0
498,0.0
499,0.0
500,0.0
501,0.0
502,0.0
503,0.0
504,0.0
505,0.0
506,0.0
507,0.0
508,0.0
509,0.0
510,0.0
511,0.0
512,0.0
513,0.0
514,0.0
515,0.0
516,0.0
517,0.0
518,0.0
519,0.0
520,0.0
521,0.0
522,0.0
523,0.0
524,0.0
525,0.0
526,0.0
527,0.0
528,0.0
529,0.0
530,0.0
531,0.0
532,0.0
533,0.0
534,0.0
535,0.0
536,0.0
537,0.0
538,0.0
539,0.0
540,0.0
541,0.0
542,0.0
543,0.0
544,0.0
545,0.0
546,0.0
547,0.0
548,0.0
549,0.0
550,0.0
551,0.0
552,0.0
553,0.0
554,0.0
555,0.0
556,0.0
557,0.0
558,0.0
559,0.0
560,0.0
561,0.0
562,0.0
563,0.0
564,0.0
565,0.0
566,0.0
567,0.0
568,0.0
569,0.0
570,0.0
571,0.0
572,0.0
573,0.0
574,0.0
575,0.0
576,0.0
577,0.0
578,0.0
579,0.0
580,0.0
581,0.0
582,0.0
583,0.0
584,0.0
585,0.0
586,0.0
587,0.0
588,0.0
589,0.0
590,0.0
591,0.0
592,0.0
593,0.0
594,0.0
595,0.0
596,0.0
597,0.0
598,0.0
599,0.0
600,0.0
601,0.0
602,0.0
603,0.0
604,0.0
605,0.0
606,0.0
607,0.0
608,0.0
609,0.0
610,0.0
611,0.0
612,0.0
613,0.0
614,0.0
615,0.0
616,0.0
617,0.0
618,0.0
619,0.0
620,0.0
621,0.0
622,0.0
623,0.0
624,0.0
625,0.0
626,0.0
627,0.0
628,0.0
629,0.0
630,0.0
631,0.0
632,0.0
633,0.0
634,0.0
635,0.0
636,0.0
637,0.0
638,0.0
639,0.0
640,0.0
641,0.0
642,0.0
643,0.0
644,0.0
645,0.0
646,0.0
647,0.0
648,0.0
649,0.0
650,0.0
651,0.0
652,0.0
653,0.0
654,0.0
655,0.0
656,0.0
657,0.0
658,0.0
659,0.0
660,0.0
661,0.0
662,0.0
663,0.0
664,0.0
665,0.0
666,0.0
667,0.0
668,0.0
669,0.0
670,0.0
671,0.0
672,0.0
673,0.0
674,0.0
675,0.0
676,0.0
677,0.0
678,0.0
679,0.0
680,0.0
681,0.0
682,0.0
683,0.0
684,0.0
685,0.0
686,0.0
687,0.0
688,0.0
689,0.0
690,0.0
691,0.0
692,0.0
693,0.0
694,0.0
695,0.0
696,0.0
697,0.0
698,0.0
699,0.0
700,0.0
701,0.0
702,0.0
703,0.0
704,0.0
705,0.0
706,0.0
707,0.0
708,0.0
709,0.0
710,0.0
711,0.0
712,0.0
713,0.0
714,0.0
715,0.0
716,0.0
717,0.0
718,0.0
719,0.0
720,0.0
721,0.0
722,0.0
723,0.0
724,0.0
725,0.0
726,0.0
727,0.0
728,0.0
729,0.0
730,0.0
731,0.0
732,0.0
733,0.0
734,0.0
735,0.0
736,0.0
737,0.0
738,0.0
739,0.0
740,0.0
741,0.0
742,0.0
743,0.0
744,0.0
745,0.0
746,0.0
747,0.0
748,0.0
749,0.0
750,0.0
751,0.0
752,0.0
753,0.0
754,0.0
755,0.0
756,0.0
757,0.0
758,0.0
759,0.0
760,0.0
761,0.0
762,0.0
763,0.0
764,0.0
765,0.0
766,0.0
767,0.0
768,0.0
769,0.0
770,0.0
771,0.0
772,0.0
773,0.0
774,0.0
775,0.0
776,0.0
777,0.0
778,0.0
779,0.0
780,0.0
781,0.0
782,0.0
783,0.0
784,0.0
785,0.0
786,0.0
787,0.0
788,0.0
789,0.0
790,0.0
791,0.0
792,0.0
793,0.0
794,0.0
795,0.0
796,0.0
797,0.0
798,0.0
799,0.0
800,0.0
801,0.0
802,0.0
803,0.0
804,0.0
805,0.0
806,0.0
807,0.0
808,0.0
809,0.0
810,0.0
811,0.0
812,0.0
813,0.0
814,0.0
815,0.0
816,0.0
817,0.0
818,0.0
819,0.0
820,0.0
821,0.0
822,0.0
823,0.0
824,0.0
825,0.0
826,0.0
827,0.0
828,0.0
829,0.0
830,0.0
831,0.0
832,0.0
833,0.0
834,0.0
835,0.0
836,0.0
837,0.0
838,0.0
839,0.0
840,0.0
841,0.0
842,0.0
843,0.0
844,0.0
845,0.0
846,0.0
847,0.0
848,0.0
849,0.0
850,0.0
851,0.0
852,0.0
853,0.0
854,0.0
855,0.0
856,0.0
857,0.0
858,0.0
859,0.0
860,0.0
861,0.0
862,0.0
863,0.0
864,0.0
865,0.0
866,0.0
867,0.0
868,0.0
869,0.0
870,0.0
871,0.0
872,0.0
873,0.0
874,0.0
875,0.0
876,0.0
877,0.0
878,0.0
879,0.0
880,0.0
881,0.0
882,0.0
883,0.0
884,0.0
885,0.0
886,0.0
887,0.0
888,0.0
889,0.0
890,0.0
891,0.0
892,0.0
893,0.0
894,0.0
895,0.0
896,0.0
897,0.0
898,0.0
899,0.0
900,0.0
901,0.0
902,0.0
903,0.0
904,0.0
905,0.0
906,0.0
907,0.0
908,0.0
909,0.0
910,0.0
911,0.0
912,0.0
913,0.0
914,0.0
915,0.0
916,0.0
917,0.0
918,0.0
919,0.0
920,0.0
921,0.0
922,0.0
923,0.0
924,0.0
925,0.0
926,0.0
927,0.0
928,0.0
929,0.0
930,0.0
931,0.0
932,0.0
933,0.0
934,0.0
935,0.0
936,0.0
937,0.0
938,0.0
939,0.0
940,0.0
941,0.0
942,0.0
943,0.0
944,0.0
945,0.0
946,0.0
947,0.0
948,0.0
949,0.0
950,0.0
951,0.0
952,0.0
953,0.0
954,0.0
955,0.0
956,0.0
957,0.0
958,0.0
959,0.0
960,0.0
961,0.0
962,0.0
963,0.0
964,0.0
965,0.0
966,0.0
967,0.0
968,0.0
969,0.0
970,0.0
971,0.0
972,0.0
973,0.0
974,0.0
975,0.0
976,0.0
977,0.0
978,0.0
979,0.0
980,0.0
981,0.0
982,0.0
983,0.0
984,0.0
985,0.0
986,0.0
987,0.0
988,0.0
989,0.0
990,0.0
991,0.0
992,0.0
993,0.0
994,0.0
995,0.0
996,0.0
997,0.0
998,0.0
999,0.0
1000,0.0
1001,0.0
1002,0.0
1003,0.0
1004,0.0
1005,0.0
1006,0.0
1007,0.0
1008,0.0
1009,0.0
1010,0.0
1011,0.0
1012,0.0
1013,0.0
1014,0.0
1015,0.0
1016,0.0
1017,0.0
1018,0.0
1019,0.0
1020,0.0
1021,0.0
1022,0.0
1023,0.0
1024,0.0
1025,0.0
1026,0.0
1027,0.0
1028,0.0
1029,0.0
1030,0.0
1031,0.0
1032,0.0
1033,0.0
1034,0.0
1035,0.0
1036,0.0
1037,0.0
1038,0.0
1039,0.0
1040,0.0
1041,0.0
1042,0.0
1043,0.0
1044,0.0
1045,0.0
1046,0.0
1047,0.0
1048,0.0
1049,0.0
1050,0.0
1051,0.0
1052,0.0
1053,0.0
1054,0.0
1055,0.0
1056,0.0
1057,0.0
1058,0.0
1059,0.0
1060,0.0
1061,0.0
1062,0.0
1063,0.0
1064,0.0
1065,0.0
1066,0.0
1067,0.0
1068,0.0
1069,0.0
1070,0.0
1071,0.0
1072,0.0
1073,0.0
1074,0.0
1075,0.0
1076,0.0
1077,0.0
1078,0.0
1079,0.0
1080,0.0
1081,0.0
1082,0.0
1083,0.0
1084,0.0
1085,0.0
1086,0.0
1087,0.0
1088,0.0
1089,0.0
1090,0.0
1091,0.0
1092,0.0
1093,0.0
1094,0.0
1095,0.0
1096,0.0
1097,0.0
1098,0.0
1099,0.0
1100,0.0
1101,0.0
1102,0.0
1103,0.0
1104,0.0
1105,0.0
1106,0.0
1107,0.0
1108,0.0
1109,0.0
1110,0.0
1111,0.0
1112,0.0
1113,0.0
1114,0.0
1115,0.0
1116,0.0
1117,0.0
1118,0.0
1119,0.0
1120,0.0
1121,0.0
1122,0.0
1123,0.0
1124,0.0
1125,0.0
1126,0.0
1127,0.0
1128,0.0
1129,0.0
1130,0.0
1131,0.0
1132,0.0
1133,0.0
1134,0.0
1135,0.0
1136,0.0
1137,0.0
1138,0.0
1139,0.0
1140,0.0
1141,0.0
1142,0.0
1143,0.0
1144,0.0
1145,0.0
1146,0.0
1147,0.0
1148,0.0
1149,0.0
1150,0.0
1151,0.0
1152,0.0
1153,0.0
1154,0.0
1155,0.0
1156,0.0
1157,0.0
1158,0.0
1159,0.0
1160,0.0
1161,0.0
1162,0.0
1163,0.0
1164,0.0
1165,0.0
1166,0.0
1167,0.0
1168,0.0
1169,0.0
1170,0.0
1171,0.0
1172,0.0
1173,0.0
1174,0.0
1175,0.0
1176,0.0
1177,0.0
1178,0.0
1179,0.0
1180,0.0
1181,0.0
1182,0.0
1183,0.0
1184,0.0
1185,0.0
1186,0.0
1187,0.0
1188,0.0
1189,0.0
1190,0.0
1191,0.0
1192,0.0
1193,0.0
1194,0.0
1195,0.0
1196,0.0
1197,0.0
1198,0.0
1199,0.0
1200,0.0
1201,0.0
1202,0.0
1203,0.0
1204,0.0
1205,0.0
1206,0.0
1207,0.0
1208,0.0
1209,0.0
1210,0.0
1211,0.0
1212,0.0
1213,0.0
1214,0.0
1215,0.0
1216,0.0
1217,0.0
1218,0.0
1219,0.0
1220,0.0
1221,0.0
1222,0.0
1223,0.0
1224,0.0
1225,0.0
1226,0.0
1227,0.0
1228,0.0
1229,0.0
1230,0.0
1231,0.0
1232,0.0
1233,0.0
1234,0.0
1235,0.0
1236,0.0
1237,0.0
1238,0.0
1239,0.0
1240,0.0
1241,0.0
1242,0.0
1243,0.0
1244,0.0
1245,0.0
1246,0.0
1247,0.0
1248,0.0
1249,0.0
1250,0.0
1251,0.0
1252,0.0
1253,0.0
1254,0.0
1255,0.0
1256,0.0
1257,0.0
1258,0.0
1259,0.0
1260,0.0
1261,0.0
1262,0.0
1263,0.0
1264,0.0
1265,0.0
1266,0.0
1267,0.0
1268,0.0
1269,0.0
1270,0.0
1271,0.0
1272,0.0
1273,0.0
1274,0.0
1275,0.0
1276,0.0
1277,0.0
1278,0.0
1279,0.0
1280,0.0
1281,0.0
1282,0.0
1283,0.0
1284,0.0
1285,0.0
1286,0.0
1287,0.0
1288,0.0
1289,0.0
1290,0.0
1291,0.0
1292,0.0
1293,0.0
1294,0.0
1295,0.0
1296,0.0
1297,0.0
1298,0.0
1299,0.0
1300,0.0
1301,0.0
1302,0.0
1303,0.0
1304,0.0
1305,0.0
1306,0.0
1307,0.0
1308,0.0
1309,0.0
1310,0.0
1311,0.0
1312,0.0
1313,0.0
1314,0.0
1315,0.0
1316,0.0
1317,0.0
1318,0.0
1319,0.0
1320,0.0
1321,0.0
1322,0.0
1323,0.0
1324,0.0
1325,0.0
1326,0.0
1327,0.0
1328,0.0
1329,0.0
1330,0.0
1331,0.0
1332,0.0
1333,0.0
1334,0.0
1335,0.0
1336,0.0
1337,0.0
1338,0.0
1339,0.0
1340,0.0
1341,0.0
1342,0.0
1343,0.0
1344,0.0
1345,0.0
1346,0.0
1347,0.0
1348,0.0
1349,0.0
1350,0.0
1351,0.0
1352,0.0
1353,0.0
1354,0.0
1355,0.0
1356,0.0
1357,0.0
1358,0.0
1359,0.0
1360,0.0
1361,0.0
1362,0.0
1363,0.0
1364,0.0
1365,0.0
1366,0.0
1367,0.0
1368,0.0
1369,0.0
1370,0.0
1371,0.0
1372,0.0
1373,0.0
1374,0.0
1375,0.0
1376,0.0
1377,0.0
1378,0.0
1379,0.0
1380,0.0
1381,0.0
1382,0.0
1383,0.0
1384,0.0
1385,0.0
1386,0.0
1387,0.0
1388,0.0
1389,0.0
1390,0.0
1391,0.0
1392,0.0
1393,0.0
1394,0.0
1395,0.0
1396,0.0
1397,0.0
1398,0.0
1399,0.0
1400,0.0
1401,0.0
1402,0.0
1403,0.0
1404,0.0
1405,0.0
1406,0.0
1407,0.0
1408,0.0
1409,0.0
1410,0.0
1411,0.0
1412,0.0
1413,0.0
1414,0.0
1415,0.0
1416,0.0
1417,0.0
1418,0.0
1419,0.0
1420,0.0
1421,0.0
1422,0.0
1423,0.0
1424,0.0
1425,0.0
1426,0.0
1427,0.0
1428,0.0
1429,0.0
1430,0.0
1431,0.0
1432,0.0
1433,0.0
1434,0.0
1435,0.0
1436,0.0
1437,0.0
1438,0.0
1439,0.0
1440,0.0
1441,0.0
1442,0.0
1443,0.0
1444,0.0
1445,0.0
1446,0.0
1447,0.0
1448,0.0
1449,0.0
1450,0.0
1451,0.0
1452,0.0
1453,0.0
1454,0.0
1455,0.0
1456,0.0
1457,0.0
1458,0.0
1459,0.0
1460,0.0
1461,0.0
1462,0.0
1463,0.0
1464,0.0
1465,0.0
1466,0.0
1467,0.0
1468,0.0
1469,0.0
1470,0.0
1471,0.0
1472,0.0
1473,0.0
1474,0.0
1475,0.0
1476,0.0
1477,0.0
1478,0.0
1479,0.0
1480,0.0
1481,0.0
1482,0.0
1483,0.0
1484,0.0
1485,0.0
1486,0.0
1487,0.0
1488,0.0
1489,0.0
1490,0.0
1491,0.0
1492,0.0
1493,0.0
1494,0.0
1495,0.0
1496,0.0
1497,0.0
1498,0.0
1499,0.0
1500,0.0
1501,0.0
1502,0.0
1503,0.0
1504,0.0
1505,0.0
1506,0.0
1507,0.0
1508,0.0
1509,0.0
1510,0.0
1511,0.0
1512,0.0
1513,0.0
1514,0.0
1515,0.0
1516,0.0
1517,0.0
1518,0.0
1519,0.0
1520,0.0
1521,0.0
1522,0.0
1523,0.0
1524,0.0
1525,0.0
1526,0.0
1527,0.0
1528,0.0
1529,0.0
1530,0.0
1531,0.0
1532,0.0
1533,0.0
1534,0.0
1535,0.0
1536,0.0
1537,0.0
1538,0.0
1539,0.0
1540,0.0
1541,0.0
1542,0.0
1543,0.0
1544,0.0
1545,0.0
1546,0.0
1547,0.0
1548,0.0
1549,0.0
1550,0.0
1551,0.0
1552,0.0
1553,0.0
1554,0.0
1555,0.0
1556,0.0
1557,0.0
1558,0.0
1559,0.0
1560,0.0
1561,0.0
1562,0.0
1563,0.0
1564,0.0
1565,0.0
1566,0.0
1567,0.0
1568,0.0
1569,0.0
1570,0.0
1571,0.0
1572,0.0
1573,0.0
1574,0.0
1575,0.0
1576,0.0
1577,0.0
1578,0.0
1579,0.0
1580,0.0
1581,0.0
1582,0.0
1583,0.0
1584,0.0
1585,0.0
1586,0.0
1587,0.0
1588,0.0
1589,0.0
1590,0.0
1591,0.0
1592,0.0
1593,0.0
1594,0.0
1595,0.0
1596,0.0
1597,0.0
1598,0.0
1599,0.0
1600,0.0
1601,0.0
1602,0.0
1603,0.0
1604,0.0
1605,0.0
1606,0.0
1607,0.0
1608,0.0
1609,0.0
1610,0.0
1611,0.0
1612,0.0
1613,0.0
1614,0.0
1615,0.0
1616,0.0
1617,0.0
1618,0.0
1619,0.0
1620,0.0
1621,0.0
1622,0.0
1623,0.0
1624,0.0
1625,0.0
1626,0.0
1627,0.0
1628,0.0
1629,0.0
1630,0.0
1631,0.0
1632,0.0
1633,0.0
1634,0.0
1635,0.0
1636,0.0
1637,0.0
1638,0.0
1639,0.0
1640,0.0
1641,0.0
1642,0.0
1643,0.0
1644,0.0
1645,0.0
1646,0.0
1647,0.0
1648,0.0
1649,0.0
1650,0.0
1651,0.0
1652,0.0
1653,0.0
1654,0.0
1655,0.0
1656,0.0
1657,0.0
1658,0.0
1659,0.0
1660,0.0
1661,0.0
1662,0.0
1663,0.0
1664,0.0
1665,0.0
1666,0.0
1667,0.0
1668,0.0
1669,0.0
1670,0.0
1671,0.0
1672,0.0
1673,0.0
1674,0.0
1675,0.0
1676,0.0
1677,0.0
1678,0.0
1679,0.0
1680,0.0
1681,0.0
1682,0.0
1683,0.0
1684,0.0
1685,0.0
1686,0.0
1687,0.0
1688,0.0
1689,0.0
1690,0.0
1691,0.0
1692,0.0
1693,0.0
1694,0.0
1695,0.0
1696,0.0
1697,0.0
1698,0.0
1699,0.0
1700,0.0
1701,0.0
1702,0.0
1703,0.0
1704,0.0
1705,0.0
1706,0.0
1707,0.0
1708,0.0
1709,0.0
1710,0.0
1711,0.0
1712,0.0
1713,0.0
1714,0.0
1715,0.0
1716,0.0
1717,0.0
1718,0.0
1719,0.0
1720,0.0
1721,0.0
1722,0.0
1723,0.0
1724,0.0
1725,0.0
1726,0.0
1727,0.0
1728,0.0
1729,0.0
1730,0.0
1731,0.0
1732,0.0
1733,0.0
1734,0.0
1735,0.0
1736,0.0
1737,0.0
1738,0.0
1739,0.0
1740,0.0
1741,0.0
1742,0.0
1743,0.0
1744,0.0
1745,0.0
1746,0.0
1747,0.0
1748,0.0
1749,0.0
1750,0.0
1751,0.0
1752,0.0
1753,0.0
1754,0.0
1755,0.0
1756,0.0
1757,0.0
1758,0.0
1759,0.0
1760,0.0
1761,0.0
1762,0.0
1763,0.0
1764,0.0
1765,0.0
1766,0.0
1767,0.0
1768,0.0
1769,0.0
1770,0.0
1771,0.0
1772,0.0
1773,0.0
1774,0.0
1775,0.0
1776,0.0
1777,0.0
1778,0.0
1779,0.0
1780,0.0
1781,0.0
1782,0.0
1783,0.0
1784,0.0
1785,0.0
1786,0.0
1787,0.0
1788,0.0
1789,0.0
1790,0.0
1791,0.0
1792,0.0
1793,0.0
1794,0.0
1795,0.0
1796,0.0
1797,0.0
1798,0.0
1799,0.0
1800,0.0
1801,0.0
1802,0.0
1803,0.0
1804,0.0
1805,0.0
1806,0.0
1807,0.0
1808,0.0
1809,0.0
1810,0.0
1811,0.0
1812,0.0
1813,0.0
1814,0.0
1815,0.0
1816,0.0
1817,0.0
1818,0.0
1819,0.0
1820,0.0
1821,0.0
1822,0.0
1823,0.0
1824,0.0
1825,0.0
1826,0.0
1827,0.0
1828,0.0
1829,0.0
1830,0.0
1831,0.0
1832,0.0
1833,0.0
1834,0.0
1835,0.0
1836,0.0
1837,0.0
1838,0.0
1839,0.0
1840,0.0
1841,0.0
1842,0.0
1843,0.0
1844,0.0
1845,0.0
1846,0.0
1847,0.0
1848,0.0
1849,0.0
1850,0.0
1851,0.0
1852,0.0
1853,0.0
1854,0.0
1855,0.0
1856,0.0
1857,0.0
1858,0.0
1859,0.0
1860,0.0
1861,0.0
1862,0.0
1863,0.0
1864,0.0
1865,0.0
1866,0.0
1867,0.0
1868,0.0
1869,0.0
1870,0.0
1871,0.0
1872,0.0
1873,0.0
1874,0.0
1875,0.0
1876,0.0
1877,0.0
1878,0.0
1879,0.0
1880,0.0
1881,0.0
1882,0.0
1883,0.0
1884,0.0
1885,0.0
1886,0.0
1887,0.0
1888,0.0
1889,0.0
1890,0.0
1891,0.0
1892,0.0
1893,0.0
1894,0.0
1895,0.0
1896,0.0
1897,0.0
1898,0.0
1899,0.0
1900,0.0
1901,0.0
1902,0.0
1903,0.0
1904,0.0
1905,0.0
1906,0.0
1907,0.0
1908,0.0
1909,0.0
1910,0.0
1911,0.0
1912,0.0
1913,0.0
1914,0.0
1915,0.0
1916,0.0
1917,0.0
1918,0.0
1919,0.0
1920,0.0
1921,0.0
1922,0.0
1923,0.0
1924,0.0
1925,0.0
1926,0.0
1927,0.0
1928,0.0
1929,0.0
1930,0.0
1931,0.0
1932,0.0
1933,0.0
1934,0.0
1935,0.0
1936,0.0
1937,0.0
1938,0.0
1939,0.0
1940,0.0
1941,0.0
1942,0.0
1943,0.0
1944,0.0
1945,0.0
1946,0.0
1947,0.0
1948,0.0
1949,0.0
1950,0.0
1951,0.0
1952,0.0
1953,0.0
1954,0.0
1955,0.0
1956,0.0
1957,0.0
1958,0.0
1959,0.0
1960,0.0
1961,0.0
1962,0.0
1963,0.0
1964,0.0
1965,0.0
1966,0.0
1967,0.0
1968,0.0
1969,0.0
1970,0.0
1971,0.0
1972,0.0
1973,0.0
1974,0.0
1975,0.0
1976,0.0
1977,0.0
1978,0.0
1979,0.0
1980,0.0
1981,0.0
1982,0.0
1983,0.0
1984,0.0
1985,0.0
1986,0.0
1987,0.0
1988,0.0
1989,0.0
1990,0.0
1991,0.0
1992,0.0
1993,0.0
1994,0.0
1995,0.0
1996,0.0
1997,0.0
1998,0.0
1999,0.0
2000,0.0
2001,0.0
2002,0.0
2003,0.0
2004,0.0
2005,0.0
2006,0.0
2007,0.0
2008,0.0
2009,0.0
2010,0.0
2011,0.0
2012,0.0
2013,0.0
2014,0.0
2015,0.0
2016,0.0
2017,0.0
2018,0.0
2019,0.0
2020,0.0
2021,0.0
2022,0.0
2023,0.0
2024,0.0
2025,0.0
2026,0.0
2027,0.0
2028,0.0
2029,0.0
2030,0.0
2031,0.0
2032,0.0
2033,0.0
2034,0.0
2035,0.0
2036,0.0
2037,0.0
2038,0.0
2039,0.0
2040,0.0
2041,0.0
2042,0.0
2043,0.0
2044,0.0
2045,0.0
2046,0.0
2047,0.0
2048,0.0
2049,0.0
2050,0.0
2051,0.0
2052,0.0
2053,0.0
2054,0.0
2055,0.0
2056,0.0
2057,0.0
2058,0.0
2059,0.0
2060,0.0
2061,0.0
2062,0.0
2063,0.0
2064,0.0
2065,0.0
2066,0.0
2067,0.0
2068,0.0
2069,0.0
2070,0.0
2071,0.0
2072,0.0
2073,0.0
2074,0.0
2075,0.0
2076,0.0
2077,0.0
2078,0.0
2079,0.0
2080,0.0
2081,0.0
2082,0.0
2083,0.0
2084,0.0
2085,0.0
2086,0.0
2087,0.0
2088,0.0
2089,0.0
2090,0.0
2091,0.0
2092,0.0
2093,0.0
2094,0.0
2095,0.0
2096,0.0
2097,0.0
2098,0.0
2099,0.0
2100,0.0
2101,0.0
2102,0.0
2103,0.0
2104,0.0
2105,0.0
2106,0.0
2107,0.0
2108,0.0
2109,0.0
2110,0.0
2111,0.0
2112,0.0
2113,0.0
2114,0.0
2115,0.0
2116,0.0
2117,0.0
2118,0.0
2119,0.0
2120,0.0
2121,0.0
2122,0.0
2123,0.0
2124,0.0
2125,0.0
2126,0.0
2127,0.0
2128,0.0
2129,0.0
2130,0.0
2131,0.0
2132,0.0
2133,0.0
2134,0.0
2135,0.0
2136,0.0
2137,0.0
2138,0.0
2139,0.0
2140,0.0
2141,0.0
2142,0.0
2143,0.0
2144,0.0
2145,0.0
2146,0.0
2147,0.0
2148,0.0
2149,0.0
2150,0.0
2151,0.0
2152,0.0
2153,0.0
2154,0.0
2155,0.0
2156,0.0
2157,0.0
2158,0.0
2159,0.0
2160,0.0
2161,0.0
2162,0.0
2163,0.0
2164,0.0
2165,0.0
2166,0.0
2167,0.0
2168,0.0
2169,0.0
2170,0.0
2171,0.0
2172,0.0
2173,0.0
2174,0.0
2175,0.0
2176,0.0
2177,0.0
2178,0.0
2179,0.0
2180,0.0
2181,0.0
2182,0.0
2183,0.0
2184,0.0
2185,0.0
2186,0.0
2187,0.0
2188,0.0
2189,0.0
2190,0.0
2191,0.0
2192,0.0
2193,0.0
2194,0.0
2195,0.0
2196,0.0
2197,0.0
2198,0.0
2199,0.0
2200,0.0
2201,0.0
2202,0.0
2203,0.0
2204,0.0
2205,0.0
2206,0.0
2207,0.0
2208,0.0
2209,0.0
2210,0.0
2211,0.0
2212,0.0
2213,0.0
2214,0.0
2215,0.0
2216,0.0
2217,0.0
2218,0.0
2219,0.0
2220,0.0
2221,0.0
2222,0.0
2223,0.0
2224,0.0
2225,0.0
2226,0.0
2227,0.0
2228,0.0
2229,0.0
2230,0.0
2231,0.0
2232,0.0
2233,0.0
2234,0.0
2235,0.0
2236,0.0
2237,0.0
2238,0.0
2239,0.0
2240,0.0
2241,0.0
2242,0.0
2243,0.0
2244,0.0
2245,0.0
2246,0.0
2247,0.0
2248,0.0
2249,0.0
2250,0.0
2251,0.0
2252,0.0
2253,0.0
2254,0.0
2255,0.0
2256,0.0
2257,0.0
2258,0.0
2259,0.0
2260,0.0
2261,0.0
2262,0.0
2263,0.0
2264,0.0
2265,0.0
2266,0.0
2267,0.0
2268,0.0
2269,0.0
2270,0.0
2271,0.0
2272,0.0
2273,0.0
2274,0.0
2275,0.0
2276,0.0
2277,0.0
2278,0.0
2279,0.0
2280,0.0
2281,0.0
2282,0.0
2283,0.0
2284,0.0
2285,0.0
2286,0.0
2287,0.0
2288,0.0
2289,0.0
2290,0.0
2291,0.0
2292,0.0
2293,0.0
2294,0.0
2295,0.0
2296,0.0
2297,0.0
2298,0.0
2299,0.0
2300,0.0
2301,0.0
2302,0.0
2303,0.0
2304,0.0
2305,0.0
2306,0.0
2307,0.0
2308,0.0
2309,0.0
2310,0.0
2311,0.0
2312,0.0
2313,0.0
2314,0.0
2315,0.0
2316,0.0
2317,0.0
2318,0.0
2319,0.0
2320,0.0
2321,0.0
2322,0.0
2323,0.0
2324,0.0
2325,0.0
2326,0.0
2327,0.0
2328,0.0
2329,0.0
2330,0.0
2331,0.0
2332,0.0
2333,0.0
2334,0.0
2335,0.0
2336,0.0
2337,0.0
2338,0.0
2339,0.0
2340,0.0
2341,0.0
2342,0.0
2343,0.0
2344,0.0
2345,0.0
2346,0.0
2347,0.0
2348,0.0
2349,0.0
2350,0.0
2351,0.0
2352,0.0
2353,0.0
2354,0.0
2355,0.0
2356,0.0
2357,0.0
2358,0.0
2359,0.0
2360,0.0
2361,0.0
2362,0.0
2363,0.0
2364,0.0
2365,0.0
2366,0.0
2367,0.0
2368,0.0
2369,0.0
2370,0.0
2371,0.0
2372,0.0
2373,0.0
2374,0.0
2375,0.0
2376,0.0
2377,0.0
2378,0.0
2379,0.0
2380,0.0
2381,0.0
2382,0.0
2383,0.0
2384,0.0
2385,0.0
2386,0.0
2387,0.0
2388,0.0
2389,0.0
2390,0.0
2391,0.0
2392,0.0
2393,0.0
2394,0.0
2395,0.0
2396,0.0
2397,0.0
2398,0.0
2399,0.0
2400,0.0
2401,0.0
2402,0.0
2403,0.0
2404,0.0
2405,0.0
2406,0.0
2407,0.0
2408,0.0
2409,0.0
2410,0.0
2411,0.0
2412,0.0
2413,0.0
2414,0.0
2415,0.0
2416,0.0
2417,0.0
2418,0.0
2419,0.0
2420,0.0
2421,0.0
2422,0.0
2423,0.0
2424,0.0
2425,0.0
2426,0.0
2427,0.0
2428,0.0
2429,0.0
2430,0.0
2431,0.0
2432,0.0
2433,0.0
2434,0.0
2435,0.0
2436,0.0
2437,0.0
2438,0.0
2439,0.0
2440,0.0
2441,0.0
2442,0.0
2443,0.0
2444,0.0
2445,0.0
2446,0.0
2447,0.0
2448,0.0
2449,0.0
2450,0.0
2451,0.0
2452,0.0
2453,0.0
2454,0.0
2455,0.0
2456,0.0
2457,0.0
2458,0.0
2459,0.0
2460,0.0
2461,0.0
2462,0.0
2463,0.0
2464,0.0
2465,0.0
2466,0.0
2467,0.0
2468,0.0
2469,0.0
2470,0.0
2471,0.0
2472,0.0
2473,0.0
2474,0.0
2475,0.0
2476,0.0
2477,0.0
2478,0.0
2479,0.0
2480,0.0
2481,0.0
2482,0.0
2483,0.0
2484,0.0
2485,0.0
2486,0.0
2487,0.0
2488,0.0
2489,0.0
2490,0.0
2491,0.0
2492,0.0
2493,0.0
2494,0.0
2495,0.0
2496,0.0
2497,0.0
2498,0.0
2499,0.0
2500,0.0
2501,0.0
2502,0.0
2503,0.0
2504,0.0
2505,0.0
2506,0.0
2507,0.0
2508,0.0
2509,0.0
2510,0.0
2511,0.0
2512,0.0
2513,0.0
2514,0.0
2515,0.0
2516,0.0
2517,0.0
2518,0.0
2519,0.0
2520,0.0
2521,0.0
2522,0.0
2523,0.0
2524,0.0
2525,0.0
2526,0.0
2527,0.0
2528,0.0
2529,0.0
2530,0.0
2531,0.0
2532,0.0
2533,0.0
2534,0.0
2535,0.0
2536,0.0
2537,0.0
2538,0.0
2539,0.0
2540,0.0
2541,0.0
2542,0.0
2543,0.0
2544,0.0
2545,0.0
2546,0.0
2547,0.0
2548,0.0
2549,0.0
2550,0.0
2551,0.0
2552,0.0
2553,0.0
2554,0.0
2555,0.0
2556,0.0
2557,0.0
2558,0.0
2559,0.0
2560,0.0
2561,0.0
2562,0.0
2563,0.0
2564,0.0
2565,0.0
2566,0.0
2567,0.0
2568,0.0
2569,0.0
2570,0.0
2571,0.0
2572,0.0
2573,0.0
2574,0.0
2575,0.0
2576,0.0
2577,0.0
2578,0.0
2579,0.0
2580,0.0
2581,0.0
2582,0.0
2583,0.0
2584,0.0
2585,0.0
2586,0.0
2587,0.0
2588,0.0
2589,0.0
2590,0.0
2591,0.0
2592,0.0
2593,0.0
2594,0.0
2595,0.0
2596,0.0
2597,0.0
2598,0.0
2599,0.0
2600,0.0
2601,0.0
2602,0.0
2603,0.0
2604,0.0
2605,0.0
2606,0.0
2607,0.0
2608,0.0
2609,0.0
2610,0.0
2611,0.0
2612,0.0
2613,0.0
2614,0.0
2615,0.0
2616,0.0
2617,0.0
2618,0.0
2619,0.0
2620,0.0
2621,0.0
2622,0.0
2623,0.0
2624,0.0
2625,0.0
2626,0.0
2627,0.0
2628,0.0
2629,0.0
2630,0.0
2631,0.0
2632,0.0
2633,0.0
2634,0.0
2635,0.0
2636,0.0
2637,0.0
2638,0.0
2639,0.0
2640,0.0
2641,0.0
2642,0.0
2643,0.0
2644,0.0
2645,0.0
2646,0.0
2647,0.0
2648,0.0
2649,0.0
2650,0.0
2651,0.0
2652,0.0
2653,0.0
2654,0.0
2655,0.0
2656,0.0
2657,0.0
2658,0.0
2659,0.0
2660,0.0
2661,0.0
2662,0.0
2663,0.0
2664,0.0
2665,0.0
2666,0.0
2667,0.0
2668,0.0
2669,0.0
2670,0.0
2671,0.0
2672,0.0
2673,0.0
2674,0.0
2675,0.0
2676,0.0
2677,0.0
2678,0.0
2679,0.0
2680,0.0
2681,0.0
2682,0.0
2683,0.0
2684,0.0
2685,0.0
2686,0.0
2687,0.0
2688,0.0
2689,0.0
2690,0.0
2691,0.0
2692,0.0
2693,0.0
2694,0.0
2695,0.0
2696,0.0
2697,0.0
2698,0.0
2699,0.0
2700,0.0
2701,0.0
2702,0.0
2703,0.0
2704,0.0
2705,0.0
2706,0.0
2707,0.0
2708,0.0
2709,0.0
2710,0.0
2711,0.0
2712,0.0
2713,0.0
2714,0.0
2715,0.0
2716,0.0
2717,0.0
2718,0.0
2719,0.0
2720,0.0
2721,0.0
2722,0.0
2723,0.0
2724,0.0
2725,0.0
2726,0.0
2727,0.0
2728,0.0
2729,0.0
2730,0.0
2731,0.0
2732,0.0
2733,0.0
2734,0.0
2735,0.0
2736,0.0
2737,0.0
2738,0.0
2739,0.0
2740,0.0
2741,0.0
2742,0.0
2743,0.0
2744,0.0
2745,0.0
2746,0.0
2747,0.0
2748,0.0
2749,0.0
2750,0.0
2751,0.0
2752,0.0
2753,0.0
2754,0.0
2755,0.0
2756,0.0
2757,0.0
2758,0.0
2759,0.0
2760,0.0
2761,0.0
2762,0.0
2763,0.0
2764,0.0
2765,0.0
2766,0.0
2767,0.0
2768,0.0
2769,0.0
2770,0.0
2771,0.0
2772,0.0
2773,0.0
2774,0.0
2775,0.0
2776,0.0
2777,0.0
2778,0.0
2779,0.0
2780,0.0
2781,0.0
2782,0.0
2783,0.0
2784,0.0
2785,0.0
2786,0.0
2787,0.0
2788,0.0
2789,0.0
2790,0.0
2791,0.0
2792,0.0
2793,0.0
2794,0.0
2795,0.0
2796,0.0
2797,0.0
2798,0.0
2799,0.0
2800,0.0
2801,0.0
2802,0.0
2803,0.0
2804,0.0
2805,0.0
2806,0.0
2807,0.0
2808,0.0
2809,0.0
2810,0.0
2811,0.0
2812,0.0
2813,0.0
2814,0.0
2815,0.0
2816,0.0
2817,0.0
2818,0.0
2819,0.0
2820,0.0
2821,0.0
2822,0.0
2823,0.0
2824,0.0
2825,0.0
2826,0.0
2827,0.0
2828,0.0
2829,0.0
2830,0.0
2831,0.0
2832,0.0
2833,0.0
2834,0.0
2835,0.0
2836,0.0
2837,0.0
2838,0.0
2839,0.0
2840,0.0
2841,0.0
2842,0.0
2843,0.0
2844,0.0
2845,0.0
2846,0.0
2847,0.0
2848,0.0
2849,0.0
2850,0.0
2851,0.0
2852,0.0
2853,0.0
2854,0.0
2855,0.0
2856,0.0
2857,0.0
2858,0.0
2859,0.0
2860,0.0
2861,0.0
2862,0.0
2863,0.0
2864,0.0
2865,0.0
2866,0.0
2867,0.0
2868,0.0
2869,0.0
2870,0.0
2871,0.0
2872,0.0
2873,0.0
2874,0.0
2875,0.0
2876,0.0
2877,0.0
2878,0.0
2879,0.0
2880,0.0
2881,0.0
2882,0.0
2883,0.0
2884,0.0
2885,0.0
2886,0.0
2887,0.0
2888,0.0
2889,0.0
2890,0.0
2891,0.0
2892,0.0
2893,0.0
2894,0.0
2895,0.0
2896,0.0
2897,0.0
2898,0.0
2899,0.0
2900,0.0
2901,0.0
2902,0.0
2903,0.0
2904,0.0
2905,0.0
2906,0.0
2907,0.0
2908,0.0
2909,0.0
2910,0.0
2911,0.0
2912,0.0
2913,0.0
2914,0.0
2915,0.0
2916,0.0
2917,0.0
2918,0.0
2919,0.0
2920,0.0
2921,0.0
2922,0.0
2923,0.0
2924,0.0
2925,0.0
2926,0.0
2927,0.0
2928,0.0
2929,0.0
2930,0.0
2931,0.0
2932,0.0
2933,0.0
2934,0.0
2935,0.0
2936,0.0
2937,0.0
2938,0.0
2939,0.0
2940,0.0
2941,0.0
2942,0.0
2943,0.0
2944,0.0
2945,0.0
2946,0.0
2947,0.0
2948,0.0
2949,0.0
2950,0.0
2951,0.0
2952,0.0
2953,0.0
2954,0.0
2955,0.0
2956,0.0
2957,0.0
2958,0.0
2959,0.0
2960,0.0
2961,0.0
2962,0.0
2963,0.0
2964,0.0
2965,0.0
2966,0.0
2967,0.0
2968,0.0
2969,0.0
2970,0.0
2971,0.0
2972,0.0
2973,0.0
2974,0.0
2975,0.0
2976,0.0
2977,0.0
2978,0.0
2979,0.0
2980,0.0
2981,0.0
2982,0.0
2983,0.0
2984,0.0
2985,0.0
2986,0.0
2987,0.0
2988,0.0
2989,0.0
2990,0.0
2991,0.0
2992,0.0
2993,0.0
2994,0.0
2995,0.0
2996,0.0
2997,0.0
2998,0.0
2999,0.0
3000,0.0
3001,0.0
3002,0.0
3003,0.0
3004,0.0
3005,0.0
3006,0.0
3007,0.0
3008,0.0
3009,0.0
3010,0.0
3011,0.0
3012,0.0
3013,0.0
3014,0.0
3015,0.0
3016,0.0
3017,0.0
3018,0.0
3019,0.0
3020,0.0
3021,0.0
3022,0.0
3023,0.0
3024,0.0
3025,0.0
3026,0.0
3027,0.0
3028,0.0
3029,0.0
3030,0.0
3031,0.0
3032,0.0
3033,0.0
3034,0.0
3035,0.0
3036,0.0
3037,0.0
3038,0.0
3039,0.0
3040,0.0
3041,0.0
3042,0.0
3043,0.0
3044,0.0
3045,0.0
3046,0.0
3047,0.0
3048,0.0
3049,0.0
3050,0.0
3051,0.0
3052,0.0
3053,0.0
3054,0.0
3055,0.0
3056,0.0
3057,0.0
3058,0.0
3059,0.0
3060,0.0
3061,0.0
3062,0.0
3063,0.0
3064,0.0
3065,0.0
3066,0.0
3067,0.0
3068,0.0
3069,0.0
3070,0.0
3071,0.0
3072,0.0
3073,0.0
3074,0.0
3075,0.0
3076,0.0
3077,0.0
3078,0.0
3079,0.0
3080,0.0
3081,0.0
3082,0.0
3083,0.0
3084,0.0
3085,0.0
3086,0.0
3087,0.0
3088,0.0
3089,0.0
3090,0.0
3091,0.0
3092,0.0
3093,0.0
3094,0.0
3095,0.0
3096,0.0
3097,0.0
3098,0.0
3099,0.0
3100,0.0
3101,0.0
3102,0.0
3103,0.0
3104,0.0
3105,0.0
3106,0.0
3107,0.0
3108,0.0
3109,0.0
3110,0.0
3111,0.0
3112,0.0
3113,0.0
3114,0.0
3115,0.0
3116,0.0
3117,0.0
3118,0.0
3119,0.0
3120,0.0
3121,0.0
3122,0.0
3123,0.0
3124,0.0
3125,0.0
3126,0.0
3127,0.0
3128,0.0
3129,0.0
3130,0.0
3131,0.0
3132,0.0
3133,0.0
3134,0.0
3135,0.0
3136,0.0
3137,0.0
3138,0.0
3139,0.0
3140,0.0
3141,0.0
3142,0.0
3143,0.0
3144,0.0
3145,0.0
3146,0.0
3147,0.0
3148,0.0
3149,0.0
3150,0.0
3151,0.0
3152,0.0
3153,0.0
3154,0.0
3155,0.0
3156,0.0
3157,0.0
3158,0.0
3159,0.0
3160,0.0
3161,0.0
3162,0.0
3163,0.0
3164,0.0
3165,0.0
3166,0.0
3167,0.0
3168,0.0
3169,0.0
3170,0.0
3171,0.0
3172,0.0
3173,0.0
3174,0.0
3175,0.0
3176,0.0
3177,0.0
3178,0.0
3179,0.0
3180,0.0
3181,0.0
3182,0.0
3183,0.0
3184,0.0
3185,0.0
3186,0.0
3187,0.0
3188,0.0
3189,0.0
3190,0.0
3191,0.0
3192,0.0
3193,0.0
3194,0.0
3195,0.0
3196,0.0
3197,0.0
3198,0.0
3199,0.0
3200,0.0
3201,0.0
3202,0.0
3203,0.0
3204,0.0
3205,0.0
3206,0.0
3207,0.0
3208,0.0
3209,0.0
3210,0.0
3211,0.0
3212,0.0
3213,0.0
3214,0.0
3215,0.0
3216,0.0
3217,0.0
3218,0.0
3219,0.0
3220,0.0
3221,0.0
3222,0.0
3223,0.0
3224,0.0
3225,0.0
3226,0.0
3227,0.0
3228,0.0
3229,0.0
3230,0.0
3231,0.0
3232,0.0
3233,0.0
3234,0.0
3235,0.0
3236,0.0
3237,0.0
3238,0.0
3239,0.0
3240,0.0
3241,0.0
3242,0.0
3243,0.0
3244,0.0
3245,0.0
3246,0.0
3247,0.0
3248,0.0
3249,0.0
3250,0.0
3251,0.0
3252,0.0
3253,0.0
3254,0.0
3255,0.0
3256,0.0
3257,0.0
3258,0.0
3259,0.0
3260,0.0
3261,0.0
3262,0.0
3263,0.0
3264,0.0
3265,0.0
3266,0.0
3267,0.0
3268,0.0
3269,0.0
3270,0.0
3271,0.0
3272,0.0
3273,0.0
3274,0.0
3275,0.0
3276,0.0
3277,0.0
3278,0.0
3279,0.0
3280,0.0
3281,0.0
3282,0.0
3283,0.0
3284,0.0
3285,0.0
3286,0.0
3287,0.0
3288,0.0
3289,0.0
3290,0.0
3291,0.0
3292,0.0
3293,0.0
3294,0.0
3295,0.0
3296,0.0
3297,0.0
3298,0.0
3299,0.0
3300,0.0
3301,0.0
3302,0.0
3303,0.0
3304,0.0
3305,0.0
3306,0.0
3307,0.0
3308,0.0
3309,0.0
3310,0.0
3311,0.0
3312,0.0
3313,0.0
3314,0.0
3315,0.0
3316,0.0
3317,0.0
3318,0.0
3319,0.0
3320,0.0
3321,0.0
3322,0.0
3323,0.0
3324,0.0
3325,0.0
3326,0.0
3327,0.0
3328,0.0
3329,0.0
3330,0.0
3331,0.0
3332,0.0
3333,0.0
3334,0.0
3335,0.0
3336,0.0
3337,0.0
3338,0.0
3339,0.0
3340,0.0
3341,0.0
3342,0.0
3343,0.0
3344,0.0
3345,0.0
3346,0.0
3347,0.0
3348,0.0
3349,0.0
3350,0.0
3351,0.0
3352,0.0
3353,0.0
3354,0.0
3355,0.0
3356,0.0
3357,0.0
3358,0.0
3359,0.0
3360,0.0
3361,0.0
3362,0.0
3363,0.0
3364,0.0
3365,0.0
3366,0.0
3367,0.0
3368,0.0
3369,0.0
3370,0.0
3371,0.0
3372,0.0
3373,0.0
3374,0.0
3375,0.0
3376,0.0
3377,0.0
3378,0.0
3379,0.0
3380,0.0
3381,0.0
3382,0.0
3383,0.0
3384,0.0
3385,0.0
3386,0.0
3387,0.0
3388,0.0
3389,0.0
3390,0.0
3391,0.0
3392,0.0
3393,0.0
3394,0.0
3395,0.0
3396,0.0
3397,0.0
3398,0.0
3399,0.0
3400,0.0
3401,0.0
3402,0.0
3403,0.0
3404,0.0
3405,0.0
3406,0.0
3407,0.0
3408,0.0
3409,0.0
3410,0.0
3411,0.0
3412,0.0
3413,0.0
3414,0.0
3415,0.0
3416,0.0
3417,0.0
3418,0.0
3419,0.0
3420,0.0
3421,0.0
3422,0.0
3423,0.0
3424,0.0
3425,0.0
3426,0.0
3427,0.0
3428,0.0
3429,0.0
3430,0.0
3431,0.0
3432,0.0
3433,0.0
3434,0.0
3435,0.0
3436,0.0
3437,0.0
3438,0.0
3439,0.0
3440,0.0
3441,0.0
3442,0.0
3443,0.0
3444,0.0
3445,0.0
3446,0.0
3447,0.0
3448,0.0
3449,0.0
3450,0.0
3451,0.0
3452,0.0
3453,0.0
3454,0.0
3455,0.0
3456,0.0
3457,0.0
3458,0.0
3459,0.0
3460,0.0
3461,0.0
3462,0.0
3463,0.0
3464,0.0
3465,0.0
3466,0.0
3467,0.0
3468,0.0
3469,0.0
3470,0.0
3471,0.0
3472,0.0
3473,0.0
3474,0.0
3475,0.0
3476,0.0
3477,0.0
3478,0.0
3479,0.0
3480,0.0
3481,0.0
3482,0.0
3483,0.0
3484,0.0
3485,0.0
3486,0.0
3487,0.0
3488,0.0
3489,0.0
3490,0.0
3491,0.0
3492,0.0
3493,0.0
3494,0.0
3495,0.0
3496,0.0
3497,0.0
3498,0.0
3499,0.0
3500,0.0
3501,0.0
3502,0.0
3503,0.0
3504,0.0
3505,0.0
3506,0.0
3507,0.0
3508,0.0
3509,0.0
3510,0.0
3511,0.0
3512,0.0
3513,0.0
3514,0.0
3515,0.0
3516,0.0
3517,0.0
3518,0.0
3519,0.0
3520,0.0
3521,0.0
3522,0.0
3523,0.0
3524,0.0
3525,0.0
3526,0.0
3527,0.0
3528,0.0
3529,0.0
3530,0.0
3531,0.0
3532,0.0
3533,0.0
3534,0.0
3535,0.0
3536,0.0
3537,0.0
3538,0.0
3539,0.0
3540,0.0
3541,0.0
3542,0.0
3543,0.0
3544,0.0
3545,0.0
3546,0.0
3547,0.0
3548,0.0
3549,0.0
3550,0.0
3551,0.0
3552,0.0
3553,0.0
3554,0.0
3555,0.0
3556,0.0
3557,0.0
3558,0.0
3559,0.0
3560,0.0
3561,0.0
3562,0.0
3563,0.0
3564,0.0
3565,0.0
3566,0.0
3567,0.0
3568,0.0
3569,0.0
3570,0.0
3571,0.0
3572,0.0
3573,0.0
3574,0.0
3575,0.0
3576,0.0
3577,0.0
3578,0.0
3579,0.0
3580,0.0
3581,0.0
3582,0.0
3583,0.0
3584,0.0
3585,0.0
3586,0.0
3587,0.0
3588,0.0
3589,0.0
3590,0.0
3591,0.0
3592,0.0
3593,0.0
3594,0.0
3595,0.0
3596,0.0
3597,0.0
3598,0.0
3599,0.0
3600,0.0
3601,0.0
3602,0.0
3603,0.0
3604,0.0
3605,0.0
3606,0.0
3607,0.0
3608,0.0
3609,0.0
3610,0.0
3611,0.0
3612,0.0
3613,0.0
3614,0.0
3615,0.0
3616,0.0
3617,0.0
3618,0.0
3619,0.0
3620,0.0
3621,0.0
3622,0.0
3623,0.0
3624,0.0
3625,0.0
3626,0.0
3627,0.0
3628,0.0
3629,0.0
3630,0.0
3631,0.0
3632,0.0
3633,0.0
3634,0.0
3635,0.0
3636,0.0
3637,0.0
3638,0.0
3639,0.0
3640,0.0
3641,0.0
3642,0.0
3643,0.0
3644,0.0
3645,0.0
3646,0.0
3647,0.0
3648,0.0
3649,0.0
3650,0.0
3651,0.0
3652,0.0
3653,0.0
3654,0.0
3655,0.0
3656,0.0
3657,0.0
3658,0.0
3659,0.0
3660,0.0
3661,0.0
3662,0.0
3663,0.0
3664,0.0
3665,0.0
3666,0.0
3667,0.0
3668,0.0
3669,0.0
3670,0.0
3671,0.0
3672,0.0
3673,0.0
3674,0.0
3675,0.0
3676,0.0
3677,0.0
3678,0.0
3679,0.0
3680,0.0
3681,0.0
3682,0.0
3683,0.0
3684,0.0
3685,0.0
3686,0.0
3687,0.0
3688,0.0
3689,0.0
3690,0.0
3691,0.0
3692,0.0
3693,0.0
3694,0.0
3695,0.0
3696,0.0
3697,0.0
3698,0.0
3699,0.0
3700,0.0
3701,0.0
3702,0.0
3703,0.0
3704,0.0
3705,0.0
3706,0.0
3707,0.0
3708,0.0
3709,0.0
3710,0.0
3711,0.0
3712,0.0
3713,0.0
3714,0.0
3715,0.0
3716,0.0
3717,0.0
3718,0.0
3719,0.0
3720,0.0
3721,0.0
3722,0.0
3723,0.0
3724,0.0
3725,0.0
3726,0.0
3727,0.0
3728,0.0
3729,0.0
3730,0.0
3731,0.0
3732,0.0
3733,0.0
3734,0.0
3735,0.0
3736,0.0
3737,0.0
3738,0.0
3739,0.0
3740,0.0
3741,0.0
3742,0.0
3743,0.0
3744,0.0
3745,0.0
3746,0.0
3747,0.0
3748,0.0
3749,0.0
3750,0.0
3751,0.0
3752,0.0
3753,0.0
3754,0.0
3755,0.0
3756,0.0
3757,0.0
3758,0.0
3759,0.0
3760,0.0
3761,0.0
3762,0.0
3763,0.0
3764,0.0
3765,0.0
3766,0.0
3767,0.0
3768,0.0
3769,0.0
3770,0.0
3771,0.0
3772,0.0
3773,0.0
3774,0.0
3775,0.0
3776,0.0
3777,0.0
3778,0.0
3779,0.0
3780,0.0
3781,0.0
3782,0.0
3783,0.0
3784,0.0
3785,0.0
3786,0.0
3787,0.0
3788,0.0
3789,0.0
3790,0.0
3791,0.0
3792,0.0
3793,0.0
3794,0.0
3795,0.0
3796,0.0
3797,0.0
3798,0.0
3799,0.0
3800,0.0
3801,0.0
3802,0.0
3803,0.0
3804,0.0
3805,0.0
3806,0.0
3807,0.0
3808,0.0
3809,0.0
3810,0.0
3811,0.0
3812,0.0
3813,0.0
3814,0.0
3815,0.0
3816,0.0
3817,0.0
3818,0.0
3819,0.0
3820,0.0
3821,0.0
3822,0.0
3823,0.0
3824,0.0
3825,0.0
3826,0.0
3827,0.0
3828,0.0
3829,0.0
3830,0.0
3831,0.0
3832,0.0
3833,0.0
3834,0.0
3835,0.0
3836,0.0
3837,0.0
3838,0.0
3839,0.0
3840,0.0
3841,0.0
3842,0.0
3843,0.0
3844,0.0
3845,0.0
3846,0.0
3847,0.0
3848,0.0
3849,0.0
3850,0.0
3851,0.0
3852,0.0
3853,0.0
3854,0.0
3855,0.0
3856,0.0
3857,0.0
3858,0.0
3859,0.0
3860,0.0
3861,0.0
3862,0.0
3863,0.0
3864,0.0
3865,0.0
3866,0.0
3867,0.0
3868,0.0
3869,0.0
3870,0.0
3871,0.0
3872,0.0
3873,0.0
3874,0.0
3875,0.0
3876,0.0
3877,0.0
3878,0.0
3879,0.0
3880,0.0
3881,0.0
3882,0.0
3883,0.0
3884,0.0
3885,0.0
3886,0.0
3887,0.0
3888,0.0
3889,0.0
3890,0.0
3891,0.0
3892,0.0
3893,0.0
3894,0.0
3895,0.0
3896,0.0
3897,0.0
3898,0.0
3899,0.0
3900,0.0
3901,0.0
3902,0.0
3903,0.0
3904,0.0
3905,0.0
3906,0.0
3907,0.0
3908,0.0
3909,0.0
3910,0.0
3911,0.0
3912,0.0
3913,0.0
3914,0.0
3915,0.0
3916,0.0
3917,0.0
3918,0.0
3919,0.0
3920,0.0
3921,0.0
3922,0.0
3923,0.0
3924,0.0
3925,0.0
3926,0.0
3927,0.0
3928,0.0
3929,0.0
3930,0.0
3931,0.0
3932,0.0
3933,0.0
3934,0.0
3935,0.0
3936,0.0
3937,0.0
3938,0.0
3939,0.0
3940,0.0
3941,0.0
3942,0.0
3943,0.0
3944,0.0
3945,0.0
3946,0.0
3947,0.0
3948,0.0
3949,0.0
3950,0.0
3951,0.0
3952,0.0
3953,0.0
3954,0.0
3955,0.0
3956,0.0
3957,0.0
3958,0.0
3959,0.0
3960,0.0
3961,0.0
3962,0.0
3963,0.0
3964,0.0
3965,0.0
3966,0.0
3967,0.0
3968,0.0
3969,0.0
3970,0.0
3971,0.0
3972,0.0
3973,0.0
3974,0.0
3975,0.0
3976,0.0
3977,0.0
3978,0.0
3979,0.0
3980,0.0
3981,0.0
3982,0.0
3983,0.0
3984,0.0
3985,0.0
3986,0.0
3987,0.0
3988,0.0
3989,0.0
3990,0.0
3991,0.0
3992,0.0
3993,0.0
3994,0.0
3995,0.0
3996,0.0
3997,0.0
3998,0.0
3999,0.0
4000,0.0
4001,0.0
4002,0.0
4003,0.0
4004,0.0
4005,0.0
4006,0.0
4007,0.0
4008,0.0
4009,0.0
4010,0.0
4011,0.0
4012,0.0
4013,0.0
4014,0.0
4015,0.0
4016,0.0
4017,0.0
4018,0.0
4019,0.0
4020,0.0
4021,0.0
4022,0.0
4023,0.0
4024,0.0
4025,0.0
4026,0.0
4027,0.0
4028,0.0
4029,0.0
4030,0.0
4031,0.0
4032,0.0
4033,0.0
4034,0.0
4035,0.0
4036,0.0
4037,0.0
4038,0.0
4039,0.0
4040,0.0
4041,0.0
4042,0.0
4043,0.0
4044,0.0
4045,0.0
4046,0.0
4047,0.0
4048,0.0
4049,0.0
4050,0.0
4051,0.0
4052,0.0
4053,0.0
4054,0.0
4055,0.0
4056,0.0
4057,0.0
4058,0.0
4059,0.0
4060,0.0
4061,0.0
4062,0.0
4063,0.0
4064,0.0
4065,0.0
4066,0.0
4067,0.0
4068,0.0
4069,0.0
4070,0.0
4071,0.0
4072,0.0
4073,0.0
4074,0.0
4075,0.0
4076,0.0
4077,0.0
4078,0.0
4079,0.0
4080,0.0
4081,0.0
4082,0.0
4083,0.0
4084,0.0
4085,0.0
4086,0.0
4087,0.0
4088,0.0
4089,0.0
4090,0.0
4091,0.0
4092,0.0
4093,0.0
4094,0.0
4095,0.0
4096,0.0
4097,0.0
4098,0.0
4099,0.0
4100,0.0
4101,0.0
4102,0.0
4103,0.0
4104,0.0
4105,0.0
4106,0.0
4107,0.0
4108,0.0
4109,0.0
4110,0.0
4111,0.0
4112,0.0
4113,0.0
4114,0.0
4115,0.0
4116,0.0
4117,0.0
4118,0.0
4119,0.0
4120,0.0
4121,0.0
4122,0.0
4123,0.0
4124,0.0
4125,0.0
4126,0.0
4127,0.0
4128,0.0
4129,0.0
4130,0.0
4131,0.0
4132,0.0
4133,0.0
4134,0.0
4135,0.0
4136,0.0
4137,0.0
4138,0.0
4139,0.0
4140,0.0
4141,0.0
4142,0.0
4143,0.0
4144,0.0
4145,0.0
4146,0.0
4147,0.0
4148,0.0
4149,0.0
4150,0.0
4151,0.0
4152,0.0
4153,0.0
4154,0.0
4155,0.0
4156,0.0
4157,0.0
4158,0.0
4159,0.0
4160,0.0
4161,0.0
4162,0.0
4163,0.0
4164,0.0
4165,0.0
4166,0.0
4167,0.0
4168,0.0
4169,0.0
4170,0.0
4171,0.0
4172,0.0
4173,0.0
4174,0.0
4175,0.0
4176,0.0
4177,0.0
4178,0.0
4179,0.0
4180,0.0
4181,0.0
4182,0.0
4183,0.0
4184,0.0
4185,0.0
4186,0.0
4187,0.0
4188,0.0
4189,0.0
4190,0.0
4191,0.0
4192,0.0
4193,0.0
4194,0.0
4195,0.0
4196,0.0
4197,0.0
4198,0.0
4199,0.0
4200,0.0
4201,0.0
4202,0.0
4203,0.0
4204,0.0
4205,0.0
4206,0.0
4207,0.0
4208,0.0
4209,0.0
4210,0.0
4211,0.0
4212,0.0
4213,0.0
4214,0.0
4215,0.0
4216,0.0
4217,0.0
4218,0.0
4219,0.0
4220,0.0
4221,0.0
4222,0.0
4223,0.0
4224,0.0
4225,0.0
4226,0.0
4227,0.0
4228,0.0
4229,0.0
4230,0.0
4231,0.0
4232,0.0
4233,0.0
4234,0.0
4235,0.0
4236,0.0
4237,0.0
4238,0.0
4239,0.0
4240,0.0
4241,0.0
4242,0.0
4243,0.0
4244,0.0
4245,0.0
4246,0.0
4247,0.0
4248,0.0
4249,0.0
4250,0.0
4251,0.0
4252,0.0
4253,0.0
4254,0.0
4255,0.0
4256,0.0
4257,0.0
4258,0.0
4259,0.0
4260,0.0
4261,0.0
4262,0.0
4263,0.0
4264,0.0
4265,0.0
4266,0.0
4267,0.0
4268,0.0
4269,0.0
4270,0.0
4271,0.0
4272,0.0
4273,0.0
4274,0.0
4275,0.0
4276,0.0
4277,0.0
4278,0.0
4279,0.0
4280,0.0
4281,0.0
4282,0.0
4283,0.0
4284,0.0
4285,0.0
4286,0.0
4287,0.0
4288,0.0
4289,0.0
4290,0.0
4291,0.0
4292,0.0
4293,0.0
4294,0.0
4295,0.0
4296,0.0
4297,0.0
4298,0.0
4299,0.0
4300,0.0
4301,0.0
4302,0.0
4303,0.0
4304,0.0
4305,0.0
4306,0.0
4307,0.0
4308,0.0
4309,0.0
4310,0.0
4311,0.0
4312,0.0
4313,0.0
4314,0.0
4315,0.0
4316,0.0
4317,0.0
4318,0.0
4319,0.0
4320,0.0
4321,0.0
4322,0.0
4323,0.0
4324,0.0
4325,0.0
4326,0.0
4327,0.0
4328,0.0
4329,0.0
4330,0.0
4331,0.0
4332,0.0
4333,0.0
4334,0.0
4335,0.0
4336,0.0
4337,0.0
4338,0.0
4339,0.0
4340,0.0
4341,0.0
4342,0.0
4343,0.0
4344,0.0
4345,0.0
4346,0.0
4347,0.0
4348,0.0
4349,0.0
4350,0.0
4351,0.0
4352,0.0
4353,0.0
4354,0.0
4355,0.0
4356,0.0
4357,0.0
4358,0.0
4359,0.0
4360,0.0
4361,0.0
4362,0.0
4363,0.0
4364,0.0
4365,0.0
4366,0.0
4367,0.0
4368,0.0
4369,0.0
4370,0.0
4371,0.0
4372,0.0
4373,0.0
4374,0.0
4375,0.0
4376,0.0
4377,0.0
4378,0.0
4379,0.0
4380,0.0
4381,0.0
4382,0.0
4383,0.0
4384,0.0
4385,0.0
4386,0.0
4387,0.0
4388,0.0
4389,0.0
4390,0.0
4391,0.0
4392,0.0
4393,0.0
4394,0.0
4395,0.0
4396,0.0
4397,0.0
4398,0.0
4399,0.0
4400,0.0
4401,0.0
4402,0.0
4403,0.0
4404,0.0
4405,0.0
4406,0.0
4407,0.0
4408,0.0
4409,0.0
4410,0.0
4411,0.0
4412,0.0
4413,0.0
4414,0.0
4415,0.0
4416,0.0
4417,0.0
4418,0.0
4419,0.0
4420,0.0
4421,0.0
4422,0.0
4423,0.0
4424,0.0
4425,0.0
4426,0.0
4427,0.0
4428,0.0
4429,0.0
4430,0.0
4431,0.0
4432,0.0
4433,0.0
4434,0.0
4435,0.0
4436,0.0
4437,0.0
4438,0.0
4439,0.0
4440,0.0
4441,0.0
4442,0.0
4443,0.0
4444,0.0
4445,0.0
4446,0.0
4447,0.0
4448,0.0
4449,0.0
4450,0.0
4451,0.0
4452,0.0
4453,0.0
4454,0.0
4455,0.0
4456,0.0
4457,0.0
4458,0.0
4459,0.0
4460,0.0
4461,0.0
4462,0.0
4463,0.0
4464,0.0
4465,0.0
4466,0.0
4467,0.0
4468,0.0
4469,0.0
4470,0.0
4471,0.0
4472,0.0
4473,0.0
4474,0.0
4475,0.0
4476,0.0
4477,0.0
4478,0.0
4479,0.0
4480,0.0
4481,0.0
4482,0.0
4483,0.0
4484,0.0
4485,0.0
4486,0.0
4487,0.0
4488,0.0
4489,0.0
4490,0.0
4491,0.0
4492,0.0
4493,0.0
4494,0.0
4495,0.0
4496,0.0
4497,0.0
4498,0.0
4499,0.0
4500,0.0
4501,0.0
4502,0.0
4503,0.0
4504,0.0
4505,0.0
4506,0.0
4507,0.0
4508,0.0
4509,0.0
4510,0.0
4511,0.0
4512,0.0
4513,0.0
4514,0.0
4515,0.0
4516,0.0
4517,0.0
4518,0.0
4519,0.0
4520,0.0
4521,0.0
4522,0.0
4523,0.0
4524,0.0
4525,0.0
4526,0.0
4527,0.0
4528,0.0
4529,0.0
4530,0.0
4531,0.0
4532,0.0
4533,0.0
4534,0.0
4535,0.0
4536,0.0
4537,0.0
4538,0.0
4539,0.0
4540,0.0
4541,0.0
4542,0.0
4543,0.0
4544,0.0
4545,0.0
4546,0.0
4547,0.0
4548,0.0
4549,0.0
4550,0.0
4551,0.0
4552,0.0
4553,0.0
4554,0.0
4555,0.0
4556,0.0
4557,0.0
4558,0.0
4559,0.0
4560,0.0
4561,0.0
4562,0.0
4563,0.0
4564,0.0
4565,0.0
4566,0.0
4567,0.0
4568,0.0
4569,0.0
4570,0.0
4571,0.0
4572,0.0
4573,0.0
4574,0.0
4575,0.0
4576,0.0
4577,0.0
4578,0.0
4579,0.0
4580,0.0
4581,0.0
4582,0.0
4583,0.0
4584,0.0
4585,0.0
4586,0.0
4587,0.0
4588,0.0
4589,0.0
4590,0.0
4591,0.0
4592,0.0
4593,0.0
4594,0.0
4595,0.0
4596,0.0
4597,0.0
4598,0.0
4599,0.0
4600,0.0
4601,0.0
4602,0.0
4603,0.0
4604,0.0
4605,0.0
4606,0.0
4607,0.0
4608,0.0
4609,0.0
4610,0.0
4611,0.0
4612,0.0
4613,0.0
4614,0.0
4615,0.0
4616,0.0
4617,0.0
4618,0.0
4619,0.0
4620,0.0
4621,0.0
4622,0.0
4623,0.0
4624,0.0
4625,0.0
4626,0.0
4627,0.0
4628,0.0
4629,0.0
4630,0.0
4631,0.0
4632,0.0
4633,0.0
4634,0.0
4635,0.0
4636,0.0
4637,0.0
4638,0.0
4639,0.0
4640,0.0
4641,0.0
4642,0.0
4643,0.0
4644,0.0
4645,0.0
4646,0.0
4647,0.0
4648,0.0
4649,0.0
4650,0.0
4651,0.0
4652,0.0
4653,0.0
4654,0.0
4655,0.0
4656,0.0
4657,0.0
4658,0.0
4659,0.0
4660,0.0
4661,0.0
4662,0.0
4663,0.0
4664,0.0
4665,0.0
4666,0.0
4667,0.0
4668,0.0
4669,0.0
4670,0.0
4671,0.0
4672,0.0
4673,0.0
4674,0.0
4675,0.0
4676,0.0
4677,0.0
4678,0.0
4679,0.0
4680,0.0
4681,0.0
4682,0.0
4683,0.0
4684,0.0
4685,0.0
4686,0.0
4687,0.0
4688,0.0
4689,0.0
4690,0.0
4691,0.0
4692,0.0
4693,0.0
4694,0.0
4695,0.0
4696,0.0
4697,0.0
4698,0.0
4699,0.0
4700,0.0
4701,0.0
4702,0.0
4703,0.0
4704,0.0
4705,0.0
4706,0.0
4707,0.0
4708,0.0
4709,0.0
4710,0.0
4711,0.0
4712,0.0
4713,0.0
4714,0.0
4715,0.0
4716,0.0
4717,0.0
4718,0.0
4719,0.0
4720,0.0
4721,0.0
4722,0.0
4723,0.0
4724,0.0
4725,0.0
4726,0.0
4727,0.0
4728,0.0
4729,0.0
4730,0.0
4731,0.0
4732,0.0
4733,0.0
4734,0.0
4735,0.0
4736,0.0
4737,0.0
4738,0.0
4739,0.0
4740,0.0
4741,0.0
4742,0.0
4743,0.0
4744,0.0
4745,0.0
4746,0.0
4747,0.0
4748,0.0
4749,0.0
4750,0.0
4751,0.0
4752,0.0
4753,0.0
4754,0.0
4755,0.0
4756,0.0
4757,0.0
4758,0.0
4759,0.0
4760,0.0
4761,0.0
4762,0.0
4763,0.0
4764,0.0
4765,0.0
4766,0.0
4767,0.0
4768,0.0
4769,0.0
4770,0.0
4771,0.0
4772,0.0
4773,0.0
4774,0.0
4775,0.0
4776,0.0
4777,0.0
4778,0.0
4779,0.0
4780,0.0
4781,0.0
4782,0.0
4783,0.0
4784,0.0
4785,0.0
4786,0.0
4787,0.0
4788,0.0
4789,0.0
4790,0.0
4791,0.0
4792,0.0
4793,0.0
4794,0.0
4795,0.0
4796,0.0
4797,0.0
4798,0.0
4799,0.0
4800,0.0
4801,0.0
4802,0.0
4803,0.0
4804,0.0
4805,0.0
4806,0.0
4807,0.0
4808,0.0
4809,0.0
4810,0.0
4811,0.0
4812,0.0
4813,0.0
4814,0.0
4815,0.0
4816,0.0
4817,0.0
4818,0.0
4819,0.0
4820,0.0
4821,0.0
4822,0.0
4823,0.0
4824,0.0
4825,0.0
4826,0.0
4827,0.0
4828,0.0
4829,0.0
4830,0.0
4831,0.0
4832,0.0
4833,0.0
4834,0.0
4835,0.0
4836,0.0
4837,0.0
4838,0.0
4839,0.0
4840,0.0
4841,0.0
4842,0.0
4843,0.0
4844,0.0
4845,0.0
4846,0.0
4847,0.0
4848,0.0
4849,0.0
4850,0.0
4851,0.0
4852,0.0
4853,0.0
4854,0.0
4855,0.0
4856,0.0
4857,0.0
4858,0.0
4859,0.0
4860,0.0
4861,0.0
4862,0.0
4863,0.0
4864,0.0
4865,0.0
4866,0.0
4867,0.0
4868,0.0
4869,0.0
4870,0.0
4871,0.0
4872,0.0
4873,0.0
4874,0.0
4875,0.0
4876,0.0
4877,0.0
4878,0.0
4879,0.0
4880,0.0
4881,0.0
4882,0.0
4883,0.0
4884,0.0
4885,0.0
4886,0.0
4887,0.0
4888,0.0
4889,0.0
4890,0.0
4891,0.0
4892,0.0
4893,0.0
4894,0.0
4895,0.0
4896,0.0
4897,0.0
4898,0.0
4899,0.0
4900,0.0
4901,0.0
4902,0.0
4903,0.0
4904,0.0
4905,0.0
4906,0.0
4907,0.0
4908,0.0
4909,0.0
4910,0.0
4911,0.0
4912,0.0
4913,0.0
4914,0.0
4915,0.0
4916,0.0
4917,0.0
4918,0.0
4919,0.0
4920,0.0
4921,0.0
4922,0.0
4923,0.0
4924,0.0
4925,0.0
4926,0.0
4927,0.0
4928,0.0
4929,0.0
4930,0.0
4931,0.0
4932,0.0
4933,0.0
4934,0.0
4935,0.0
4936,0.0
4937,0.0
4938,0.0
4939,0.0
4940,0.0
4941,0.0
4942,0.0
4943,0.0
4944,0.0
4945,0.0
4946,0.0
4947,0.0
4948,0.0
4949,0.0
4950,0.0
4951,0.0
4952,0.0
4953,0.0
4954,0.0
4955,0.0
4956,0.0
4957,0.0
4958,0.0
4959,0.0
4960,0.0
4961,0.0
4962,0.0
4963,0.0
4964,0.0
4965,0.0
4966,0.0
4967,0.0
4968,0.0
4969,0.0
4970,0.0
4971,0.0
4972,0.0
4973,0.0
4974,0.0
4975,0.0
4976,0.0
4977,0.0
4978,0.0
4979,0.0
4980,0.0
4981,0.0
4982,0.0
4983,0.0
4984,0.0
4985,0.0
4986,0.0
4987,0.0
4988,0.0
4989,0.0
4990,0.0
4991,0.0
4992,0.0
4993,0.0
4994,0.0
4995,0.0
4996,0.0
4997,0.0
4998,0.0
4999,0.0
5000,0.0
5001,0.0
5002,0.0
5003,0.0
5004,0.0
5005,0.0
5006,0.0
5007,0.0
5008,0.0
5009,0.0
5010,0.0
5011,0.0
5012,0.0
5013,0.0
5014,0.0
5015,0.0
5016,0.0
5017,0.0
5018,0.0
5019,0.0
5020,0.0
5021,0.0
5022,0.0
5023,0.0
5024,0.0
5025,0.0
5026,0.0
5027,0.0
5028,0.0
5029,0.0
5030,0.0
5031,0.0
5032,0.0
5033,0.0
5034,0.0
5035,0.0
5036,0.0
5037,0.0
5038,0.0
5039,0.0
5040,0.0
5041,0.0
5042,0.0
5043,0.0
5044,0.0
5045,0.0
5046,0.0
5047,0.0
5048,0.0
5049,0.0
5050,0.0
5051,0.0
5052,0.0
5053,0.0
5054,0.0
5055,0.0
5056,0.0
5057,0.0
5058,0.0
5059,0.0
5060,0.0
5061,0.0
5062,0.0
5063,0.0
5064,0.0
5065,0.0
5066,0.0
5067,0.0
5068,0.0
5069,0.0
5070,0.0
5071,0.0
5072,0.0
5073,0.0
5074,0.0
5075,0.0
5076,0.0
5077,0.0
5078,0.0
5079,0.0
5080,0.0
5081,0.0
5082,0.0
5083,0.0
5084,0.0
5085,0.0
5086,0.0
5087,0.0
5088,0.0
5089,0.0
5090,0.0
5091,0.0
5092,0.0
5093,0.0
5094,0.0
5095,0.0
5096,0.0
5097,0.0
5098,0.0
5099,0.0
5100,0.0
5101,0.0
5102,0.0
5103,0.0
5104,0.0
5105,0.0
5106,0.0
5107,0.0
5108,0.0
5109,0.0
5110,0.0
5111,0.0
5112,0.0
5113,0.0
5114,0.0
5115,0.0
5116,0.0
5117,0.0
5118,0.0
5119,0.0
5120,0.0
5121,0.0
5122,0.0
5123,0.0
5124,0.0
5125,0.0
5126,0.0
5127,0.0
5128,0.0
5129,0.0
5130,0.0
5131,0.0
5132,0.0
5133,0.0
5134,0.0
5135,0.0
5136,0.0
5137,0.0
5138,0.0
5139,0.0
5140,0.0
5141,0.0
5142,0.0
5143,0.0
5144,0.0
5145,0.0
5146,0.0
5147,0.0
5148,0.0
5149,0.0
5150,0.0
5151,0.0
5152,0.0
5153,0.0
5154,0.0
5155,0.0
5156,0.0
5157,0.0
5158,0.0
5159,0.0
5160,0.0
5161,0.0
5162,0.0
5163,0.0
5164,0.0
5165,0.0
5166,0.0
5167,0.0
5168,0.0
5169,0.0
5170,0.0
5171,0.0
5172,0.0
5173,0.0
5174,0.0
5175,0.0
5176,0.0
5177,0.0
5178,0.0
5179,0.0
5180,0.0
5181,0.0
5182,0.0
5183,0.0
5184,0.0
5185,0.0
5186,0.0
5187,0.0
5188,0.0
5189,0.0
5190,0.0
5191,0.0
5192,0.0
5193,0.0
5194,0.0
5195,0.0
5196,0.0
5197,0.0
5198,0.0
5199,0.0
5200,0.0
5201,0.0
5202,0.0
5203,0.0
5204,0.0
5205,0.0
5206,0.0
5207,0.0
5208,0.0
5209,0.0
5210,0.0
5211,0.0
5212,0.0
5213,0.0
5214,0.0
5215,0.0
5216,0.0
5217,0.0
5218,0.0
5219,0.0
5220,0.0
5221,0.0
5222,0.0
5223,0.0
5224,0.0
5225,0.0
5226,0.0
5227,0.0
5228,0.0
5229,0.0
5230,0.0
5231,0.0
5232,0.0
5233,0.0
5234,0.0
5235,0.0
5236,0.0
5237,0.0
5238,0.0
5239,0.0
5240,0.0
5241,0.0
5242,0.0
5243,0.0
5244,0.0
5245,0.0
5246,0.0
5247,0.0
5248,0.0
5249,0.0
5250,0.0
5251,0.0
5252,0.0
5253,0.0
5254,0.0
5255,0.0
5256,0.0
5257,0.0
5258,0.0
5259,0.0
5260,0.0
5261,0.0
5262,0.0
5263,0.0
5264,0.0
5265,0.0
5266,0.0
5267,0.0
5268,0.0
5269,0.0
5270,0.0
5271,0.0
5272,0.0
5273,0.0
5274,0.0
5275,0.0
5276,0.0
5277,0.0
5278,0.0
5279,0.0
5280,0.0
5281,0.0
5282,0.0
5283,0.0
5284,0.0
5285,0.0
5286,0.0
5287,0.0
5288,0.0
5289,0.0
5290,0.0
5291,0.0
5292,0.0
5293,0.0
5294,0.0
5295,0.0
5296,0.0
5297,0.0
5298,0.0
5299,0.0
5300,0.0
5301,0.0
5302,0.0
5303,0.0
5304,0.0
5305,0.0
5306,0.0
5307,0.0
5308,0.0
5309,0.0
5310,0.0
5311,0.0
5312,0.0
5313,0.0
5314,0.0
5315,0.0
5316,0.0
5317,0.0
5318,0.0
5319,0.0
5320,0.0
5321,0.0
5322,0.0
5323,0.0
5324,0.0
5325,0.0
5326,0.0
5327,0.0
5328,0.0
5329,0.0
5330,0.0
5331,0.0
5332,0.0
5333,0.0
5334,0.0
5335,0.0
5336,0.0
5337,0.0
5338,0.0
5339,0.0
5340,0.0
5341,0.0
5342,0.0
5343,0.0
5344,0.0
5345,0.0
5346,0.0
5347,0.0
5348,0.0
5349,0.0
5350,0.0
5351,0.0
5352,0.0
5353,0.0
5354,0.0
5355,0.0
5356,0.0
5357,0.0
5358,0.0
5359,0.0
5360,0.0
5361,0.0
5362,0.0
5363,0.0
5364,0.0
5365,0.0
5366,0.0
5367,0.0
5368,0.0
5369,0.0
5370,0.0
5371,0.0
5372,0.0
5373,0.0
5374,0.0
5375,0.0
5376,0.0
5377,0.0
5378,0.0
5379,0.0
5380,0.0
5381,0.0
5382,0.0
5383,0.0
5384,0.0
5385,0.0
5386,0.0
5387,0.0
5388,0.0
5389,0.0
5390,0.0
5391,0.0
5392,0.0
5393,0.0
5394,0.0
5395,0.0
5396,0.0
5397,0.0
5398,0.0
5399,0.0
5400,0.0
5401,0.0
5402,0.0
5403,0.0
5404,0.0
5405,0.0
5406,0.0
5407,0.0
5408,0.0
5409,0.0
5410,0.0
5411,0.0
5412,0.0
5413,0.0
5414,0.0
5415,0.0
5416,0.0
5417,0.0
5418,0.0
5419,0.0
5420,0.0
5421,0.0
5422,0.0
5423,0.0
5424,0.0
5425,0.0
5426,0.0
5427,0.0
5428,0.0
5429,0.0
5430,0.0
5431,0.0
5432,0.0
5433,0.0
5434,0.0
5435,0.0
5436,0.0
5437,0.0
5438,0.0
5439,0.0
5440,0.0
5441,0.0
5442,0.0
5443,0.0
5444,0.0
5445,0.0
5446,0.0
5447,0.0
5448,0.0
5449,0.0
5450,0.0
5451,0.0
5452,0.0
5453,0.0
5454,0.0
5455,0.0
5456,0.0
5457,0.0
5458,0.0
5459,0.0
5460,0.0
5461,0.0
5462,0.0
5463,0.0
5464,0.0
5465,0.0
5466,0.0
5467,0.0
5468,0.0
5469,0.0
5470,0.0
5471,0.0
5472,0.0
5473,0.0
5474,0.0
5475,0.0
5476,0.0
5477,0.0
5478,0.0
5479,0.0
5480,0.0
5481,0.0
5482,0.0
5483,0.0
5484,0.0
5485,0.0
5486,0.0
5487,0.0
5488,0.0
5489,0.0
5490,0.0
5491,0.0
5492,0.0
5493,0.0
5494,0.0
5495,0.0
5496,0.0
5497,0.0
5498,0.0
5499,0.0
5500,0.0
5501,0.0
5502,0.0
5503,0.0
5504,0.0
5505,0.0
5506,0.0
5507,0.0
5508,0.0
5509,0.0
5510,0.0
5511,0.0
5512,0.0
5513,0.0
5514,0.0
5515,0.0
5516,0.0
5517,0.0
5518,0.0
5519,0.0
5520,0.0
5521,0.0
5522,0.0
5523,0.0
5524,0.0
5525,0.0
5526,0.0
5527,0.0
5528,0.0
5529,0.0
5530,0.0
5531,0.0
5532,0.0
5533,0.0
5534,0.0
5535,0.0
5536,0.0
5537,0.0
5538,0.0
5539,0.0
5540,0.0
5541,0.0
5542,0.0
5543,0.0
5544,0.0
5545,0.0
5546,0.0
5547,0.0
5548,0.0
5549,0.0
5550,0.0
5551,0.0
5552,0.0
5553,0.0
5554,0.0
5555,0.0
5556,0.0
5557,0.0
5558,0.0
5559,0.0
5560,0.0
5561,0.0
5562,0.0
5563,0.0
5564,0.0
5565,0.0
5566,0.0
5567,0.0
5568,0.0
5569,0.0
5570,0.0
5571,0.0
5572,0.0
5573,0.0
5574,0.0
5575,0.0
5576,0.0
5577,0.0
5578,0.0
5579,0.0
5580,0.0
5581,0.0
5582,0.0
5583,0.0
5584,0.0
5585,0.0
5586,0.0
5587,0.0
5588,0.0
5589,0.0
5590,0.0
5591,0.0
5592,0.0
5593,0.0
5594,0.0
5595,0.0
5596,0.0
5597,0.0
5598,0.0
5599,0.0
5600,0.0
5601,0.0
5602,0.0
5603,0.0
5604,0.0
5605,0.0
5606,0.0
5607,0.0
5608,0.0
5609,0.0
5610,0.0
5611,0.0
5612,0.0
5613,0.0
5614,0.0
5615,0.0
5616,0.0
5617,0.0
5618,0.0
5619,0.0
5620,0.0
5621,0.0
5622,0.0
5623,0.0
5624,0.0
5625,0.0
5626,0.0
5627,0.0
5628,0.0
5629,0.0
5630,0.0
5631,0.0
5632,0.0
5633,0.0
5634,0.0
5635,0.0
5636,0.0
5637,0.0
5638,0.0
5639,0.0
5640,0.0
5641,0.0
5642,0.0
5643,0.0
5644,0.0
5645,0.0
5646,0.0
5647,0.0
5648,0.0
5649,0.0
5650,0.0
5651,0.0
5652,0.0
5653,0.0
5654,0.0
5655,0.0
5656,0.0
5657,0.0
5658,0.0
5659,0.0
5660,0.0
5661,0.0
5662,0.0
5663,0.0
5664,0.0
5665,0.0
5666,0.0
5667,0.0
5668,0.0
5669,0.0
5670,0.0
5671,0.0
5672,0.0
5673,0.0
5674,0.0
5675,0.0
5676,0.0
5677,0.0
5678,0.0
5679,0.0
5680,0.0
5681,0.0
5682,0.0
5683,0.0
5684,0.0
5685,0.0
5686,0.0
5687,0.0
5688,0.0
5689,0.0
5690,0.0
5691,0.0
5692,0.0
5693,0.0
5694,0.0
5695,0.0
5696,0.0
5697,0.0
5698,0.0
5699,0.0
5700,0.0
5701,0.0
5702,0.0
5703,0.0
5704,0.0
5705,0.0
5706,0.0
5707,0.0
5708,0.0
5709,0.0
5710,0.0
5711,0.0
5712,0.0
5713,0.0
5714,0.0
5715,0.0
5716,0.0
5717,0.0
5718,0.0
5719,0.0
5720,0.0
5721,0.0
5722,0.0
5723,0.0
5724,0.0
5725,0.0
5726,0.0
5727,0.0
5728,0.0
5729,0.0
5730,0.0
5731,0.0
5732,0.0
5733,0.0
5734,0.0
5735,0.0
5736,0.0
5737,0.0
5738,0.0
5739,0.0
5740,0.0
5741,0.0
5742,0.0
5743,0.0
5744,0.0
5745,0.0
5746,0.0
5747,0.0
5748,0.0
5749,0.0
5750,0.0
5751,0.0
5752,0.0
5753,0.0
5754,0.0
5755,0.0
5756,0.0
5757,0.0
5758,0.0
5759,0.0
5760,0.0
5761,0.0
5762,0.0
5763,0.0
5764,0.0
5765,0.0
5766,0.0
5767,0.0
5768,0.0
5769,0.0
5770,0.0
5771,0.0
5772,0.0
5773,0.0
5774,0.0
5775,0.0
5776,0.0
5777,0.0
5778,0.0
5779,0.0
5780,0.0
5781,0.0
5782,0.0
5783,0.0
5784,0.0
5785,0.0
5786,0.0
5787,0.0
5788,0.0
5789,0.0
5790,0.0
5791,0.0
5792,0.0
5793,0.0
5794,0.0
5795,0.0
5796,0.0
5797,0.0
5798,0.0
5799,0.0
5800,0.0
5801,0.0
5802,0.0
5803,0.0
5804,0.0
5805,0.0
5806,0.0
5807,0.0
5808,0.0
5809,0.0
5810,0.0
5811,0.0
5812,0.0
5813,0.0
5814,0.0
5815,0.0
5816,0.0
5817,0.0
5818,0.0
5819,0.0
5820,0.0
5821,0.0
5822,0.0
5823,0.0
5824,0.0
5825,0.0
5826,0.0
5827,0.0
5828,0.0
5829,0.0
5830,0.0
5831,0.0
5832,0.0
5833,0.0
5834,0.0
5835,0.0
5836,0.0
5837,0.0
5838,0.0
5839,0.0
5840,0.0
5841,0.0
5842,0.0
5843,0.0
5844,0.0
5845,0.0
5846,0.0
5847,0.0
5848,0.0
5849,0.0
5850,0.0
5851,0.0
5852,0.0
5853,0.0
5854,0.0
5855,0.0
5856,0.0
5857,0.0
5858,0.0
5859,0.0
5860,0.0
5861,0.0
5862,0.0
5863,0.0
5864,0.0
5865,0.0
5866,0.0
5867,0.0
5868,0.0
5869,0.0
5870,0.0
5871,0.0
5872,0.0
5873,0.0
5874,0.0
5875,0.0
5876,0.0
5877,0.0
5878,0.0
5879,0.0
5880,0.0
5881,0.0
5882,0.0
5883,0.0
5884,0.0
5885,0.0
5886,0.0
5887,0.0
5888,0.0
5889,0.0
5890,0.0
5891,0.0
5892,0.0
5893,0.0
5894,0.0
5895,0.0
5896,0.0
5897,0.0
5898,0.0
5899,0.0
5900,0.0
5901,0.0
5902,0.0
5903,0.0
5904,0.0
5905,0.0
5906,0.0
5907,0.0
5908,0.0
5909,0.0
5910,0.0
5911,0.0
5912,0.0
5913,0.0
5914,0.0
5915,0.0
5916,0.0
5917,0.0
5918,0.0
5919,0.0
5920,0.0
5921,0.0
5922,0.0
5923,0.0
5924,0.0
5925,0.0
5926,0.0
5927,0.0
5928,0.0
5929,0.0
5930,0.0
5931,0.0
5932,0.0
5933,0.0
5934,0.0
5935,0.0
5936,0.0
5937,0.0
5938,0.0
5939,0.0
5940,0.0
5941,0.0
5942,0.0
5943,0.0
5944,0.0
5945,0.0
5946,0.0
5947,0.0
5948,0.0
5949,0.0
5950,0.0
5951,0.0
5952,0.0
5953,0.0
5954,0.0
5955,0.0
5956,0.0
5957,0.0
5958,0.0
5959,0.0
5960,0.0
5961,0.0
5962,0.0
5963,0.0
5964,0.0
5965,0.0
5966,0.0
5967,0.0
5968,0.0
5969,0.0
5970,0.0
5971,0.0
5972,0.0
5973,0.0
5974,0.0
5975,0.0
5976,0.0
5977,0.0
5978,0.0
5979,0.0
5980,0.0
5981,0.0
5982,0.0
5983,0.0
5984,0.0
5985,0.0
5986,0.0
5987,0.0
5988,0.0
5989,0.0
5990,0.0
5991,0.0
5992,0.0
5993,0.0
5994,0.0
5995,0.0
5996,0.0
5997,0.0
5998,0.0
5999,0.0
6000,0.0
6001,0.0
6002,0.0
6003,0.0
6004,0.0
6005,0.0
6006,0.0
6007,0.0
6008,0.0
6009,0.0
6010,0.0
6011,0.0
6012,0.0
6013,0.0
6014,0.0
6015,0.0
6016,0.0
6017,0.0
6018,0.0
6019,0.0
6020,0.0
6021,0.0
6022,0.0
6023,0.0
6024,0.0
6025,0.0
6026,0.0
6027,0.0
6028,0.0
6029,0.0
6030,0.0
6031,0.0
6032,0.0
6033,0.0
6034,0.0
6035,0.0
6036,0.0
6037,0.0
6038,0.0
6039,0.0
6040,0.0
6041,0.0
6042,0.0
6043,0.0
6044,0.0
6045,0.0
6046,0.0
6047,0.0
6048,0.0
6049,0.0
6050,0.0
6051,0.0
6052,0.0
6053,0.0
6054,0.0
6055,0.0
6056,0.0
6057,0.0
6058,0.0
6059,0.0
6060,0.0
6061,0.0
6062,0.0
6063,0.0
6064,0.0
6065,0.0
6066,0.0
6067,0.0
6068,0.0
6069,0.0
6070,0.0
6071,0.0
6072,0.0
6073,0.0
6074,0.0
6075,0.0
6076,0.0
6077,0.0
6078,0.0
6079,0.0
6080,0.0
6081,0.0
6082,0.0
6083,0.0
6084,0.0
6085,0.0
6086,0.0
6087,0.0
6088,0.0
6089,0.0
6090,0.0
6091,0.0
6092,0.0
6093,0.0
6094,0.0
6095,0.0
6096,0.0
6097,0.0
6098,0.0
6099,0.0
6100,0.0
6101,0.0
6102,0.0
6103,0.0
6104,0.0
6105,0.0
6106,0.0
6107,0.0
6108,0.0
6109,0.0
6110,0.0
6111,0.0
6112,0.0
6113,0.0
6114,0.0
6115,0.0
6116,0.0
6117,0.0
6118,0.0
6119,0.0
6120,0.0
6121,0.0
6122,0.0
6123,0.0
6124,0.0
6125,0.0
6126,0.0
6127,0.0
6128,0.0
6129,0.0
6130,0.0
6131,0.0
6132,0.0
6133,0.0
6134,0.0
6135,0.0
6136,0.0
6137,0.0
6138,0.0
6139,0.0
6140,0.0
6141,0.0
6142,0.0
6143,0.0
6144,0.0
6145,0.0
6146,0.0
6147,0.0
6148,0.0
6149,0.0
6150,0.0
6151,0.0
6152,0.0
6153,0.0
6154,0.0
6155,0.0
6156,0.0
6157,0.0
6158,0.0
6159,0.0
6160,0.0
6161,0.0
6162,0.0
6163,0.0
6164,0.0
6165,0.0
6166,0.0
6167,0.0
6168,0.0
6169,0.0
6170,0.0
6171,0.0
6172,0.0
6173,0.0
6174,0.0
6175,0.0
6176,0.0
6177,0.0
6178,0.0
6179,0.0
6180,0.0
6181,0.0
6182,0.0
6183,0.0
6184,0.0
6185,0.0
6186,0.0
6187,0.0
6188,0.0
6189,0.0
6190,0.0
6191,0.0
6192,0.0
6193,0.0
6194,0.0
6195,0.0
6196,0.0
6197,0.0
6198,0.0
6199,0.0
6200,0.0
6201,0.0
6202,0.0
6203,0.0
6204,0.0
6205,0.0
6206,0.0
6207,0.0
6208,0.0
6209,0.0
6210,0.0
6211,0.0
6212,0.0
6213,0.0
6214,0.0
6215,0.0
6216,0.0
6217,0.0
6218,0.0
6219,0.0
6220,0.0
6221,0.0
6222,0.0
6223,0.0
6224,0.0
6225,0.0
6226,0.0
6227,0.0
6228,0.0
6229,0.0
6230,0.0
6231,0.0
6232,0.0
6233,0.0
6234,0.0
6235,0.0
6236,0.0
6237,0.0
6238,0.0
6239,0.0
6240,0.0
6241,0.0
6242,0.0
6243,0.0
6244,0.0
6245,0.0
6246,0.0
6247,0.0
6248,0.0
6249,0.0
6250,0.0
6251,0.0
6252,0.0
6253,0.0
6254,0.0
6255,0.0
6256,0.0
6257,0.0
6258,0.0
6259,0.0
6260,0.0
6261,0.0
6262,0.0
6263,0.0
6264,0.0
6265,0.0
6266,0.0
6267,0.0
6268,0.0
6269,0.0
6270,0.0
6271,0.0
6272,0.0
6273,0.0
6274,0.0
6275,0.0
6276,0.0
6277,0.0
6278,0.0
6279,0.0
6280,0.0
6281,0.0
6282,0.0
6283,0.0
6284,0.0
6285,0.0
6286,0.0
6287,0.0
6288,0.0
6289,0.0
6290,0.0
6291,0.0
6292,0.0
6293,0.0
6294,0.0
6295,0.0
6296,0.0
6297,0.0
6298,0.0
6299,0.0
6300,0.0
6301,0.0
6302,0.0
6303,0.0
6304,0.0
6305,0.0
6306,0.0
6307,0.0
6308,0.0
6309,0.0
6310,0.0
6311,0.0
6312,0.0
6313,0.0
6314,0.0
6315,0.0
6316,0.0
6317,0.0
6318,0.0
6319,0.0
6320,0.0
6321,0.0
6322,0.0
6323,0.0
6324,0.0
6325,0.0
6326,0.0
6327,0.0
6328,0.0
6329,0.0
6330,0.0
6331,0.0
6332,0.0
6333,0.0
6334,0.0
6335,0.0
6336,0.0
6337,0.0
6338,0.0
6339,0.0
6340,0.0
6341,0.0
6342,0.0
6343,0.0
6344,0.0
6345,0.0
6346,0.0
6347,0.0
6348,0.0
6349,0.0
6350,0.0
6351,0.0
6352,0.0
6353,0.0
6354,0.0
6355,0.0
6356,0.0
6357,0.0
6358,0.0
6359,0.0
6360,0.0
6361,0.0
6362,0.0
6363,0.0
6364,0.0
6365,0.0
6366,0.0
6367,0.0
6368,0.0
6369,0.0
6370,0.0
6371,0.0
6372,0.0
6373,0.0
6374,0.0
6375,0.0
6376,0.0
6377,0.0
6378,0.0
6379,0.0
6380,0.0
6381,0.0
6382,0.0
6383,0.0
6384,0.0
6385,0.0
6386,0.0
6387,0.0
6388,0.0
6389,0.0
6390,0.0
6391,0.0
6392,0.0
6393,0.0
6394,0.0
6395,0.0
6396,0.0
6397,0.0
6398,0.0
6399,0.0
6400,0.0
6401,0.0
6402,0.0
6403,0.0
6404,0.0
6405,0.0
6406,0.0
6407,0.0
6408,0.0
6409,0.0
6410,0.0
6411,0.0
6412,0.0
6413,0.0
6414,0.0
6415,0.0
6416,0.0
6417,0.0
6418,0.0
6419,0.0
6420,0.0
6421,0.0
6422,0.0
6423,0.0
6424,0.0
6425,0.0
6426,0.0
6427,0.0
6428,0.0
6429,0.0
6430,0.0
6431,0.0
6432,0.0
6433,0.0
6434,0.0
6435,0.0
6436,0.0
6437,0.0
6438,0.0
6439,0.0
6440,0.0
6441,0.0
6442,0.0
6443,0.0
6444,0.0
6445,0.0
6446,0.0
6447,0.0
6448,0.0
6449,0.0
6450,0.0
6451,0.0
6452,0.0
6453,0.0
6454,0.0
6455,0.0
6456,0.0
6457,0.0
6458,0.0
6459,0.0
6460,0.0
6461,0.0
6462,0.0
6463,0.0
6464,0.0
6465,0.0
6466,0.0
6467,0.0
6468,0.0
6469,0.0
6470,0.0
6471,0.0
6472,0.0
6473,0.0
6474,0.0
6475,0.0
6476,0.0
6477,0.0
6478,0.0
6479,0.0
6480,0.0
6481,0.0
6482,0.0
6483,0.0
6484,0.0
6485,0.0
6486,0.0
6487,0.0
6488,0.0
6489,0.0
6490,0.0
6491,0.0
6492,0.0
6493,0.0
6494,0.0
6495,0.0
6496,0.0
6497,0.0
6498,0.0
6499,0.0
6500,0.0
6501,0.0
6502,0.0
6503,0.0
6504,0.0
6505,0.0
6506,0.0
6507,0.0
6508,0.0
6509,0.0
6510,0.0
6511,0.0
6512,0.0
6513,0.0
6514,0.0
6515,0.0
6516,0.0
6517,0.0
6518,0.0
6519,0.0
6520,0.0
6521,0.0
6522,0.0
6523,0.0
6524,0.0
6525,0.0
6526,0.0
6527,0.0
6528,0.0
6529,0.0
6530,0.0
6531,0.0
6532,0.0
6533,0.0
6534,0.0
6535,0.0
6536,0.0
6537,0.0
6538,0.0
6539,0.0
6540,0.0
6541,0.0
6542,0.0
6543,0.0
6544,0.0
6545,0.0
6546,0.0
6547,0.0
6548,0.0
6549,0.0
6550,0.0
6551,0.0
6552,0.0
6553,0.0
6554,0.0
6555,0.0
6556,0.0
6557,0.0
6558,0.0
6559,0.0
6560,0.0
6561,0.0
6562,0.0
6563,0.0
6564,0.0
6565,0.0
6566,0.0
6567,0.0
6568,0.0
6569,0.0
6570,0.0
6571,0.0
6572,0.0
6573,0.0
6574,0.0
6575,0.0
6576,0.0
6577,0.0
6578,0.0
6579,0.0
6580,0.0
6581,0.0
6582,0.0
6583,0.0
6584,0.0
6585,0.0
6586,0.0
6587,0.0
6588,0.0
6589,0.0
6590,0.0
6591,0.0
6592,0.0
6593,0.0
6594,0.0
6595,0.0
6596,0.0
6597,0.0
6598,0.0
6599,0.0
6600,0.0
6601,0.0
6602,0.0
6603,0.0
6604,0.0
6605,0.0
6606,0.0
6607,0.0
6608,0.0
6609,0.0
6610,0.0
6611,0.0
6612,0.0
6613,0.0
6614,0.0
6615,0.0
6616,0.0
6617,0.0
6618,0.0
6619,0.0
6620,0.0
6621,0.0
6622,0.0
6623,0.0
6624,0.0
6625,0.0
6626,0.0
6627,0.0
6628,0.0
6629,0.0
6630,0.0
6631,0.0
6632,0.0
6633,0.0
6634,0.0
6635,0.0
6636,0.0
6637,0.0
6638,0.0
6639,0.0
6640,0.0
6641,0.0
6642,0.0
6643,0.0
6644,0.0
6645,0.0
6646,0.0
6647,0.0
6648,0.0
6649,0.0
6650,0.0
6651,0.0
6652,0.0
6653,0.0
6654,0.0
6655,0.0
6656,0.0
6657,0.0
6658,0.0
6659,0.0
6660,0.0
6661,0.0
6662,0.0
6663,0.0
6664,0.0
6665,0.0
6666,0.0
6667,0.0
6668,0.0
6669,0.0
6670,0.0
6671,0.0
6672,0.0
6673,0.0
6674,0.0
6675,0.0
6676,0.0
6677,0.0
6678,0.0
6679,0.0
6680,0.0
6681,0.0
6682,0.0
6683,0.0
6684,0.0
6685,0.0
6686,0.0
6687,0.0
6688,0.0
6689,0.0
6690,0.0
6691,0.0
6692,0.0
6693,0.0
6694,0.0
6695,0.0
6696,0.0
6697,0.0
6698,0.0
6699,0.0
6700,0.0
6701,0.0
6702,0.0
6703,0.0
6704,0.0
6705,0.0
6706,0.0
6707,0.0
6708,0.0
6709,0.0
6710,0.0
6711,0.0
6712,0.0
6713,0.0
6714,0.0
6715,0.0
6716,0.0
6717,0.0
6718,0.0
6719,0.0
6720,0.0
6721,0.0
6722,0.0
6723,0.0
6724,0.0
6725,0.0
6726,0.0
6727,0.0
6728,0.0
6729,0.0
6730,0.0
6731,0.0
6732,0.0
6733,0.0
6734,0.0
6735,0.0
6736,0.0
6737,0.0
6738,0.0
6739,0.0
6740,0.0
6741,0.0
6742,0.0
6743,0.0
6744,0.0
6745,0.0
6746,0.0
6747,0.0
6748,0.0
6749,0.0
6750,0.0
6751,0.0
6752,0.0
6753,0.0
6754,0.0
6755,0.0
6756,0.0
6757,0.0
6758,0.0
6759,0.0
6760,0.0
6761,0.0
6762,0.0
6763,0.0
6764,0.0
6765,0.0
6766,0.0
6767,0.0
6768,0.0
6769,0.0
6770,0.0
6771,0.0
6772,0.0
6773,0.0
6774,0.0
6775,0.0
6776,0.0
6777,0.0
6778,0.0
6779,0.0
6780,0.0
6781,0.0
6782,0.0
6783,0.0
6784,0.0
6785,0.0
6786,0.0
6787,0.0
6788,0.0
6789,0.0
6790,0.0
6791,0.0
6792,0.0
6793,0.0
6794,0.0
6795,0.0
6796,0.0
6797,0.0
6798,0.0
6799,0.0
6800,0.0
6801,0.0
6802,0.0
6803,0.0
6804,0.0
6805,0.0
6806,0.0
6807,0.0
6808,0.0
6809,0.0
6810,0.0
6811,0.0
6812,0.0
6813,0.0
6814,0.0
6815,0.0
6816,0.0
6817,0.0
6818,0.0
6819,0.0
6820,0.0
6821,0.0
6822,0.0
6823,0.0
6824,0.0
6825,0.0
6826,0.0
6827,0.0
6828,0.0
6829,0.0
6830,0.0
6831,0.0
6832,0.0
6833,0.0
6834,0.0
6835,0.0
6836,0.0
6837,0.0
6838,0.0
6839,0.0
6840,0.0
6841,0.0
6842,0.0
6843,0.0
6844,0.0
6845,0.0
6846,0.0
6847,0.0
6848,0.0
6849,0.0
6850,0.0
6851,0.0
6852,0.0
6853,0.0
6854,0.0
6855,0.0
6856,0.0
6857,0.0
6858,0.0
6859,0.0
6860,0.0
6861,0.0
6862,0.0
6863,0.0
6864,0.0
6865,0.0
6866,0.0
6867,0.0
6868,0.0
6869,0.0
6870,0.0
6871,0.0
6872,0.0
6873,0.0
6874,0.0
6875,0.0
6876,0.0
6877,0.0
6878,0.0
6879,0.0
6880,0.0
6881,0.0
6882,0.0
6883,0.0
6884,0.0
6885,0.0
6886,0.0
6887,0.0
6888,0.0
6889,0.0
6890,0.0
6891,0.0
6892,0.0
6893,0.0
6894,0.0
6895,0.0
6896,0.0
6897,0.0
6898,0.0
6899,0.0
6900,0.0
6901,0.0
6902,0.0
6903,0.0
6904,0.0
6905,0.0
6906,0.0
6907,0.0
6908,0.0
6909,0.0
6910,0.0
6911,0.0
6912,0.0
6913,0.0
6914,0.0
6915,0.0
6916,0.0
6917,0.0
6918,0.0
6919,0.0
6920,0.0
6921,0.0
6922,0.0
6923,0.0
6924,0.0
6925,0.0
6926,0.0
6927,0.0
6928,0.0
6929,0.0
6930,0.0
6931,0.0
6932,0.0
6933,0.0
6934,0.0
6935,0.0
6936,0.0
6937,0.0
6938,0.0
6939,0.0
6940,0.0
6941,0.0
6942,0.0
6943,0.0
6944,0.0
6945,0.0
6946,0.0
6947,0.0
6948,0.0
6949,0.0
6950,0.0
6951,0.0
6952,0.0
6953,0.0
6954,0.0
6955,0.0
6956,0.0
6957,0.0
6958,0.0
6959,0.0
6960,0.0
6961,0.0
6962,0.0
6963,0.0
6964,0.0
6965,0.0
6966,0.0
6967,0.0
6968,0.0
6969,0.0
6970,0.0
6971,0.0
6972,0.0
6973,0.0
6974,0.0
6975,0.0
6976,0.0
6977,0.0
6978,0.0
6979,0.0
6980,0.0
6981,0.0
6982,0.0
6983,0.0
6984,0.0
6985,0.0
6986,0.0
6987,0.0
6988,0.0
6989,0.0
6990,0.0
6991,0.0
6992,0.0
6993,0.0
6994,0.0
6995,0.0
6996,0.0
6997,0.0
6998,0.0
6999,0.0
7000,0.0
7001,0.0
7002,0.0
7003,0.0
7004,0.0
7005,0.0
7006,0.0
7007,0.0
7008,0.0
7009,0.0
7010,0.0
7011,0.0
7012,0.0
7013,0.0
7014,0.0
7015,0.0
7016,0.0
7017,0.0
7018,0.0
7019,0.0
7020,0.0
7021,0.0
7022,0.0
7023,0.0
7024,0.0
7025,0.0
7026,0.0
7027,0.0
7028,0.0
7029,0.0
7030,0.0
7031,0.0
7032,0.0
7033,0.0
7034,0.0
7035,0.0
7036,0.0
7037,0.0
7038,0.0
7039,0.0
7040,0.0
7041,0.0
7042,0.0
7043,0.0
7044,0.0
7045,0.0
7046,0.0
7047,0.0
7048,0.0
7049,0.0
7050,0.0
7051,0.0
7052,0.0
7053,0.0
7054,0.0
7055,0.0
7056,0.0
7057,0.0
7058,0.0
7059,0.0
7060,0.0
7061,0.0
7062,0.0
7063,0.0
7064,0.0
7065,0.0
7066,0.0
7067,0.0
7068,0.0
7069,0.0
7070,0.0
7071,0.0
7072,0.0
7073,0.0
7074,0.0
7075,0.0
7076,0.0
7077,0.0
7078,0.0
7079,0.0
7080,0.0
7081,0.0
7082,0.0
7083,0.0
7084,0.0
7085,0.0
7086,0.0
7087,0.0
7088,0.0
7089,0.0
7090,0.0
7091,0.0
7092,0.0
7093,0.0
7094,0.0
7095,0.0
7096,0.0
7097,0.0
7098,0.0
7099,0.0
7100,0.0
7101,0.0
7102,0.0
7103,0.0
7104,0.0
7105,0.0
7106,0.0
7107,0.0
7108,0.0
7109,0.0
7110,0.0
7111,0.0
7112,0.0
7113,0.0
7114,0.0
7115,0.0
7116,0.0
7117,0.0
7118,0.0
7119,0.0
7120,0.0
7121,0.0
7122,0.0
7123,0.0
7124,0.0
7125,0.0
7126,0.0
7127,0.0
7128,0.0
7129,0.0
7130,0.0
7131,0.0
7132,0.0
7133,0.0
7134,0.0
7135,0.0
7136,0.0
7137,0.0
7138,0.0
7139,0.0
7140,0.0
7141,0.0
7142,0.0
7143,0.0
7144,0.0
7145,0.0
7146,0.0
7147,0.0
7148,0.0
7149,0.0
7150,0.0
7151,0.0
7152,0.0
7153,0.0
7154,0.0
7155,0.0
7156,0.0
7157,0.0
7158,0.0
7159,0.0
7160,0.0
7161,0.0
7162,0.0
7163,0.0
7164,0.0
7165,0.0
7166,0.0
7167,0.0
7168,0.0
7169,0.0
7170,0.0
7171,0.0
7172,0.0
7173,0.0
7174,0.0
7175,0.0
7176,0.0
7177,0.0
7178,0.0
7179,0.0
7180,0.0
7181,0.0
7182,0.0
7183,0.0
7184,0.0
7185,0.0
7186,0.0
7187,0.0
7188,0.0
7189,0.0
7190,0.0
7191,0.0
7192,0.0
7193,0.0
7194,0.0
7195,0.0
7196,0.0
7197,0.0
7198,0.0
7199,0.0
7200,0.0
7201,0.0
7202,0.0
7203,0.0
7204,0.0
7205,0.0
7206,0.0
7207,0.0
7208,0.0
7209,0.0
7210,0.0
7211,0.0
7212,0.0
7213,0.0
7214,0.0
7215,0.0
7216,0.0
7217,0.0
7218,0.0
7219,0.0
7220,0.0
7221,0.0
7222,0.0
7223,0.0
7224,0.0
7225,0.0
7226,0.0
7227,0.0
7228,0.0
7229,0.0
7230,0.0
7231,0.0
7232,0.0
7233,0.0
7234,0.0
7235,0.0
7236,0.0
7237,0.0
7238,0.0
7239,0.0
7240,0.0
7241,0.0
7242,0.0
7243,0.0
7244,0.0
7245,0.0
7246,0.0
7247,0.0
7248,0.0
7249,0.0
7250,0.0
7251,0.0
7252,0.0
7253,0.0
7254,0.0
7255,0.0
7256,0.0
7257,0.0
7258,0.0
7259,0.0
7260,0.0
7261,0.0
7262,0.0
7263,0.0
7264,0.0
7265,0.0
7266,0.0
7267,0.0
7268,0.0
7269,0.0
7270,0.0
7271,0.0
7272,0.0
7273,0.0
7274,0.0
7275,0.0
7276,0.0
7277,0.0
7278,0.0
7279,0.0
7280,0.0
7281,0.0
7282,0.0
7283,0.0
7284,0.0
7285,0.0
7286,0.0
7287,0.0
7288,0.0
7289,0.0
7290,0.0
7291,0.0
7292,0.0
7293,0.0
7294,0.0
7295,0.0
7296,0.0
7297,0.0
7298,0.0
7299,0.0
7300,0.0
7301,0.0
7302,0.0
7303,0.0
7304,0.0
7305,0.0
7306,0.0
7307,0.0
7308,0.0
7309,0.0
7310,0.0
7311,0.0
7312,0.0
7313,0.0
7314,0.0
7315,0.0
7316,0.0
7317,0.0
7318,0.0
7319,0.0
7320,0.0
7321,0.0
7322,0.0
7323,0.0
7324,0.0
7325,0.0
7326,0.0
7327,0.0
7328,0.0
7329,0.0
7330,0.0
7331,0.0
7332,0.0
7333,0.0
7334,0.0
7335,0.0
7336,0.0
7337,0.0
7338,0.0
7339,0.0
7340,0.0
7341,0.0
7342,0.0
7343,0.0
7344,0.0
7345,0.0
7346,0.0
7347,0.0
7348,0.0
7349,0.0
7350,0.0
7351,0.0
7352,0.0
7353,0.0
7354,0.0
7355,0.0
7356,0.0
7357,0.0
7358,0.0
7359,0.0
7360,0.0
7361,0.0
7362,0.0
7363,0.0
7364,0.0
7365,0.0
7366,0.0
7367,0.0
7368,0.0
7369,0.0
7370,0.0
7371,0.0
7372,0.0
7373,0.0
7374,0.0
7375,0.0
7376,0.0
7377,0.0
7378,0.0
7379,0.0
7380,0.0
7381,0.0
7382,0.0
7383,0.0
7384,0.0
7385,0.0
7386,0.0
7387,0.0
7388,0.0
7389,0.0
7390,0.0
7391,0.0
7392,0.0
7393,0.0
7394,0.0
7395,0.0
7396,0.0
7397,0.0
7398,0.0
7399,0.0
7400,0.0
7401,0.0
7402,0.0
7403,0.0
7404,0.0
7405,0.0
7406,0.0
7407,0.0
7408,0.0
7409,0.0
7410,0.0
7411,0.0
7412,0.0
7413,0.0
7414,0.0
7415,0.0
7416,0.0
7417,0.0
7418,0.0
7419,0.0
7420,0.0
7421,0.0
7422,0.0
7423,0.0
7424,0.0
7425,0.0
7426,0.0
7427,0.0
7428,0.0
7429,0.0
7430,0.0
7431,0.0
7432,0.0
7433,0.0
7434,0.0
7435,0.0
7436,0.0
7437,0.0
7438,0.0
7439,0.0
7440,0.0
7441,0.0
7442,0.0
7443,0.0
7444,0.0
7445,0.0
7446,0.0
7447,0.0
7448,0.0
7449,0.0
7450,0.0
7451,0.0
7452,0.0
7453,0.0
7454,0.0
7455,0.0
7456,0.0
7457,0.0
7458,0.0
7459,0.0
7460,0.0
7461,0.0
7462,0.0
7463,0.0
7464,0.0
7465,0.0
7466,0.0
7467,0.0
7468,0.0
7469,0.0
7470,0.0
7471,0.0
7472,0.0
7473,0.0
7474,0.0
7475,0.0
7476,0.0
7477,0.0
7478,0.0
7479,0.0
7480,0.0
7481,0.0
7482,0.0
7483,0.0
7484,0.0
7485,0.0
7486,0.0
7487,0.0
7488,0.0
7489,0.0
7490,0.0
7491,0.0
7492,0.0
7493,0.0
7494,0.0
7495,0.0
7496,0.0
7497,0.0
7498,0.0
7499,0.0
7500,0.0
7501,0.0
7502,0.0
7503,0.0
7504,0.0
7505,0.0
7506,0.0
7507,0.0
7508,0.0
7509,0.0
7510,0.0
7511,0.0
7512,0.0
7513,0.0
7514,0.0
7515,0.0
7516,0.0
7517,0.0
7518,0.0
7519,0.0
7520,0.0
7521,0.0
7522,0.0
7523,0.0
7524,0.0
7525,0.0
7526,0.0
7527,0.0
7528,0.0
7529,0.0
7530,0.0
7531,0.0
7532,0.0
7533,0.0
7534,0.0
7535,0.0
7536,0.0
7537,0.0
7538,0.0
7539,0.0
7540,0.0
7541,0.0
7542,0.0
7543,0.0
7544,0.0
7545,0.0
7546,0.0
7547,0.0
7548,0.0
7549,0.0
7550,0.0
7551,0.0
7552,0.0
7553,0.0
7554,0.0
7555,0.0
7556,0.0
7557,0.0
7558,0.0
7559,0.0
7560,0.0
7561,0.0
7562,0.0
7563,0.0
7564,0.0
7565,0.0
7566,0.0
7567,0.0
7568,0.0
7569,0.0
7570,0.0
7571,0.0
7572,0.0
7573,0.0
7574,0.0
7575,0.0
7576,0.0
7577,0.0
7578,0.0
7579,0.0
7580,0.0
7581,0.0
7582,0.0
7583,0.0
7584,0.0
7585,0.0
7586,0.0
7587,0.0
7588,0.0
7589,0.0
7590,0.0
7591,0.0
7592,0.0
7593,0.0
7594,0.0
7595,0.0
7596,0.0
7597,0.0
7598,0.0
7599,0.0
7600,0.0
7601,0.0
7602,0.0
7603,0.0
7604,0.0
7605,0.0
7606,0.0
7607,0.0
7608,0.0
7609,0.0
7610,0.0
7611,0.0
7612,0.0
7613,0.0
7614,0.0
7615,0.0
7616,0.0
7617,0.0
7618,0.0
7619,0.0
7620,0.0
7621,0.0
7622,0.0
7623,0.0
7624,0.0
7625,0.0
7626,0.0
7627,0.0
7628,0.0
7629,0.0
7630,0.0
7631,0.0
7632,0.0
7633,0.0
7634,0.0
7635,0.0
7636,0.0
7637,0.0
7638,0.0
7639,0.0
7640,0.0
7641,0.0
7642,0.0
7643,0.0
7644,0.0
7645,0.0
7646,0.0
7647,0.0
7648,0.0
7649,0.0
7650,0.0
7651,0.0
7652,0.0
7653,0.0
7654,0.0
7655,0.0
7656,0.0
7657,0.0
7658,0.0
7659,0.0
7660,0.0
7661,0.0
7662,0.0
7663,0.0
7664,0.0
7665,0.0
7666,0.0
7667,0.0
7668,0.0
7669,0.0
7670,0.0
7671,0.0
7672,0.0
7673,0.0
7674,0.0
7675,0.0
7676,0.0
7677,0.0
7678,0.0
7679,0.0
7680,0.0
7681,0.0
7682,0.0
7683,0.0
7684,0.0
7685,0.0
7686,0.0
7687,0.0
7688,0.0
7689,0.0
7690,0.0
7691,0.0
7692,0.0
7693,0.0
7694,0.0
7695,0.0
7696,0.0
7697,0.0
7698,0.0
7699,0.0
7700,0.0
7701,0.0
7702,0.0
7703,0.0
7704,0.0
7705,0.0
7706,0.0
7707,0.0
7708,0.0
7709,0.0
7710,0.0
7711,0.0
7712,0.0
7713,0.0
7714,0.0
7715,0.0
7716,0.0
7717,0.0
7718,0.0
7719,0.0
7720,0.0
7721,0.0
7722,0.0
7723,0.0
7724,0.0
7725,0.0
7726,0.0
7727,0.0
7728,0.0
7729,0.0
7730,0.0
7731,0.0
7732,0.0
7733,0.0
7734,0.0
7735,0.0
7736,0.0
7737,0.0
7738,0.0
7739,0.0
7740,0.0
7741,0.0
7742,0.0
7743,0.0
7744,0.0
7745,0.0
7746,0.0
7747,0.0
7748,0.0
7749,0.0
7750,0.0
7751,0.0
7752,0.0
7753,0.0
7754,0.0
7755,0.0
7756,0.0
7757,0.0
7758,0.0
7759,0.0
7760,0.0
7761,0.0
7762,0.0
7763,0.0
7764,0.0
7765,0.0
7766,0.0
7767,0.0
7768,0.0
7769,0.0
7770,0.0
7771,0.0
7772,0.0
7773,0.0
7774,0.0
7775,0.0
7776,0.0
7777,0.0
7778,0.0
7779,0.0
7780,0.0
7781,0.0
7782,0.0
7783,0.0
7784,0.0
7785,0.0
7786,0.0
7787,0.0
7788,0.0
7789,0.0
7790,0.0
7791,0.0
7792,0.0
7793,0.0
7794,0.0
7795,0.0
7796,0.0
7797,0.0
7798,0.0
7799,0.0
7800,0.0
7801,0.0
7802,0.0
7803,0.0
7804,0.0
7805,0.0
7806,0.0
7807,0.0
7808,0.0
7809,0.0
7810,0.0
7811,0.0
7812,0.0
7813,0.0
7814,0.0
7815,0.0
7816,0.0
7817,0.0
7818,0.0
7819,0.0
7820,0.0
7821,0.0
7822,0.0
7823,0.0
7824,0.0
7825,0.0
7826,0.0
7827,0.0
7828,0.0
7829,0.0
7830,0.0
7831,0.0
7832,0.0
7833,0.0
7834,0.0
7835,0.0
7836,0.0
7837,0.0
7838,0.0
7839,0.0
7840,0.0
7841,0.0
7842,0.0
7843,0.0
7844,0.0
7845,0.0
7846,0.0
7847,0.0
7848,0.0
7849,0.0
7850,0.0
7851,0.0
7852,0.0
7853,0.0
7854,0.0
7855,0.0
7856,0.0
7857,0.0
7858,0.0
7859,0.0
7860,0.0
7861,0.0
7862,0.0
7863,0.0
7864,0.0
7865,0.0
7866,0.0
7867,0.0
7868,0.0
7869,0.0
7870,0.0
7871,0.0
7872,0.0
7873,0.0
7874,0.0
7875,0.0
7876,0.0
7877,0.0
7878,0.0
7879,0.0
7880,0.0
7881,0.0
7882,0.0
7883,0.0
7884,0.0
7885,0.0
7886,0.0
7887,0.0
7888,0.0
7889,0.0
7890,0.0
7891,0.0
7892,0.0
7893,0.0
7894,0.0
7895,0.0
7896,0.0
7897,0.0
7898,0.0
7899,0.0
7900,0.0
7901,0.0
7902,0.0
7903,0.0
7904,0.0
7905,0.0
7906,0.0
7907,0.0
7908,0.0
7909,0.0
7910,0.0
7911,0.0
7912,0.0
7913,0.0
7914,0.0
7915,0.0
7916,0.0
7917,0.0
7918,0.0
7919,0.0
7920,0.0
7921,0.0
7922,0.0
7923,0.0
7924,0.0
7925,0.0
7926,0.0
7927,0.0
7928,0.0
7929,0.0
7930,0.0
7931,0.0
7932,0.0
7933,0.0
7934,0.0
7935,0.0
7936,0.0
7937,0.0
7938,0.0
7939,0.0
7940,0.0
7941,0.0
7942,0.0
7943,0.0
7944,0.0
7945,0.0
7946,0.0
7947,0.0
7948,0.0
7949,0.0
7950,0.0
7951,0.0
7952,0.0
7953,0.0
7954,0.0
7955,0.0
7956,0.0
7957,0.0
7958,0.0
7959,0.0
7960,0.0
7961,0.0
7962,0.0
7963,0.0
7964,0.0
7965,0.0
7966,0.0
7967,0.0
7968,0.0
7969,0.0
7970,0.0
7971,0.0
7972,0.0
7973,0.0
7974,0.0
7975,0.0
7976,0.0
7977,0.0
7978,0.0
7979,0.0
7980,0.0
7981,0.0
7982,0.0
7983,0.0
7984,0.0
7985,0.0
7986,0.0
7987,0.0
7988,0.0
7989,0.0
7990,0.0
7991,0.0
7992,0.0
7993,0.0
7994,0.0
7995,0.0
7996,0.0
7997,0.0
7998,0.0
7999,0.0
8000,0.0
8001,0.0
8002,0.0
8003,0.0
8004,0.0
8005,0.0
8006,0.0
8007,0.0
8008,0.0
8009,0.0
8010,0.0
8011,0.0
8012,0.0
8013,0.0
8014,0.0
8015,0.0
8016,0.0
8017,0.0
8018,0.0
8019,0.0
8020,0.0
8021,0.0
8022,0.0
8023,0.0
8024,0.0
8025,0.0
8026,0.0
8027,0.0
8028,0.0
8029,0.0
8030,0.0
8031,0.0
8032,0.0
8033,0.0
8034,0.0
8035,0.0
8036,0.0
8037,0.0
8038,0.0
8039,0.0
8040,0.0
8041,0.0
8042,0.0
8043,0.0
8044,0.0
8045,0.0
8046,0.0
8047,0.0
8048,0.0
8049,0.0
8050,0.0
8051,0.0
8052,0.0
8053,0.0
8054,0.0
8055,0.0
8056,0.0
8057,0.0
8058,0.0
8059,0.0
8060,0.0
8061,0.0
8062,0.0
8063,0.0
8064,0.0
8065,0.0
8066,0.0
8067,0.0
8068,0.0
8069,0.0
8070,0.0
8071,0.0
8072,0.0
8073,0.0
8074,0.0
8075,0.0
8076,0.0
8077,0.0
8078,0.0
8079,0.0
8080,0.0
8081,0.0
8082,0.0
8083,0.0
8084,0.0
8085,0.0
8086,0.0
8087,0.0
8088,0.0
8089,0.0
8090,0.0
8091,0.0
8092,0.0
8093,0.0
8094,0.0
8095,0.0
8096,0.0
8097,0.0
8098,0.0
8099,0.0
8100,0.0
8101,0.0
8102,0.0
8103,0.0
8104,0.0
8105,0.0
8106,0.0
8107,0.0
8108,0.0
8109,0.0
8110,0.0
8111,0.0
8112,0.0
8113,0.0
8114,0.0
8115,0.0
8116,0.0
8117,0.0
8118,0.0
8119,0.0
8120,0.0
8121,0.0
8122,0.0
8123,0.0
8124,0.0
8125,0.0
8126,0.0
8127,0.0
8128,0.0
8129,0.0
8130,0.0
8131,0.0
8132,0.0
8133,0.0
8134,0.0
8135,0.0
8136,0.0
8137,0.0
8138,0.0
8139,0.0
8140,0.0
8141,0.0
8142,0.0
8143,0.0
8144,0.0
8145,0.0
8146,0.0
8147,0.0
8148,0.0
8149,0.0
8150,0.0
8151,0.0
8152,0.0
8153,0.0
8154,0.0
8155,0.0
8156,0.0
8157,0.0
8158,0.0
8159,0.0
8160,0.0
8161,0.0
8162,0.0
8163,0.0
8164,0.0
8165,0.0
8166,0.0
8167,0.0
8168,0.0
8169,0.0
8170,0.0
8171,0.0
8172,0.0
8173,0.0
8174,0.0
8175,0.0
8176,0.0
8177,0.0
8178,0.0
8179,0.0
8180,0.0
8181,0.0
8182,0.0
8183,0.0
8184,0.0
8185,0.0
8186,0.0
8187,0.0
8188,0.0
8189,0.0
8190,0.0
8191,0.0
8192,0.0
8193,0.0
8194,0.0
8195,0.0
8196,0.0
8197,0.0
8198,0.0
8199,0.0
8200,0.0
8201,0.0
8202,0.0
8203,0.0
8204,0.0
8205,0.0
8206,0.0
8207,0.0
8208,0.0
8209,0.0
8210,0.0
8211,0.0
8212,0.0
8213,0.0
8214,0.0
8215,0.0
8216,0.0
8217,0.0
8218,0.0
8219,0.0
8220,0.0
8221,0.0
8222,0.0
8223,0.0
8224,0.0
8225,0.0
8226,0.0
8227,0.0
8228,0.0
8229,0.0
8230,0.0
8231,0.0
8232,0.0
8233,0.0
8234,0.0
8235,0.0
8236,0.0
8237,0.0
8238,0.0
8239,0.0
8240,0.0
8241,0.0
8242,0.0
8243,0.0
8244,0.0
8245,0.0
8246,0.0
8247,0.0
8248,0.0
8249,0.0
8250,0.0
8251,0.0
8252,0.0
8253,0.0
8254,0.0
8255,0.0
8256,0.0
8257,0.0
8258,0.0
8259,0.0
8260,0.0
8261,0.0
8262,0.0
8263,0.0
8264,0.0
8265,0.0
8266,0.0
8267,0.0
8268,0.0
8269,0.0
8270,0.0
8271,0.0
8272,0.0
8273,0.0
8274,0.0
8275,0.0
8276,0.0
8277,0.0
8278,0.0
8279,0.0
8280,0.0
8281,0.0
8282,0.0
8283,0.0
8284,0.0
8285,0.0
8286,0.0
8287,0.0
8288,0.0
8289,0.0
8290,0.0
8291,0.0
8292,0.0
8293,0.0
8294,0.0
8295,0.0
8296,0.0
8297,0.0
8298,0.0
8299,0.0
8300,0.0
8301,0.0
8302,0.0
8303,0.0
8304,0.0
8305,0.0
8306,0.0
8307,0.0
8308,0.0
8309,0.0
8310,0.0
8311,0.0
8312,0.0
8313,0.0
8314,0.0
8315,0.0
8316,0.0
8317,0.0
8318,0.0
8319,0.0
8320,0.0
8321,0.0
8322,0.0
8323,0.0
8324,0.0
8325,0.0
8326,0.0
8327,0.0
8328,0.0
8329,0.0
8330,0.0
8331,0.0
8332,0.0
8333,0.0
8334,0.0
8335,0.0
8336,0.0
8337,0.0
8338,0.0
8339,0.0
8340,0.0
8341,0.0
8342,0.0
8343,0.0
8344,0.0
8345,0.0
8346,0.0
8347,0.0
8348,0.0
8349,0.0
8350,0.0
8351,0.0
8352,0.0
8353,0.0
8354,0.0
8355,0.0
8356,0.0
8357,0.0
8358,0.0
8359,0.0
8360,0.0
8361,0.0
8362,0.0
8363,0.0
8364,0.0
8365,0.0
8366,0.0
8367,0.0
8368,0.0
8369,0.0
8370,0.0
8371,0.0
8372,0.0
8373,0.0
8374,0.0
8375,0.0
8376,0.0
8377,0.0
8378,0.0
8379,0.0
8380,0.0
8381,0.0
8382,0.0
8383,0.0
8384,0.0
8385,0.0
8386,0.0
8387,0.0
8388,0.0
8389,0.0
8390,0.0
8391,0.0
8392,0.0
8393,0.0
8394,0.0
8395,0.0
8396,0.0
8397,0.0
8398,0.0
8399,0.0
8400,0.0
8401,0.0
8402,0.0
8403,0.0
8404,0.0
8405,0.0
8406,0.0
8407,0.0
8408,0.0
8409,0.0
8410,0.0
8411,0.0
8412,0.0
8413,0.0
8414,0.0
8415,0.0
8416,0.0
8417,0.0
8418,0.0
8419,0.0
8420,0.0
8421,0.0
8422,0.0
8423,0.0
8424,0.0
8425,0.0
8426,0.0
8427,0.0
8428,0.0
8429,0.0
8430,0.0
8431,0.0
8432,0.0
8433,0.0
8434,0.0
8435,0.0
8436,0.0
8437,0.0
8438,0.0
8439,0.0
8440,0.0
8441,0.0
8442,0.0
8443,0.0
8444,0.0
8445,0.0
8446,0.0
8447,0.0
8448,0.0
8449,0.0
8450,0.0
8451,0.0
8452,0.0
8453,0.0
8454,0.0
8455,0.0
8456,0.0
8457,0.0
8458,0.0
8459,0.0
8460,0.0
8461,0.0
8462,0.0
8463,0.0
8464,0.0
8465,0.0
8466,0.0
8467,0.0
8468,0.0
8469,0.0
8470,0.0
8471,0.0
8472,0.0
8473,0.0
8474,0.0
8475,0.0
8476,0.0
8477,0.0
8478,0.0
8479,0.0
8480,0.0
8481,0.0
8482,0.0
8483,0.0
8484,0.0
8485,0.0
8486,0.0
8487,0.0
8488,0.0
8489,0.0
8490,0.0
8491,0.0
8492,0.0
8493,0.0
8494,0.0
8495,0.0
8496,0.0
8497,0.0
8498,0.0
8499,0.0
8500,0.0
8501,0.0
8502,0.0
8503,0.0
8504,0.0
8505,0.0
8506,0.0
8507,0.0
8508,0.0
8509,0.0
8510,0.0
8511,0.0
8512,0.0
8513,0.0
8514,0.0
8515,0.0
8516,0.0
8517,0.0
8518,0.0
8519,0.0
8520,0.0
8521,0.0
8522,0.0
8523,0.0
8524,0.0
8525,0.0
8526,0.0
8527,0.0
8528,0.0
8529,0.0
8530,0.0
8531,0.0
8532,0.0
8533,0.0
8534,0.0
8535,0.0
8536,0.0
8537,0.0
8538,0.0
8539,0.0
8540,0.0
8541,0.0
8542,0.0
8543,0.0
8544,0.0
8545,0.0
8546,0.0
8547,0.0
8548,0.0
8549,0.0
8550,0.0
8551,0.0
8552,0.0
8553,0.0
8554,0.0
8555,0.0
8556,0.0
8557,0.0
8558,0.0
8559,0.0
8560,0.0
8561,0.0
8562,0.0
8563,0.0
8564,0.0
8565,0.0
8566,0.0
8567,0.0
8568,0.0
8569,0.0
8570,0.0
8571,0.0
8572,0.0
8573,0.0
8574,0.0
8575,0.0
8576,0.0
8577,0.0
8578,0.0
8579,0.0
8580,0.0
8581,0.0
8582,0.0
8583,0.0
8584,0.0
8585,0.0
8586,0.0
8587,0.0
8588,0.0
8589,0.0
8590,0.0
8591,0.0
8592,0.0
8593,0.0
8594,0.0
8595,0.0
8596,0.0
8597,0.0
8598,0.0
8599,0.0
8600,0.0
8601,0.0
8602,0.0
8603,0.0
8604,0.0
8605,0.0
8606,0.0
8607,0.0
8608,0.0
8609,0.0
8610,0.0
8611,0.0
8612,0.0
8613,0.0
8614,0.0
8615,0.0
8616,0.0
8617,0.0
8618,0.0
8619,0.0
8620,0.0
8621,0.0
8622,0.0
8623,0.0
8624,0.0
8625,0.0
8626,0.0
8627,0.0
8628,0.0
8629,0.0
8630,0.0
8631,0.0
8632,0.0
8633,0.0
8634,0.0
8635,0.0
8636,0.0
8637,0.0
8638,0.0
8639,0.0
8640,0.0
8641,0.0
8642,0.0
8643,0.0
8644,0.0
8645,0.0
8646,0.0
8647,0.0
8648,0.0
8649,0.0
8650,0.0
8651,0.0
8652,0.0
8653,0.0
8654,0.0
8655,0.0
8656,0.0
8657,0.0
8658,0.0
8659,0.0
8660,0.0
8661,0.0
8662,0.0
8663,0.0
8664,0.0
8665,0.0
8666,0.0
8667,0.0
8668,0.0
8669,0.0
8670,0.0
8671,0.0
8672,0.0
8673,0.0
8674,0.0
8675,0.0
8676,0.0
8677,0.0
8678,0.0
8679,0.0
8680,0.0
8681,0.0
8682,0.0
8683,0.0
8684,0.0
8685,0.0
8686,0.0
8687,0.0
8688,0.0
8689,0.0
8690,0.0
8691,0.0
8692,0.0
8693,0.0
8694,0.0
8695,0.0
8696,0.0
8697,0.0
8698,0.0
8699,0.0
8700,0.0
8701,0.0
8702,0.0
8703,0.0
8704,0.0
8705,0.0
8706,0.0
8707,0.0
8708,0.0
8709,0.0
8710,0.0
8711,0.0
8712,0.0
8713,0.0
8714,0.0
8715,0.0
8716,0.0
8717,0.0
8718,0.0
8719,0.0
8720,0.0
8721,0.0
8722,0.0
8723,0.0
8724,0.0
8725,0.0
8726,0.0
8727,0.0
8728,0.0
8729,0.0
8730,0.0
8731,0.0
8732,0.0
8733,0.0
8734,0.0
8735,0.0
8736,0.0
8737,0.0
8738,0.0
8739,0.0
8740,0.0
8741,0.0
8742,0.0
8743,0.0
8744,0.0
8745,0.0
8746,0.0
8747,0.0
8748,0.0
8749,0.0
8750,0.0
8751,0.0
8752,0.0
8753,0.0
8754,0.0
8755,0.0
8756,0.0
8757,0.0
8758,0.0
8759,0.0
8760,0.0
8761,0.0
8762,0.0
8763,0.0
8764,0.0
8765,0.0
8766,0.0
8767,0.0
8768,0.0
8769,0.0
8770,0.0
8771,0.0
8772,0.0
8773,0.0
8774,0.0
8775,0.0
8776,0.0
8777,0.0
8778,0.0
8779,0.0
8780,0.0
8781,0.0
8782,0.0
8783,0.0
8784,0.0
8785,0.0
8786,0.0
8787,0.0
8788,0.0
8789,0.0
8790,0.0
8791,0.0
8792,0.0
8793,0.0
8794,0.0
8795,0.0
8796,0.0
8797,0.0
8798,0.0
8799,0.0
8800,0.0
8801,0.0
8802,0.0
8803,0.0
8804,0.0
8805,0.0
8806,0.0
8807,0.0
8808,0.0
8809,0.0
8810,0.0
8811,0.0
8812,0.0
8813,0.0
8814,0.0
8815,0.0
8816,0.0
8817,0.0
8818,0.0
8819,0.0
8820,0.0
8821,0.0
8822,0.0
8823,0.0
8824,0.0
8825,0.0
8826,0.0
8827,0.0
8828,0.0
8829,0.0
8830,0.0
8831,0.0
8832,0.0
8833,0.0
8834,0.0
8835,0.0
8836,0.0
8837,0.0
8838,0.0
8839,0.0
8840,0.0
8841,0.0
8842,0.0
8843,0.0
8844,0.0
8845,0.0
8846,0.0
8847,0.0
8848,0.0
8849,0.0
8850,0.0
8851,0.0
8852,0.0
8853,0.0
8854,0.0
8855,0.0
8856,0.0
8857,0.0
8858,0.0
8859,0.0
8860,0.0
8861,0.0
8862,0.0
8863,0.0
8864,0.0
8865,0.0
8866,0.0
8867,0.0
8868,0.0
8869,0.0
8870,0.0
8871,0.0
8872,0.0
8873,0.0
8874,0.0
8875,0.0
8876,0.0
8877,0.0
8878,0.0
8879,0.0
8880,0.0
8881,0.0
8882,0.0
8883,0.0
8884,0.0
8885,0.0
8886,0.0
8887,0.0
8888,0.0
8889,0.0
8890,0.0
8891,0.0
8892,0.0
8893,0.0
8894,0.0
8895,0.0
8896,0.0
8897,0.0
8898,0.0
8899,0.0
8900,0.0
8901,0.0
8902,0.0
8903,0.0
8904,0.0
8905,0.0
8906,0.0
8907,0.0
8908,0.0
8909,0.0
8910,0.0
8911,0.0
8912,0.0
8913,0.0
8914,0.0
8915,0.0
8916,0.0
8917,0.0
8918,0.0
8919,0.0
8920,0.0
8921,0.0
8922,0.0
8923,0.0
8924,0.0
8925,0.0
8926,0.0
8927,0.0
8928,0.0
8929,0.0
8930,0.0
8931,0.0
8932,0.0
8933,0.0
8934,0.0
8935,0.0
8936,0.0
8937,0.0
8938,0.0
8939,0.0
8940,0.0
8941,0.0
8942,0.0
8943,0.0
8944,0.0
8945,0.0
8946,0.0
8947,0.0
8948,0.0
8949,0.0
8950,0.0
8951,0.0
8952,0.0
8953,0.0
8954,0.0
8955,0.0
8956,0.0
8957,0.0
8958,0.0
8959,0.0
8960,0.0
8961,0.0
8962,0.0
8963,0.0
8964,0.0
8965,0.0
8966,0.0
8967,0.0
8968,0.0
8969,0.0
8970,0.0
8971,0.0
8972,0.0
8973,0.0
8974,0.0
8975,0.0
8976,0.0
8977,0.0
8978,0.0
8979,0.0
8980,0.0
8981,0.0
8982,0.0
8983,0.0
8984,0.0
8985,0.0
8986,0.0
8987,0.0
8988,0.0
8989,0.0
8990,0.0
8991,0.0
8992,0.0
8993,0.0
8994,0.0
8995,0.0
8996,0.0
8997,0.0
8998,0.0
8999,0.0
9000,0.0
9001,0.0
9002,0.0
9003,0.0
9004,0.0
9005,0.0
9006,0.0
9007,0.0
9008,0.0
9009,0.0
9010,0.0
9011,0.0
9012,0.0
9013,0.0
9014,0.0
9015,0.0
9016,0.0
9017,0.0
9018,0.0
9019,0.0
9020,0.0
9021,0.0
9022,0.0
9023,0.0
9024,0.0
9025,0.0
9026,0.0
9027,0.0
9028,0.0
9029,0.0
9030,0.0
9031,0.0
9032,0.0
9033,0.0
9034,0.0
9035,0.0
9036,0.0
9037,0.0
9038,0.0
9039,0.0
9040,0.0
9041,0.0
9042,0.0
9043,0.0
9044,0.0
9045,0.0
9046,0.0
9047,0.0
9048,0.0
9049,0.0
9050,0.0
9051,0.0
9052,0.0
9053,0.0
9054,0.0
9055,0.0
9056,0.0
9057,0.0
9058,0.0
9059,0.0
9060,0.0
9061,0.0
9062,0.0
9063,0.0
9064,0.0
9065,0.0
9066,0.0
9067,0.0
9068,0.0
9069,0.0
9070,0.0
9071,0.0
9072,0.0
9073,0.0
9074,0.0
9075,0.0
9076,0.0
9077,0.0
9078,0.0
9079,0.0
9080,0.0
9081,0.0
9082,0.0
9083,0.0
9084,0.0
9085,0.0
9086,0.0
9087,0.0
9088,0.0
9089,0.0
9090,0.0
9091,0.0
9092,0.0
9093,0.0
9094,0.0
9095,0.0
9096,0.0
9097,0.0
9098,0.0
9099,0.0
9100,0.0
9101,0.0
9102,0.0
9103,0.0
9104,0.0
9105,0.0
9106,0.0
9107,0.0
9108,0.0
9109,0.0
9110,0.0
9111,0.0
9112,0.0
9113,0.0
9114,0.0
9115,0.0
9116,0.0
9117,0.0
9118,0.0
9119,0.0
9120,0.0
9121,0.0
9122,0.0
9123,0.0
9124,0.0
9125,0.0
9126,0.0
9127,0.0
9128,0.0
9129,0.0
9130,0.0
9131,0.0
9132,0.0
9133,0.0
9134,0.0
9135,0.0
9136,0.0
9137,0.0
9138,0.0
9139,0.0
9140,0.0
9141,0.0
9142,0.0
9143,0.0
9144,0.0
9145,0.0
9146,0.0
9147,0.0
9148,0.0
9149,0.0
9150,0.0
9151,0.0
9152,0.0
9153,0.0
9154,0.0
9155,0.0
9156,0.0
9157,0.0
9158,0.0
9159,0.0
9160,0.0
9161,0.0
9162,0.0
9163,0.0
9164,0.0
9165,0.0
9166,0.0
9167,0.0
9168,0.0
9169,0.0
9170,0.0
9171,0.0
9172,0.0
9173,0.0
9174,0.0
9175,0.0
9176,0.0
9177,0.0
9178,0.0
9179,0.0
9180,0.0
9181,0.0
9182,0.0
9183,0.0
9184,0.0
9185,0.0
9186,0.0
9187,0.0
9188,0.0
9189,0.0
9190,0.0
9191,0.0
9192,0.0
9193,0.0
9194,0.0
9195,0.0
9196,0.0
9197,0.0
9198,0.0
9199,0.0
9200,0.0
9201,0.0
9202,0.0
9203,0.0
9204,0.0
9205,0.0
9206,0.0
9207,0.0
9208,0.0
9209,0.0
9210,0.0
9211,0.0
9212,0.0
9213,0.0
9214,0.0
9215,0.0
9216,0.0
9217,0.0
9218,0.0
9219,0.0
9220,0.0
9221,0.0
9222,0.0
9223,0.0
9224,0.0
9225,0.0
9226,0.0
9227,0.0
9228,0.0
9229,0.0
9230,0.0
9231,0.0
9232,0.0
9233,0.0
9234,0.0
9235,0.0
9236,0.0
9237,0.0
9238,0.0
9239,0.0
9240,0.0
9241,0.0
9242,0.0
9243,0.0
9244,0.0
9245,0.0
9246,0.0
9247,0.0
9248,0.0
9249,0.0
9250,0.0
9251,0.0
9252,0.0
9253,0.0
9254,0.0
9255,0.0
9256,0.0
9257,0.0
9258,0.0
9259,0.0
9260,0.0
9261,0.0
9262,0.0
9263,0.0
9264,0.0
9265,0.0
9266,0.0
9267,0.0
9268,0.0
9269,0.0
9270,0.0
9271,0.0
9272,0.0
9273,0.0
9274,0.0
9275,0.0
9276,0.0
9277,0.0
9278,0.0
9279,0.0
9280,0.0
9281,0.0
9282,0.0
9283,0.0
9284,0.0
9285,0.0
9286,0.0
9287,0.0
9288,0.0
9289,0.0
9290,0.0
9291,0.0
9292,0.0
9293,0.0
9294,0.0
9295,0.0
9296,0.0
9297,0.0
9298,0.0
9299,0.0
9300,0.0
9301,0.0
9302,0.0
9303,0.0
9304,0.0
9305,0.0
9306,0.0
9307,0.0
9308,0.0
9309,0.0
9310,0.0
9311,0.0
9312,0.0
9313,0.0
9314,0.0
9315,0.0
9316,0.0
9317,0.0
9318,0.0
9319,0.0
9320,0.0
9321,0.0
9322,0.0
9323,0.0
9324,0.0
9325,0.0
9326,0.0
9327,0.0
9328,0.0
9329,0.0
9330,0.0
9331,0.0
9332,0.0
9333,0.0
9334,0.0
9335,0.0
9336,0.0
9337,0.0
9338,0.0
9339,0.0
9340,0.0
9341,0.0
9342,0.0
9343,0.0
9344,0.0
9345,0.0
9346,0.0
9347,0.0
9348,0.0
9349,0.0
9350,0.0
9351,0.0
9352,0.0
9353,0.0
9354,0.0
9355,0.0
9356,0.0
9357,0.0
9358,0.0
9359,0.0
9360,0.0
9361,0.0
9362,0.0
9363,0.0
9364,0.0
9365,0.0
9366,0.0
9367,0.0
9368,0.0
9369,0.0
9370,0.0
9371,0.0
9372,0.0
9373,0.0
9374,0.0
9375,0.0
9376,0.0
9377,0.0
9378,0.0
9379,0.0
9380,0.0
9381,0.0
9382,0.0
9383,0.0
9384,0.0
9385,0.0
9386,0.0
9387,0.0
9388,0.0
9389,0.0
9390,0.0
9391,0.0
9392,0.0
9393,0.0
9394,0.0
9395,0.0
9396,0.0
9397,0.0
9398,0.0
9399,0.0
9400,0.0
9401,0.0
9402,0.0
9403,0.0
9404,0.0
9405,0.0
9406,0.0
9407,0.0
9408,0.0
9409,0.0
9410,0.0
9411,0.0
9412,0.0
9413,0.0
9414,0.0
9415,0.0
9416,0.0
9417,0.0
9418,0.0
9419,0.0
9420,0.0
9421,0.0
9422,0.0
9423,0.0
9424,0.0
9425,0.0
9426,0.0
9427,0.0
9428,0.0
9429,0.0
9430,0.0
9431,0.0
9432,0.0
9433,0.0
9434,0.0
9435,0.0
9436,0.0
9437,0.0
9438,0.0
9439,0.0
9440,0.0
9441,0.0
9442,0.0
9443,0.0
9444,0.0
9445,0.0
9446,0.0
9447,0.0
9448,0.0
9449,0.0
9450,0.0
9451,0.0
9452,0.0
9453,0.0
9454,0.0
9455,0.0
9456,0.0
9457,0.0
9458,0.0
9459,0.0
9460,0.0
9461,0.0
9462,0.0
9463,0.0
9464,0.0
9465,0.0
9466,0.0
9467,0.0
9468,0.0
9469,0.0
9470,0.0
9471,0.0
9472,0.0
9473,0.0
9474,0.0
9475,0.0
9476,0.0
9477,0.0
9478,0.0
9479,0.0
9480,0.0
9481,0.0
9482,0.0
9483,0.0
9484,0.0
9485,0.0
9486,0.0
9487,0.0
9488,0.0
9489,0.0
9490,0.0
9491,0.0
9492,0.0
9493,0.0
9494,0.0
9495,0.0
9496,0.0
9497,0.0
9498,0.0
9499,0.0
9500,0.0
9501,0.0
9502,0.0
9503,0.0
9504,0.0
9505,0.0
9506,0.0
9507,0.0
9508,0.0
9509,0.0
9510,0.0
9511,0.0
9512,0.0
9513,0.0
9514,0.0
9515,0.0
9516,0.0
9517,0.0
9518,0.0
9519,0.0
9520,0.0
9521,0.0
9522,0.0
9523,0.0
9524,0.0
9525,0.0
9526,0.0
9527,0.0
9528,0.0
9529,0.0
9530,0.0
9531,0.0
9532,0.0
9533,0.0
9534,0.0
9535,0.0
9536,0.0
9537,0.0
9538,0.0
9539,0.0
9540,0.0
9541,0.0
9542,0.0
9543,0.0
9544,0.0
9545,0.0
9546,0.0
9547,0.0
9548,0.0
9549,0.0
9550,0.0
9551,0.0
9552,0.0
9553,0.0
9554,0.0
9555,0.0
9556,0.0
9557,0.0
9558,0.0
9559,0.0
9560,0.0
9561,0.0
9562,0.0
9563,0.0
9564,0.0
9565,0.0
9566,0.0
9567,0.0
9568,0.0
9569,0.0
9570,0.0
9571,0.0
9572,0.0
9573,0.0
9574,0.0
9575,0.0
9576,0.0
9577,0.0
9578,0.0
9579,0.0
9580,0.0
9581,0.0
9582,0.0
9583,0.0
9584,0.0
9585,0.0
9586,0.0
9587,0.0
9588,0.0
9589,0.0
9590,0.0
9591,0.0
9592,0.0
9593,0.0
9594,0.0
9595,0.0
9596,0.0
9597,0.0
9598,0.0
9599,0.0
9600,0.0
9601,0.0
9602,0.0
9603,0.0
9604,0.0
9605,0.0
9606,0.0
9607,0.0
9608,0.0
9609,0.0
9610,0.0
9611,0.0
9612,0.0
9613,0.0
9614,0.0
9615,0.0
9616,0.0
9617,0.0
9618,0.0
9619,0.0
9620,0.0
9621,0.0
9622,0.0
9623,0.0
9624,0.0
9625,0.0
9626,0.0
9627,0.0
9628,0.0
9629,0.0
9630,0.0
9631,0.0
9632,0.0
9633,0.0
9634,0.0
9635,0.0
9636,0.0
9637,0.0
9638,0.0
9639,0.0
9640,0.0
9641,0.0
9642,0.0
9643,0.0
9644,0.0
9645,0.0
9646,0.0
9647,0.0
9648,0.0
9649,0.0
9650,0.0
9651,0.0
9652,0.0
9653,0.0
9654,0.0
9655,0.0
9656,0.0
9657,0.0
9658,0.0
9659,0.0
9660,0.0
9661,0.0
9662,0.0
9663,0.0
9664,0.0
9665,0.0
9666,0.0
9667,0.0
9668,0.0
9669,0.0
9670,0.0
9671,0.0
9672,0.0
9673,0.0
9674,0.0
9675,0.0
9676,0.0
9677,0.0
9678,0.0
9679,0.0
9680,0.0
9681,0.0
9682,0.0
9683,0.0
9684,0.0
9685,0.0
9686,0.0
9687,0.0
9688,0.0
9689,0.0
9690,0.0
9691,0.0
9692,0.0
9693,0.0
9694,0.0
9695,0.0
9696,0.0
9697,0.0
9698,0.0
9699,0.0
9700,0.0
9701,0.0
9702,0.0
9703,0.0
9704,0.0
9705,0.0
9706,0.0
9707,0.0
9708,0.0
9709,0.0
9710,0.0
9711,0.0
9712,0.0
9713,0.0
9714,0.0
9715,0.0
9716,0.0
9717,0.0
9718,0.0
9719,0.0
9720,0.0
9721,0.0
9722,0.0
9723,0.0
9724,0.0
9725,0.0
9726,0.0
9727,0.0
9728,0.0
9729,0.0
9730,0.0
9731,0.0
9732,0.0
9733,0.0
9734,0.0
9735,0.0
9736,0.0
9737,0.0
9738,0.0
9739,0.0
9740,0.0
9741,0.0
9742,0.0
9743,0.0
9744,0.0
9745,0.0
9746,0.0
9747,0.0
9748,0.0
9749,0.0
9750,0.0
9751,0.0
9752,0.0
9753,0.0
9754,0.0
9755,0.0
9756,0.0
9757,0.0
9758,0.0
9759,0.0
9760,0.0
9761,0.0
9762,0.0
9763,0.0
9764,0.0
9765,0.0
9766,0.0
9767,0.0
9768,0.0
9769,0.0
9770,0.0
9771,0.0
9772,0.0
9773,0.0
9774,0.0
9775,0.0
9776,0.0
9777,0.0
9778,0.0
9779,0.0
9780,0.0
9781,0.0
9782,0.0
9783,0.0
9784,0.0
9785,0.0
9786,0.0
9787,0.0
9788,0.0
9789,0.0
9790,0.0
9791,0.0
9792,0.0
9793,0.0
9794,0.0
9795,0.0
9796,0.0
9797,0.0
9798,0.0
9799,0.0
9800,0.0
9801,0.0
9802,0.0
9803,0.0
9804,0.0
9805,0.0
9806,0.0
9807,0.0
9808,0.0
9809,0.0
9810,0.0
9811,0.0
9812,0.0
9813,0.0
9814,0.0
9815,0.0
9816,0.0
9817,0.0
9818,0.0
9819,0.0
9820,0.0
9821,0.0
9822,0.0
9823,0.0
9824,0.0
9825,0.0
9826,0.0
9827,0.0
9828,0.0
9829,0.0
9830,0.0
9831,0.0
9832,0.0
9833,0.0
9834,0.0
9835,0.0
9836,0.0
9837,0.0
9838,0.0
9839,0.0
9840,0.0
9841,0.0
9842,0.0
9843,0.0
9844,0.0
9845,0.0
9846,0.0
9847,0.0
9848,0.0
9849,0.0
9850,0.0
9851,0.0
9852,0.0
9853,0.0
9854,0.0
9855,0.0
9856,0.0
9857,0.0
9858,0.0
9859,0.0
9860,0.0
9861,0.0
9862,0.0
9863,0.0
9864,0.0
9865,0.0
9866,0.0
9867,0.0
9868,0.0
9869,0.0
9870,0.0
9871,0.0
9872,0.0
9873,0.0
9874,0.0
9875,0.0
9876,0.0
9877,0.0
9878,0.0
9879,0.0
9880,0.0
9881,0.0
9882,0.0
9883,0.0
9884,0.0
9885,0.0
9886,0.0
9887,0.0
9888,0.0
9889,0.0
9890,0.0
9891,0.0
9892,0.0
9893,0.0
9894,0.0
9895,0.0
9896,0.0
9897,0.0
9898,0.0
9899,0.0
9900,0.0
9901,0.0
9902,0.0
9903,0.0
9904,0.0
9905,0.0
9906,0.0
9907,0.0
9908,0.0
9909,0.0
9910,0.0
9911,0.0
9912,0.0
9913,0.0
9914,0.0
9915,0.0
9916,0.0
9917,0.0
9918,0.0
9919,0.0
9920,0.0
9921,0.0
9922,0.0
9923,0.0
9924,0.0
9925,0.0
9926,0.0
9927,0.0
9928,0.0
9929,0.0
9930,0.0
9931,0.0
9932,0.0
9933,0.0
9934,0.0
9935,0.0
9936,0.0
9937,0.0
9938,0.0
9939,0.0
9940,0.0
9941,0.0
9942,0.0
9943,0.0
9944,0.0
9945,0.0
9946,0.0
9947,0.0
9948,0.0
9949,0.0
9950,0.0
9951,0.0
9952,0.0
9953,0.0
9954,0.0
9955,0.0
9956,0.0
9957,0.0
9958,0.0
9959,0.0
9960,0.0
9961,0.0
9962,0.0
9963,0.0
9964,0.0
9965,0.0
9966,0.0
9967,0.0
9968,0.0
9969,0.0
9970,0.0
9971,0.0
9972,0.0
9973,0.0
9974,0.0
9975,0.0
9976,0.0
9977,0.0
9978,0.0
9979,0.0
9980,0.0
9981,0.0
9982,0.0
9983,0.0
9984,0.0
9985,0.0
9986,0.0
9987,0.0
9988,0.0
9989,0.0
9990,0.0
9991,0.0
9992,0.0
9993,0.0
9994,0.0
9995,0.0
9996,0.0
9997,0.0
9998,0.0
9999,0.0
10000,0.0
10001,0.0
10002,0.0
10003,0.0
10004,0.0
10005,0.0
10006,0.0
10007,0.0
10008,0.0
10009,0.0
10010,0.0
10011,0.0
10012,0.0
10013,0.0
10014,0.0
10015,0.0
10016,0.0
10017,0.0
10018,0.0
10019,0.0
10020,0.0
10021,0.0
10022,0.0
10023,0.0
10024,0.0
10025,0.0
10026,0.0
10027,0.0
10028,0.0
10029,0.0
10030,0.0
10031,0.0
10032,0.0
10033,0.0
10034,0.0
10035,0.0
10036,0.0
10037,0.0
10038,0.0
10039,0.0
10040,0.0
10041,0.0
10042,0.0
10043,0.0
10044,0.0
10045,0.0
10046,0.0
10047,0.0
10048,0.0
10049,0.0
10050,0.0
10051,0.0
10052,0.0
10053,0.0
10054,0.0
10055,0.0
10056,0.0
10057,0.0
10058,0.0
10059,0.0
10060,0.0
10061,0.0
10062,0.0
10063,0.0
10064,0.0
10065,0.0
10066,0.0
10067,0.0
10068,0.0
10069,0.0
10070,0.0
10071,0.0
10072,0.0
10073,0.0
10074,0.0
10075,0.0
10076,0.0
10077,0.0
10078,0.0
10079,0.0
10080,0.0
10081,0.0
10082,0.0
10083,0.0
10084,0.0
10085,0.0
10086,0.0
10087,0.0
10088,0.0
10089,0.0
10090,0.0
10091,0.0
10092,0.0
10093,0.0
10094,0.0
10095,0.0
10096,0.0
10097,0.0
10098,0.0
10099,0.0
10100,0.0
10101,0.0
10102,0.0
10103,0.0
10104,0.0
10105,0.0
10106,0.0
10107,0.0
10108,0.0
10109,0.0
10110,0.0
10111,0.0
10112,0.0
10113,0.0
10114,0.0
10115,0.0
10116,0.0
10117,0.0
10118,0.0
10119,0.0
10120,0.0
10121,0.0
10122,0.0
10123,0.0
10124,0.0
10125,0.0
10126,0.0
10127,0.0
10128,0.0
10129,0.0
10130,0.0
10131,0.0
10132,0.0
10133,0.0
10134,0.0
10135,0.0
10136,0.0
10137,0.0
10138,0.0
10139,0.0
10140,0.0
10141,0.0
10142,0.0
10143,0.0
10144,0.0
10145,0.0
10146,0.0
10147,0.0
10148,0.0
10149,0.0
10150,0.0
10151,0.0
10152,0.0
10153,0.0
10154,0.0
10155,0.0
10156,0.0
10157,0.0
10158,0.0
10159,0.0
10160,0.0
10161,0.0
10162,0.0
10163,0.0
10164,0.0
10165,0.0
10166,0.0
10167,0.0
10168,0.0
10169,0.0
10170,0.0
10171,0.0
10172,0.0
10173,0.0
10174,0.0
10175,0.0
10176,0.0
10177,0.0
10178,0.0
10179,0.0
10180,0.0
10181,0.0
10182,0.0
10183,0.0
10184,0.0
10185,0.0
10186,0.0
10187,0.0
10188,0.0
10189,0.0
10190,0.0
10191,0.0
10192,0.0
10193,0.0
10194,0.0
10195,0.0
10196,0.0
10197,0.0
10198,0.0
10199,0.0
10200,0.0
10201,0.0
10202,0.0
10203,0.0
10204,0.0
10205,0.0
10206,0.0
10207,0.0
10208,0.0
10209,0.0
10210,0.0
10211,0.0
10212,0.0
10213,0.0
10214,0.0
10215,0.0
10216,0.0
10217,0.0
10218,0.0
10219,0.0
10220,0.0
10221,0.0
10222,0.0
10223,0.0
10224,0.0
10225,0.0
10226,0.0
10227,0.0
10228,0.0
10229,0.0
10230,0.0
10231,0.0
10232,0.0
10233,0.0
10234,0.0
10235,0.0
10236,0.0
10237,0.0
10238,0.0
10239,0.0
10240,0.0
10241,0.0
10242,0.0
10243,0.0
10244,0.0
10245,0.0
10246,0.0
10247,0.0
10248,0.0
10249,0.0
10250,0.0
10251,0.0
10252,0.0
10253,0.0
10254,0.0
10255,0.0
10256,0.0
10257,0.0
10258,0.0
10259,0.0
10260,0.0
10261,0.0
10262,0.0
10263,0.0
10264,0.0
10265,0.0
10266,0.0
10267,0.0
10268,0.0
10269,0.0
10270,0.0
10271,0.0
10272,0.0
10273,0.0
10274,0.0
10275,0.0
10276,0.0
10277,0.0
10278,0.0
10279,0.0
10280,0.0
10281,0.0
10282,0.0
10283,0.0
10284,0.0
10285,0.0
10286,0.0
10287,0.0
10288,0.0
10289,0.0
10290,0.0
10291,0.0
10292,0.0
10293,0.0
10294,0.0
10295,0.0
10296,0.0
10297,0.0
10298,0.0
10299,0.0
10300,0.0
10301,0.0
10302,0.0
10303,0.0
10304,0.0
10305,0.0
10306,0.0
10307,0.0
10308,0.0
10309,0.0
10310,0.0
10311,0.0
10312,0.0
10313,0.0
10314,0.0
10315,0.0
10316,0.0
10317,0.0
10318,0.0
10319,0.0
10320,0.0
10321,0.0
10322,0.0
10323,0.0
10324,0.0
10325,0.0
10326,0.0
10327,0.0
10328,0.0
10329,0.0
10330,0.0
10331,0.0
10332,0.0
10333,0.0
10334,0.0
10335,0.0
10336,0.0
10337,0.0
10338,0.0
10339,0.0
10340,0.0
10341,0.0
10342,0.0
10343,0.0
10344,0.0
10345,0.0
10346,0.0
10347,0.0
10348,0.0
10349,0.0
10350,0.0
10351,0.0
10352,0.0
10353,0.0
10354,0.0
10355,0.0
10356,0.0
10357,0.0
10358,0.0
10359,0.0
10360,0.0
10361,0.0
10362,0.0
10363,0.0
10364,0.0
10365,0.0
10366,0.0
10367,0.0
10368,0.0
10369,0.0
10370,0.0
10371,0.0
10372,0.0
10373,0.0
10374,0.0
10375,0.0
10376,0.0
10377,0.0
10378,0.0
10379,0.0
10380,0.0
10381,0.0
10382,0.0
10383,0.0
10384,0.0
10385,0.0
10386,0.0
10387,0.0
10388,0.0
10389,0.0
10390,0.0
10391,0.0
10392,0.0
10393,0.0
10394,0.0
10395,0.0
10396,0.0
10397,0.0
10398,0.0
10399,0.0
10400,0.0
10401,0.0
10402,0.0
10403,0.0
10404,0.0
10405,0.0
10406,0.0
10407,0.0
10408,0.0
10409,0.0
10410,0.0
10411,0.0
10412,0.0
10413,0.0
10414,0.0
10415,0.0
10416,0.0
10417,0.0
10418,0.0
10419,0.0
10420,0.0
10421,0.0
10422,0.0
10423,0.0
10424,0.0
10425,0.0
10426,0.0
10427,0.0
10428,0.0
10429,0.0
10430,0.0
10431,0.0
10432,0.0
10433,0.0
10434,0.0
10435,0.0
10436,0.0
10437,0.0
10438,0.0
10439,0.0
10440,0.0
10441,0.0
10442,0.0
10443,0.0
10444,0.0
10445,0.0
10446,0.0
10447,0.0
10448,0.0
10449,0.0
10450,0.0
10451,0.0
10452,0.0
10453,0.0
10454,0.0
10455,0.0
10456,0.0
10457,0.0
10458,0.0
10459,0.0
10460,0.0
10461,0.0
10462,0.0
10463,0.0
10464,0.0
10465,0.0
10466,0.0
10467,0.0
10468,0.0
10469,0.0
10470,0.0
10471,0.0
10472,0.0
10473,0.0
10474,0.0
10475,0.0
10476,0.0
10477,0.0
10478,0.0
10479,0.0
10480,0.0
10481,0.0
10482,0.0
10483,0.0
10484,0.0
10485,0.0
10486,0.0
10487,0.0
10488,0.0
10489,0.0
10490,0.0
10491,0.0
10492,0.0
10493,0.0
10494,0.0
10495,0.0
10496,0.0
10497,0.0
10498,0.0
10499,0.0
10500,0.0
10501,0.0
10502,0.0
10503,0.0
10504,0.0
10505,0.0
10506,0.0
10507,0.0
10508,0.0
10509,0.0
10510,0.0
10511,0.0
10512,0.0
10513,0.0
10514,0.0
10515,0.0
10516,0.0
10517,0.0
10518,0.0
10519,0.0
10520,0.0
10521,0.0
10522,0.0
10523,0.0
10524,0.0
10525,0.0
10526,0.0
10527,0.0
10528,0.0
10529,0.0
10530,0.0
10531,0.0
10532,0.0
10533,0.0
10534,0.0
10535,0.0
10536,0.0
10537,0.0
10538,0.0
10539,0.0
10540,0.0
10541,0.0
10542,0.0
10543,0.0
10544,0.0
10545,0.0
10546,0.0
10547,0.0
10548,0.0
10549,0.0
10550,0.0
10551,0.0
10552,0.0
10553,0.0
10554,0.0
10555,0.0
10556,0.0
10557,0.0
10558,0.0
10559,0.0
10560,0.0
10561,0.0
10562,0.0
10563,0.0
10564,0.0
10565,0.0
10566,0.0
10567,0.0
10568,0.0
10569,0.0
10570,0.0
10571,0.0
10572,0.0
10573,0.0
10574,0.0
10575,0.0
10576,0.0
10577,0.0
10578,0.0
10579,0.0
10580,0.0
10581,0.0
10582,0.0
10583,0.0
10584,0.0
10585,0.0
10586,0.0
10587,0.0
10588,0.0
10589,0.0
10590,0.0
10591,0.0
10592,0.0
10593,0.0
10594,0.0
10595,0.0
10596,0.0
10597,0.0
10598,0.0
10599,0.0
10600,0.0
10601,0.0
10602,0.0
10603,0.0
10604,0.0
10605,0.0
10606,0.0
10607,0.0
10608,0.0
10609,0.0
10610,0.0
10611,0.0
10612,0.0
10613,0.0
10614,0.0
10615,0.0
10616,0.0
10617,0.0
10618,0.0
10619,0.0
10620,0.0
10621,0.0
10622,0.0
10623,0.0
10624,0.0
10625,0.0
10626,0.0
10627,0.0
10628,0.0
10629,0.0
10630,0.0
10631,0.0
10632,0.0
10633,0.0
10634,0.0
10635,0.0
10636,0.0
10637,0.0
10638,0.0
10639,0.0
10640,0.0
10641,0.0
10642,0.0
10643,0.0
10644,0.0
10645,0.0
10646,0.0
10647,0.0
10648,0.0
10649,0.0
10650,0.0
10651,0.0
10652,0.0
10653,0.0
10654,0.0
10655,0.0
10656,0.0
10657,0.0
10658,0.0
10659,0.0
10660,0.0
10661,0.0
10662,0.0
10663,0.0
10664,0.0
10665,0.0
10666,0.0
10667,0.0
10668,0.0
10669,0.0
10670,0.0
10671,0.0
10672,0.0
10673,0.0
10674,0.0
10675,0.0
10676,0.0
10677,0.0
10678,0.0
10679,0.0
10680,0.0
10681,0.0
10682,0.0
10683,0.0
10684,0.0
10685,0.0
10686,0.0
10687,0.0
10688,0.0
10689,0.0
10690,0.0
10691,0.0
10692,0.0
10693,0.0
10694,0.0
10695,0.0
10696,0.0
10697,0.0
10698,0.0
10699,0.0
10700,0.0
10701,0.0
10702,0.0
10703,0.0
10704,0.0
10705,0.0
10706,0.0
10707,0.0
10708,0.0
10709,0.0
10710,0.0
10711,0.0
10712,0.0
10713,0.0
10714,0.0
10715,0.0
10716,0.0
10717,0.0
10718,0.0
10719,0.0
10720,0.0
10721,0.0
10722,0.0
10723,0.0
10724,0.0
10725,0.0
10726,0.0
10727,0.0
10728,0.0
10729,0.0
10730,0.0
10731,0.0
10732,0.0
10733,0.0
10734,0.0
10735,0.0
10736,0.0
10737,0.0
10738,0.0
10739,0.0
10740,0.0
10741,0.0
10742,0.0
10743,0.0
10744,0.0
10745,0.0
10746,0.0
10747,0.0
10748,0.0
10749,0.0
10750,0.0
10751,0.0
10752,0.0
10753,0.0
10754,0.0
10755,0.0
10756,0.0
10757,0.0
10758,0.0
10759,0.0
10760,0.0
10761,0.0
10762,0.0
10763,0.0
10764,0.0
10765,0.0
10766,0.0
10767,0.0
10768,0.0
10769,0.0
10770,0.0
10771,0.0
10772,0.0
10773,0.0
10774,0.0
10775,0.0
10776,0.0
10777,0.0
10778,0.0
10779,0.0
10780,0.0
10781,0.0
10782,0.0
10783,0.0
10784,0.0
10785,0.0
10786,0.0
10787,0.0
10788,0.0
10789,0.0
10790,0.0
10791,0.0
10792,0.0
10793,0.0
10794,0.0
10795,0.0
10796,0.0
10797,0.0
10798,0.0
10799,0.0
10800,0.0
10801,0.0
10802,0.0
10803,0.0
10804,0.0
10805,0.0
10806,0.0
10807,0.0
10808,0.0
10809,0.0
10810,0.0
10811,0.0
10812,0.0
10813,0.0
10814,0.0
10815,0.0
10816,0.0
10817,0.0
10818,0.0
10819,0.0
10820,0.0
10821,0.0
10822,0.0
10823,0.0
10824,0.0
10825,0.0
10826,0.0
10827,0.0
10828,0.0
10829,0.0
10830,0.0
10831,0.0
10832,0.0
10833,0.0
10834,0.0
10835,0.0
10836,0.0
10837,0.0
10838,0.0
10839,0.0
10840,0.0
10841,0.0
10842,0.0
10843,0.0
10844,0.0
10845,0.0
10846,0.0
10847,0.0
10848,0.0
10849,0.0
10850,0.0
10851,0.0
10852,0.0
10853,0.0
10854,0.0
10855,0.0
10856,0.0
10857,0.0
10858,0.0
10859,0.0
10860,0.0
10861,0.0
10862,0.0
10863,0.0
10864,0.0
10865,0.0
10866,0.0
10867,0.0
10868,0.0
10869,0.0
10870,0.0
10871,0.0
10872,0.0
10873,0.0
10874,0.0
10875,0.0
10876,0.0
10877,0.0
10878,0.0
10879,0.0
10880,0.0
10881,0.0
10882,0.0
10883,0.0
10884,0.0
10885,0.0
10886,0.0
10887,0.0
10888,0.0
10889,0.0
10890,0.0
10891,0.0
10892,0.0
10893,0.0
10894,0.0
10895,0.0
10896,0.0
10897,0.0
10898,0.0
10899,0.0
10900,0.0
10901,0.0
10902,0.0
10903,0.0
10904,0.0
10905,0.0
10906,0.0
10907,0.0
10908,0.0
10909,0.0
10910,0.0
10911,0.0
10912,0.0
10913,0.0
10914,0.0
10915,0.0
10916,0.0
10917,0.0
10918,0.0
10919,0.0
10920,0.0
10921,0.0
10922,0.0
10923,0.0
10924,0.0
10925,0.0
10926,0.0
10927,0.0
10928,0.0
10929,0.0
10930,0.0
10931,0.0
10932,0.0
10933,0.0
10934,0.0
10935,0.0
10936,0.0
10937,0.0
10938,0.0
10939,0.0
10940,0.0
10941,0.0
10942,0.0
10943,0.0
10944,0.0
10945,0.0
10946,0.0
10947,0.0
10948,0.0
10949,0.0
10950,0.0
10951,0.0
10952,0.0
10953,0.0
10954,0.0
10955,0.0
10956,0.0
10957,0.0
10958,0.0
10959,0.0
10960,0.0
10961,0.0
10962,0.0
10963,0.0
10964,0.0
10965,0.0
10966,0.0
10967,0.0
10968,0.0
10969,0.0
10970,0.0
10971,0.0
10972,0.0
10973,0.0
10974,0.0
10975,0.0
10976,0.0
10977,0.0
10978,0.0
10979,0.0
10980,0.0
10981,0.0
10982,0.0
10983,0.0
10984,0.0
10985,0.0
10986,0.0
10987,0.0
10988,0.0
10989,0.0
10990,0.0
10991,0.0
10992,0.0
10993,0.0
10994,0.0
10995,0.0
10996,0.0
10997,0.0
10998,0.0
10999,0.0
11000,0.0
11001,0.0
11002,0.0
11003,0.0
11004,0.0
11005,0.0
11006,0.0
11007,0.0
11008,0.0
11009,0.0
11010,0.0
11011,0.0
11012,0.0
11013,0.0
11014,0.0
11015,0.0
11016,0.0
11017,0.0
11018,0.0
11019,0.0
11020,0.0
11021,0.0
11022,0.0
11023,0.0
11024,0.0
11025,0.0
11026,0.0
11027,0.0
11028,0.0
11029,0.0
11030,0.0
11031,0.0
11032,0.0
11033,0.0
11034,0.0
11035,0.0
11036,0.0
11037,0.0
11038,0.0
11039,0.0
11040,0.0
11041,0.0
11042,0.0
11043,0.0
11044,0.0
11045,0.0
11046,0.0
11047,0.0
11048,0.0
11049,0.0
11050,0.0
11051,0.0
11052,0.0
11053,0.0
11054,0.0
11055,0.0
11056,0.0
11057,0.0
11058,0.0
11059,0.0
11060,0.0
11061,0.0
11062,0.0
11063,0.0
11064,0.0
11065,0.0
11066,0.0
11067,0.0
11068,0.0
11069,0.0
11070,0.0
11071,0.0
11072,0.0
11073,0.0
11074,0.0
11075,0.0
11076,0.0
11077,0.0
11078,0.0
11079,0.0
11080,0.0
11081,0.0
11082,0.0
11083,0.0
11084,0.0
11085,0.0
11086,0.0
11087,0.0
11088,0.0
11089,0.0
11090,0.0
11091,0.0
11092,0.0
11093,0.0
11094,0.0
11095,0.0
11096,0.0
11097,0.0
11098,0.0
11099,0.0
11100,0.0
11101,0.0
11102,0.0
11103,0.0
11104,0.0
11105,0.0
11106,0.0
11107,0.0
11108,0.0
11109,0.0
11110,0.0
11111,0.0
11112,0.0
11113,0.0
11114,0.0
11115,0.0
11116,0.0
11117,0.0
11118,0.0
11119,0.0
11120,0.0
11121,0.0
11122,0.0
11123,0.0
11124,0.0
11125,0.0
11126,0.0
11127,0.0
11128,0.0
11129,0.0
11130,0.0
11131,0.0
11132,0.0
11133,0.0
11134,0.0
11135,0.0
11136,0.0
11137,0.0
11138,0.0
11139,0.0
11140,0.0
11141,0.0
11142,0.0
11143,0.0
11144,0.0
11145,0.0
11146,0.0
11147,0.0
11148,0.0
11149,0.0
11150,0.0
11151,0.0
11152,0.0
11153,0.0
11154,0.0
11155,0.0
11156,0.0
11157,0.0
11158,0.0
11159,0.0
11160,0.0
11161,0.0
11162,0.0
11163,0.0
11164,0.0
11165,0.0
11166,0.0
11167,0.0
11168,0.0
11169,0.0
11170,0.0
11171,0.0
11172,0.0
11173,0.0
11174,0.0
11175,0.0
11176,0.0
11177,0.0
11178,0.0
11179,0.0
11180,0.0
11181,0.0
11182,0.0
11183,0.0
11184,0.0
11185,0.0
11186,0.0
11187,0.0
11188,0.0
11189,0.0
11190,0.0
11191,0.0
11192,0.0
11193,0.0
11194,0.0
11195,0.0
11196,0.0
11197,0.0
11198,0.0
11199,0.0
11200,0.0
11201,0.0
11202,0.0
11203,0.0
11204,0.0
11205,0.0
11206,0.0
11207,0.0
11208,0.0
11209,0.0
11210,0.0
11211,0.0
11212,0.0
11213,0.0
11214,0.0
11215,0.0
11216,0.0
11217,0.0
11218,0.0
11219,0.0
11220,0.0
11221,0.0
11222,0.0
11223,0.0
11224,0.0
11225,0.0
11226,0.0
11227,0.0
11228,0.0
11229,0.0
11230,0.0
11231,0.0
11232,0.0
11233,0.0
11234,0.0
11235,0.0
11236,0.0
11237,0.0
11238,0.0
11239,0.0
11240,0.0
11241,0.0
11242,0.0
11243,0.0
11244,0.0
11245,0.0
11246,0.0
11247,0.0
11248,0.0
11249,0.0
11250,0.0
11251,0.0
11252,0.0
11253,0.0
11254,0.0
11255,0.0
11256,0.0
11257,0.0
11258,0.0
11259,0.0
11260,0.0
11261,0.0
11262,0.0
11263,0.0
11264,0.0
11265,0.0
11266,0.0
11267,0.0
11268,0.0
11269,0.0
11270,0.0
11271,0.0
11272,0.0
11273,0.0
11274,0.0
11275,0.0
11276,0.0
11277,0.0
11278,0.0
11279,0.0
11280,0.0
11281,0.0
11282,0.0
11283,0.0
11284,0.0
11285,0.0
11286,0.0
11287,0.0
11288,0.0
11289,0.0
11290,0.0
11291,0.0
11292,0.0
11293,0.0
11294,0.0
11295,0.0
11296,0.0
11297,0.0
11298,0.0
11299,0.0
11300,0.0
11301,0.0
11302,0.0
11303,0.0
11304,0.0
11305,0.0
11306,0.0
11307,0.0
11308,0.0
11309,0.0
11310,0.0
11311,0.0
11312,0.0
11313,0.0
11314,0.0
11315,0.0
11316,0.0
11317,0.0
11318,0.0
11319,0.0
11320,0.0
11321,0.0
11322,0.0
11323,0.0
11324,0.0
11325,0.0
11326,0.0
11327,0.0
11328,0.0
11329,0.0
11330,0.0
11331,0.0
11332,0.0
11333,0.0
11334,0.0
11335,0.0
11336,0.0
11337,0.0
11338,0.0
11339,0.0
11340,0.0
11341,0.0
11342,0.0
11343,0.0
11344,0.0
11345,0.0
11346,0.0
11347,0.0
11348,0.0
11349,0.0
11350,0.0
11351,0.0
11352,0.0
11353,0.0
11354,0.0
11355,0.0
11356,0.0
11357,0.0
11358,0.0
11359,0.0
11360,0.0
11361,0.0
11362,0.0
11363,0.0
11364,0.0
11365,0.0
11366,0.0
11367,0.0
11368,0.0
11369,0.0
11370,0.0
11371,0.0
11372,0.0
11373,0.0
11374,0.0
11375,0.0
11376,0.0
11377,0.0
11378,0.0
11379,0.0
11380,0.0
11381,0.0
11382,0.0
11383,0.0
11384,0.0
11385,0.0
11386,0.0
11387,0.0
11388,0.0
11389,0.0
11390,0.0
11391,0.0
11392,0.0
11393,0.0
11394,0.0
11395,0.0
11396,0.0
11397,0.0
11398,0.0
11399,0.0
11400,0.0
11401,0.0
11402,0.0
11403,0.0
11404,0.0
11405,0.0
11406,0.0
11407,0.0
11408,0.0
11409,0.0
11410,0.0
11411,0.0
11412,0.0
11413,0.0
11414,0.0
11415,0.0
11416,0.0
11417,0.0
11418,0.0
11419,0.0
11420,0.0
11421,0.0
11422,0.0
11423,0.0
11424,0.0
11425,0.0
11426,0.0
11427,0.0
11428,0.0
11429,0.0
11430,0.0
11431,0.0
11432,0.0
11433,0.0
11434,0.0
11435,0.0
11436,0.0
11437,0.0
11438,0.0
11439,0.0
11440,0.0
11441,0.0
11442,0.0
11443,0.0
11444,0.0
11445,0.0
11446,0.0
11447,0.0
11448,0.0
11449,0.0
11450,0.0
11451,0.0
11452,0.0
11453,0.0
11454,0.0
11455,0.0
11456,0.0
11457,0.0
11458,0.0
11459,0.0
11460,0.0
11461,0.0
11462,0.0
11463,0.0
11464,0.0
11465,0.0
11466,0.0
11467,0.0
11468,0.0
11469,0.0
11470,0.0
11471,0.0
11472,0.0
11473,0.0
11474,0.0
11475,0.0
11476,0.0
11477,0.0
11478,0.0
11479,0.0
11480,0.0
11481,0.0
11482,0.0
11483,0.0
11484,0.0
11485,0.0
11486,0.0
11487,0.0
11488,0.0
11489,0.0
11490,0.0
11491,0.0
11492,0.0
11493,0.0
11494,0.0
11495,0.0
11496,0.0
11497,0.0
11498,0.0
11499,0.0
11500,0.0
11501,0.0
11502,0.0
11503,0.0
11504,0.0
11505,0.0
11506,0.0
11507,0.0
11508,0.0
11509,0.0
11510,0.0
11511,0.0
11512,0.0
11513,0.0
11514,0.0
11515,0.0
11516,0.0
11517,0.0
11518,0.0
11519,0.0
11520,0.0
11521,0.0
11522,0.0
11523,0.0
11524,0.0
11525,0.0
11526,0.0
11527,0.0
11528,0.0
11529,0.0
11530,0.0
11531,0.0
11532,0.0
11533,0.0
11534,0.0
11535,0.0
11536,0.0
11537,0.0
11538,0.0
11539,0.0
11540,0.0
11541,0.0
11542,0.0
11543,0.0
11544,0.0
11545,0.0
11546,0.0
11547,0.0
11548,0.0
11549,0.0
11550,0.0
11551,0.0
11552,0.0
11553,0.0
11554,0.0
11555,0.0
11556,0.0
11557,0.0
11558,0.0
11559,0.0
11560,0.0
11561,0.0
11562,0.0
11563,0.0
11564,0.0
11565,0.0
11566,0.0
11567,0.0
11568,0.0
11569,0.0
11570,0.0
11571,0.0
11572,0.0
11573,0.0
11574,0.0
11575,0.0
11576,0.0
11577,0.0
11578,0.0
11579,0.0
11580,0.0
11581,0.0
11582,0.0
11583,0.0
11584,0.0
11585,0.0
11586,0.0
11587,0.0
11588,0.0
11589,0.0
11590,0.0
11591,0.0
11592,0.0
11593,0.0
11594,0.0
11595,0.0
11596,0.0
11597,0.0
11598,0.0
11599,0.0
11600,0.0
11601,0.0
11602,0.0
11603,0.0
11604,0.0
11605,0.0
11606,0.0
11607,0.0
11608,0.0
11609,0.0
11610,0.0
11611,0.0
11612,0.0
11613,0.0
11614,0.0
11615,0.0
11616,0.0
11617,0.0
11618,0.0
11619,0.0
11620,0.0
11621,0.0
11622,0.0
11623,0.0
11624,0.0
11625,0.0
11626,0.0
11627,0.0
11628,0.0
11629,0.0
11630,0.0
11631,0.0
11632,0.0
11633,0.0
11634,0.0
11635,0.0
11636,0.0
11637,0.0
11638,0.0
11639,0.0
11640,0.0
11641,0.0
11642,0.0
11643,0.0
11644,0.0
11645,0.0
11646,0.0
11647,0.0
11648,0.0
11649,0.0
11650,0.0
11651,0.0
11652,0.0
11653,0.0
11654,0.0
11655,0.0
11656,0.0
11657,0.0
11658,0.0
11659,0.0
11660,0.0
11661,0.0
11662,0.0
11663,0.0
11664,0.0
11665,0.0
11666,0.0
11667,0.0
11668,0.0
11669,0.0
11670,0.0
11671,0.0
11672,0.0
11673,0.0
11674,0.0
11675,0.0
11676,0.0
11677,0.0
11678,0.0
11679,0.0
11680,0.0
11681,0.0
11682,0.0
11683,0.0
11684,0.0
11685,0.0
11686,0.0
11687,0.0
11688,0.0
11689,0.0
11690,0.0
11691,0.0
11692,0.0
11693,0.0
11694,0.0
11695,0.0
11696,0.0
11697,0.0
11698,0.0
11699,0.0
11700,0.0
11701,0.0
11702,0.0
11703,0.0
11704,0.0
11705,0.0
11706,0.0
11707,0.0
11708,0.0
11709,0.0
11710,0.0
11711,0.0
11712,0.0
11713,0.0
11714,0.0
11715,0.0
11716,0.0
11717,0.0
11718,0.0
11719,0.0
11720,0.0
11721,0.0
11722,0.0
11723,0.0
11724,0.0
11725,0.0
11726,0.0
11727,0.0
11728,0.0
11729,0.0
11730,0.0
11731,0.0
11732,0.0
11733,0.0
11734,0.0
11735,0.0
11736,0.0
11737,0.0
11738,0.0
11739,0.0
11740,0.0
11741,0.0
11742,0.0
11743,0.0
11744,0.0
11745,0.0
11746,0.0
11747,0.0
11748,0.0
11749,0.0
11750,0.0
11751,0.0
11752,0.0
11753,0.0
11754,0.0
11755,0.0
11756,0.0
11757,0.0
11758,0.0
11759,0.0
11760,0.0
11761,0.0
11762,0.0
11763,0.0
11764,0.0
11765,0.0
11766,0.0
11767,0.0
11768,0.0
11769,0.0
11770,0.0
11771,0.0
11772,0.0
11773,0.0
11774,0.0
11775,0.0
11776,0.0
11777,0.0
11778,0.0
11779,0.0
11780,0.0
11781,0.0
11782,0.0
11783,0.0
11784,0.0
11785,0.0
11786,0.0
11787,0.0
11788,0.0
11789,0.0
11790,0.0
11791,0.0
11792,0.0
11793,0.0
11794,0.0
11795,0.0
11796,0.0
11797,0.0
11798,0.0
11799,0.0
11800,0.0
11801,0.0
11802,0.0
11803,0.0
11804,0.0
11805,0.0
11806,0.0
11807,0.0
11808,0.0
11809,0.0
11810,0.0
11811,0.0
11812,0.0
11813,0.0
11814,0.0
11815,0.0
11816,0.0
11817,0.0
11818,0.0
11819,0.0
11820,0.0
11821,0.0
11822,0.0
11823,0.0
11824,0.0
11825,0.0
11826,0.0
11827,0.0
11828,0.0
11829,0.0
11830,0.0
11831,0.0
11832,0.0
11833,0.0
11834,0.0
11835,0.0
11836,0.0
11837,0.0
11838,0.0
11839,0.0
11840,0.0
11841,0.0
11842,0.0
11843,0.0
11844,0.0
11845,0.0
11846,0.0
11847,0.0
11848,0.0
11849,0.0
11850,0.0
11851,0.0
11852,0.0
11853,0.0
11854,0.0
11855,0.0
11856,0.0
11857,0.0
11858,0.0
11859,0.0
11860,0.0
11861,0.0
11862,0.0
11863,0.0
11864,0.0
11865,0.0
11866,0.0
11867,0.0
11868,0.0
11869,0.0
11870,0.0
11871,0.0
11872,0.0
11873,0.0
11874,0.0
11875,0.0
11876,0.0
11877,0.0
11878,0.0
11879,0.0
11880,0.0
11881,0.0
11882,0.0
11883,0.0
11884,0.0
11885,0.0
11886,0.0
11887,0.0
11888,0.0
11889,0.0
11890,0.0
11891,0.0
11892,0.0
11893,0.0
11894,0.0
11895,0.0
11896,0.0
11897,0.0
11898,0.0
11899,0.0
11900,0.0
11901,0.0
11902,0.0
11903,0.0
11904,0.0
11905,0.0
11906,0.0
11907,0.0
11908,0.0
11909,0.0
11910,0.0
11911,0.0
11912,0.0
11913,0.0
11914,0.0
11915,0.0
11916,0.0
11917,0.0
11918,0.0
11919,0.0
11920,0.0
11921,0.0
11922,0.0
11923,0.0
11924,0.0
11925,0.0
11926,0.0
11927,0.0
11928,0.0
11929,0.0
11930,0.0
11931,0.0
11932,0.0
11933,0.0
11934,0.0
11935,0.0
11936,0.0
11937,0.0
11938,0.0
11939,0.0
11940,0.0
11941,0.0
11942,0.0
11943,0.0
11944,0.0
11945,0.0
11946,0.0
11947,0.0
11948,0.0
11949,0.0
11950,0.0
11951,0.0
11952,0.0
11953,0.0
11954,0.0
11955,0.0
11956,0.0
11957,0.0
11958,0.0
11959,0.0
11960,0.0
11961,0.0
11962,0.0
11963,0.0
11964,0.0
11965,0.0
11966,0.0
11967,0.0
11968,0.0
11969,0.0
11970,0.0
11971,0.0
11972,0.0
11973,0.0
11974,0.0
11975,0.0
11976,0.0
11977,0.0
11978,0.0
11979,0.0
11980,0.0
11981,0.0
11982,0.0
11983,0.0
11984,0.0
11985,0.0
11986,0.0
11987,0.0
11988,0.0
11989,0.0
11990,0.0
11991,0.0
11992,0.0
11993,0.0
11994,0.0
11995,0.0
11996,0.0
11997,0.0
11998,0.0
11999,0.0
12000,0.0
12001,0.0
12002,0.0
12003,0.0
12004,0.0
12005,0.0
12006,0.0
12007,0.0
12008,0.0
12009,0.0
12010,0.0
12011,0.0
12012,0.0
12013,0.0
12014,0.0
12015,0.0
12016,0.0
12017,0.0
12018,0.0
12019,0.0
12020,0.0
12021,0.0
12022,0.0
12023,0.0
12024,0.0
12025,0.0
12026,0.0
12027,0.0
12028,0.0
12029,0.0
12030,0.0
12031,0.0
12032,0.0
12033,0.0
12034,0.0
12035,0.0
12036,0.0
12037,0.0
12038,0.0
12039,0.0
12040,0.0
12041,0.0
12042,0.0
12043,0.0
12044,0.0
12045,0.0
12046,0.0
12047,0.0
12048,0.0
12049,0.0
12050,0.0
12051,0.0
12052,0.0
12053,0.0
12054,0.0
12055,0.0
12056,0.0
12057,0.0
12058,0.0
12059,0.0
12060,0.0
12061,0.0
12062,0.0
12063,0.0
12064,0.0
12065,0.0
12066,0.0
12067,0.0
12068,0.0
12069,0.0
12070,0.0
12071,0.0
12072,0.0
12073,0.0
12074,0.0
12075,0.0
12076,0.0
12077,0.0
12078,0.0
12079,0.0
12080,0.0
12081,0.0
12082,0.0
12083,0.0
12084,0.0
12085,0.0
12086,0.0
12087,0.0
12088,0.0
12089,0.0
12090,0.0
12091,0.0
12092,0.0
12093,0.0
12094,0.0
12095,0.0
12096,0.0
12097,0.0
12098,0.0
12099,0.0
12100,0.0
12101,0.0
12102,0.0
12103,0.0
12104,0.0
12105,0.0
12106,0.0
12107,0.0
12108,0.0
12109,0.0
12110,0.0
12111,0.0
12112,0.0
12113,0.0
12114,0.0
12115,0.0
12116,0.0
12117,0.0
12118,0.0
12119,0.0
12120,0.0
12121,0.0
12122,0.0
12123,0.0
12124,0.0
12125,0.0
12126,0.0
12127,0.0
12128,0.0
12129,0.0
12130,0.0
12131,0.0
12132,0.0
12133,0.0
12134,0.0
12135,0.0
12136,0.0
12137,0.0
12138,0.0
12139,0.0
12140,0.0
12141,0.0
12142,0.0
12143,0.0
12144,0.0
12145,0.0
12146,0.0
12147,0.0
12148,0.0
12149,0.0
12150,0.0
12151,0.0
12152,0.0
12153,0.0
12154,0.0
12155,0.0
12156,0.0
12157,0.0
12158,0.0
12159,0.0
12160,0.0
12161,0.0
12162,0.0
12163,0.0
12164,0.0
12165,0.0
12166,0.0
12167,0.0
12168,0.0
12169,0.0
12170,0.0
12171,0.0
12172,0.0
12173,0.0
12174,0.0
12175,0.0
12176,0.0
12177,0.0
12178,0.0
12179,0.0
12180,0.0
12181,0.0
12182,0.0
12183,0.0
12184,0.0
12185,0.0
12186,0.0
12187,0.0
12188,0.0
12189,0.0
12190,0.0
12191,0.0
12192,0.0
12193,0.0
12194,0.0
12195,0.0
12196,0.0
12197,0.0
12198,0.0
12199,0.0
12200,0.0
12201,0.0
12202,0.0
12203,0.0
12204,0.0
12205,0.0
12206,0.0
12207,0.0
12208,0.0
12209,0.0
12210,0.0
12211,0.0
12212,0.0
12213,0.0
12214,0.0
12215,0.0
12216,0.0
12217,0.0
12218,0.0
12219,0.0
12220,0.0
12221,0.0
12222,0.0
12223,0.0
12224,0.0
12225,0.0
12226,0.0
12227,0.0
12228,0.0
12229,0.0
12230,0.0
12231,0.0
12232,0.0
12233,0.0
12234,0.0
12235,0.0
12236,0.0
12237,0.0
12238,0.0
12239,0.0
12240,0.0
12241,0.0
12242,0.0
12243,0.0
12244,0.0
12245,0.0
12246,0.0
12247,0.0
12248,0.0
12249,0.0
12250,0.0
12251,0.0
12252,0.0
12253,0.0
12254,0.0
12255,0.0
12256,0.0
12257,0.0
12258,0.0
12259,0.0
12260,0.0
12261,0.0
12262,0.0
12263,0.0
12264,0.0
12265,0.0
12266,0.0
12267,0.0
12268,0.0
12269,0.0
12270,0.0
12271,0.0
12272,0.0
12273,0.0
12274,0.0
12275,0.0
12276,0.0
12277,0.0
12278,0.0
12279,0.0
12280,0.0
12281,0.0
12282,0.0
12283,0.0
12284,0.0
12285,0.0
12286,0.0
12287,0.0
12288,0.0
12289,0.0
12290,0.0
12291,0.0
12292,0.0
12293,0.0
12294,0.0
12295,0.0
12296,0.0
12297,0.0
12298,0.0
12299,0.0
12300,0.0
12301,0.0
12302,0.0
12303,0.0
12304,0.0
12305,0.0
12306,0.0
12307,0.0
12308,0.0
12309,0.0
12310,0.0
12311,0.0
12312,0.0
12313,0.0
12314,0.0
12315,0.0
12316,0.0
12317,0.0
12318,0.0
12319,0.0
12320,0.0
12321,0.0
12322,0.0
12323,0.0
12324,0.0
12325,0.0
12326,0.0
12327,0.0
12328,0.0
12329,0.0
12330,0.0
12331,0.0
12332,0.0
12333,0.0
12334,0.0
12335,0.0
12336,0.0
12337,0.0
12338,0.0
12339,0.0
12340,0.0
12341,0.0
12342,0.0
12343,0.0
12344,0.0
12345,0.0
12346,0.0
12347,0.0
12348,0.0
12349,0.0
12350,0.0
12351,0.0
12352,0.0
12353,0.0
12354,0.0
12355,0.0
12356,0.0
12357,0.0
12358,0.0
12359,0.0
12360,0.0
12361,0.0
12362,0.0
12363,0.0
12364,0.0
12365,0.0
12366,0.0
12367,0.0
12368,0.0
12369,0.0
12370,0.0
12371,0.0
12372,0.0
12373,0.0
12374,0.0
12375,0.0
12376,0.0
12377,0.0
12378,0.0
12379,0.0
12380,0.0
12381,0.0
12382,0.0
12383,0.0
12384,0.0
12385,0.0
12386,0.0
12387,0.0
12388,0.0
12389,0.0
12390,0.0
12391,0.0
12392,0.0
12393,0.0
12394,0.0
12395,0.0
12396,0.0
12397,0.0
12398,0.0
12399,0.0
12400,0.0
12401,0.0
12402,0.0
12403,0.0
12404,0.0
12405,0.0
12406,0.0
12407,0.0
12408,0.0
12409,0.0
12410,0.0
12411,0.0
12412,0.0
12413,0.0
12414,0.0
12415,0.0
12416,0.0
12417,0.0
12418,0.0
12419,0.0
12420,0.0
12421,0.0
12422,0.0
12423,0.0
12424,0.0
12425,0.0
12426,0.0
12427,0.0
12428,0.0
12429,0.0
12430,0.0
12431,0.0
12432,0.0
12433,0.0
12434,0.0
12435,0.0
12436,0.0
12437,0.0
12438,0.0
12439,0.0
12440,0.0
12441,0.0
12442,0.0
12443,0.0
12444,0.0
12445,0.0
12446,0.0
12447,0.0
12448,0.0
12449,0.0
12450,0.0
12451,0.0
12452,0.0
12453,0.0
12454,0.0
12455,0.0
12456,0.0
12457,0.0
12458,0.0
12459,0.0
12460,0.0
12461,0.0
12462,0.0
12463,0.0
12464,0.0
12465,0.0
12466,0.0
12467,0.0
12468,0.0
12469,0.0
12470,0.0
12471,0.0
12472,0.0
12473,0.0
12474,0.0
12475,0.0
12476,0.0
12477,0.0
12478,0.0
12479,0.0
12480,0.0
12481,0.0
12482,0.0
12483,0.0
12484,0.0
12485,0.0
12486,0.0
12487,0.0
12488,0.0
12489,0.0
12490,0.0
12491,0.0
12492,0.0
12493,0.0
12494,0.0
12495,0.0
12496,0.0
12497,0.0
12498,0.0
12499,0.0
12500,0.0
12501,0.0
12502,0.0
12503,0.0
12504,0.0
12505,0.0
12506,0.0
12507,0.0
12508,0.0
12509,0.0
12510,0.0
12511,0.0
12512,0.0
12513,0.0
12514,0.0
12515,0.0
12516,0.0
12517,0.0
12518,0.0
12519,0.0
12520,0.0
12521,0.0
12522,0.0
12523,0.0
12524,0.0
12525,0.0
12526,0.0
12527,0.0
12528,0.0
12529,0.0
12530,0.0
12531,0.0
12532,0.0
12533,0.0
12534,0.0
12535,0.0
12536,0.0
12537,0.0
12538,0.0
12539,0.0
12540,0.0
12541,0.0
12542,0.0
12543,0.0
12544,0.0
12545,0.0
12546,0.0
12547,0.0
12548,0.0
12549,0.0
12550,0.0
12551,0.0
12552,0.0
12553,0.0
12554,0.0
12555,0.0
12556,0.0
12557,0.0
12558,0.0
12559,0.0
12560,0.0
12561,0.0
12562,0.0
12563,0.0
12564,0.0
12565,0.0
12566,0.0
12567,0.0
12568,0.0
12569,0.0
12570,0.0
12571,0.0
12572,0.0
12573,0.0
12574,0.0
12575,0.0
12576,0.0
12577,0.0
12578,0.0
12579,0.0
12580,0.0
12581,0.0
12582,0.0
12583,0.0
12584,0.0
12585,0.0
12586,0.0
12587,0.0
12588,0.0
12589,0.0
12590,0.0
12591,0.0
12592,0.0
12593,0.0
12594,0.0
12595,0.0
12596,0.0
12597,0.0
12598,0.0
12599,0.0
12600,0.0
12601,0.0
12602,0.0
12603,0.0
12604,0.0
12605,0.0
12606,0.0
12607,0.0
12608,0.0
12609,0.0
12610,0.0
12611,0.0
12612,0.0
12613,0.0
12614,0.0
12615,0.0
12616,0.0
12617,0.0
12618,0.0
12619,0.0
12620,0.0
12621,0.0
12622,0.0
12623,0.0
12624,0.0
12625,0.0
12626,0.0
12627,0.0
12628,0.0
12629,0.0
12630,0.0
12631,0.0
12632,0.0
12633,0.0
12634,0.0
12635,0.0
12636,0.0
12637,0.0
12638,0.0
12639,0.0
12640,0.0
12641,0.0
12642,0.0
12643,0.0
12644,0.0
12645,0.0
12646,0.0
12647,0.0
12648,0.0
12649,0.0
12650,0.0
12651,0.0
12652,0.0
12653,0.0
12654,0.0
12655,0.0
12656,0.0
12657,0.0
12658,0.0
12659,0.0
12660,0.0
12661,0.0
12662,0.0
12663,0.0
12664,0.0
12665,0.0
12666,0.0
12667,0.0
12668,0.0
12669,0.0
12670,0.0
12671,0.0
12672,0.0
12673,0.0
12674,0.0
12675,0.0
12676,0.0
12677,0.0
12678,0.0
12679,0.0
12680,0.0
12681,0.0
12682,0.0
12683,0.0
12684,0.0
12685,0.0
12686,0.0
12687,0.0
12688,0.0
12689,0.0
12690,0.0
12691,0.0
12692,0.0
12693,0.0
12694,0.0
12695,0.0
12696,0.0
12697,0.0
12698,0.0
12699,0.0
12700,0.0
12701,0.0
12702,0.0
12703,0.0
12704,0.0
12705,0.0
12706,0.0
12707,0.0
12708,0.0
12709,0.0
12710,0.0
12711,0.0
12712,0.0
12713,0.0
12714,0.0
12715,0.0
12716,0.0
12717,0.0
12718,0.0
12719,0.0
12720,0.0
12721,0.0
12722,0.0
12723,0.0
12724,0.0
12725,0.0
12726,0.0
12727,0.0
12728,0.0
12729,0.0
12730,0.0
12731,0.0
12732,0.0
12733,0.0
12734,0.0
12735,0.0
12736,0.0
12737,0.0
12738,0.0
12739,0.0
12740,0.0
12741,0.0
12742,0.0
12743,0.0
12744,0.0
12745,0.0
12746,0.0
12747,0.0
12748,0.0
12749,0.0
12750,0.0
12751,0.0
12752,0.0
12753,0.0
12754,0.0
12755,0.0
12756,0.0
12757,0.0
12758,0.0
12759,0.0
12760,0.0
12761,0.0
12762,0.0
12763,0.0
12764,0.0
12765,0.0
12766,0.0
12767,0.0
12768,0.0
12769,0.0
12770,0.0
12771,0.0
12772,0.0
12773,0.0
12774,0.0
12775,0.0
12776,0.0
12777,0.0
12778,0.0
12779,0.0
12780,0.0
12781,0.0
12782,0.0
12783,0.0
12784,0.0
12785,0.0
12786,0.0
12787,0.0
12788,0.0
12789,0.0
12790,0.0
12791,0.0
12792,0.0
12793,0.0
12794,0.0
12795,0.0
12796,0.0
12797,0.0
12798,0.0
12799,0.0
12800,0.0
12801,0.0
12802,0.0
12803,0.0
12804,0.0
12805,0.0
12806,0.0
12807,0.0
12808,0.0
12809,0.0
12810,0.0
12811,0.0
12812,0.0
12813,0.0
12814,0.0
12815,0.0
12816,0.0
12817,0.0
12818,0.0
12819,0.0
12820,0.0
12821,0.0
12822,0.0
12823,0.0
12824,0.0
12825,0.0
12826,0.0
12827,0.0
12828,0.0
12829,0.0
12830,0.0
12831,0.0
12832,0.0
12833,0.0
12834,0.0
12835,0.0
12836,0.0
12837,0.0
12838,0.0
12839,0.0
12840,0.0
12841,0.0
12842,0.0
12843,0.0
12844,0.0
12845,0.0
12846,0.0
12847,0.0
12848,0.0
12849,0.0
12850,0.0
12851,0.0
12852,0.0
12853,0.0
12854,0.0
12855,0.0
12856,0.0
12857,0.0
12858,0.0
12859,0.0
12860,0.0
12861,0.0
12862,0.0
12863,0.0
12864,0.0
12865,0.0
12866,0.0
12867,0.0
12868,0.0
12869,0.0
12870,0.0
12871,0.0
12872,0.0
12873,0.0
12874,0.0
12875,0.0
12876,0.0
12877,0.0
12878,0.0
12879,0.0
12880,0.0
12881,0.0
12882,0.0
12883,0.0
12884,0.0
12885,0.0
12886,0.0
12887,0.0
12888,0.0
12889,0.0
12890,0.0
12891,0.0
12892,0.0
12893,0.0
12894,0.0
12895,0.0
12896,0.0
12897,0.0
12898,0.0
12899,0.0
12900,0.0
12901,0.0
12902,0.0
12903,0.0
12904,0.0
12905,0.0
12906,0.0
12907,0.0
12908,0.0
12909,0.0
12910,0.0
12911,0.0
12912,0.0
12913,0.0
12914,0.0
12915,0.0
12916,0.0
12917,0.0
12918,0.0
12919,0.0
12920,0.0
12921,0.0
12922,0.0
12923,0.0
12924,0.0
12925,0.0
12926,0.0
12927,0.0
12928,0.0
12929,0.0
12930,0.0
12931,0.0
12932,0.0
12933,0.0
12934,0.0
12935,0.0
12936,0.0
12937,0.0
12938,0.0
12939,0.0
12940,0.0
12941,0.0
12942,0.0
12943,0.0
12944,0.0
12945,0.0
12946,0.0
12947,0.0
12948,0.0
12949,0.0
12950,0.0
12951,0.0
12952,0.0
12953,0.0
12954,0.0
12955,0.0
12956,0.0
12957,0.0
12958,0.0
12959,0.0
12960,0.0
12961,0.0
12962,0.0
12963,0.0
12964,0.0
12965,0.0
12966,0.0
12967,0.0
12968,0.0
12969,0.0
12970,0.0
12971,0.0
12972,0.0
12973,0.0
12974,0.0
12975,0.0
12976,0.0
12977,0.0
12978,0.0
12979,0.0
12980,0.0
12981,0.0
12982,0.0
12983,0.0
12984,0.0
12985,0.0
12986,0.0
12987,0.0
12988,0.0
12989,0.0
12990,0.0
12991,0.0
12992,0.0
12993,0.0
12994,0.0
12995,0.0
12996,0.0
12997,0.0
12998,0.0
12999,0.0
13000,0.0
13001,0.0
13002,0.0
13003,0.0
13004,0.0
13005,0.0
13006,0.0
13007,0.0
13008,0.0
13009,0.0
13010,0.0
13011,0.0
13012,0.0
13013,0.0
13014,0.0
13015,0.0
13016,0.0
13017,0.0
13018,0.0
13019,0.0
13020,0.0
13021,0.0
13022,0.0
13023,0.0
13024,0.0
13025,0.0
13026,0.0
13027,0.0
13028,0.0
13029,0.0
13030,0.0
13031,0.0
13032,0.0
13033,0.0
13034,0.0
13035,0.0
13036,0.0
13037,0.0
13038,0.0
13039,0.0
13040,0.0
13041,0.0
13042,0.0
13043,0.0
13044,0.0
13045,0.0
13046,0.0
13047,0.0
13048,0.0
13049,0.0
13050,0.0
13051,0.0
13052,0.0
13053,0.0
13054,0.0
13055,0.0
13056,0.0
13057,0.0
13058,0.0
13059,0.0
13060,0.0
13061,0.0
13062,0.0
13063,0.0
13064,0.0
13065,0.0
13066,0.0
13067,0.0
13068,0.0
13069,0.0
13070,0.0
13071,0.0
13072,0.0
13073,0.0
13074,0.0
13075,0.0
13076,0.0
13077,0.0
13078,0.0
13079,0.0
13080,0.0
13081,0.0
13082,0.0
13083,0.0
13084,0.0
13085,0.0
13086,0.0
13087,0.0
13088,0.0
13089,0.0
13090,0.0
13091,0.0
13092,0.0
13093,0.0
13094,0.0
13095,0.0
13096,0.0
13097,0.0
13098,0.0
13099,0.0
13100,0.0
13101,0.0
13102,0.0
13103,0.0
13104,0.0
13105,0.0
13106,0.0
13107,0.0
13108,0.0
13109,0.0
13110,0.0
13111,0.0
13112,0.0
13113,0.0
13114,0.0
13115,0.0
13116,0.0
13117,0.0
13118,0.0
13119,0.0
13120,0.0
13121,0.0
13122,0.0
13123,0.0
13124,0.0
13125,0.0
13126,0.0
13127,0.0
13128,0.0
13129,0.0
13130,0.0
13131,0.0
13132,0.0
13133,0.0
13134,0.0
13135,0.0
13136,0.0
13137,0.0
13138,0.0
13139,0.0
13140,0.0
13141,0.0
13142,0.0
13143,0.0
13144,0.0
13145,0.0
13146,0.0
13147,0.0
13148,0.0
13149,0.0
13150,0.0
13151,0.0
13152,0.0
13153,0.0
13154,0.0
13155,0.0
13156,0.0
13157,0.0
13158,0.0
13159,0.0
13160,0.0
13161,0.0
13162,0.0
13163,0.0
13164,0.0
13165,0.0
13166,0.0
13167,0.0
13168,0.0
13169,0.0
13170,0.0
13171,0.0
13172,0.0
13173,0.0
13174,0.0
13175,0.0
13176,0.0
13177,0.0
13178,0.0
13179,0.0
13180,0.0
13181,0.0
13182,0.0
13183,0.0
13184,0.0
13185,0.0
13186,0.0
13187,0.0
13188,0.0
13189,0.0
13190,0.0
13191,0.0
13192,0.0
13193,0.0
13194,0.0
13195,0.0
13196,0.0
13197,0.0
13198,0.0
13199,0.0
13200,0.0
13201,0.0
13202,0.0
13203,0.0
13204,0.0
13205,0.0
13206,0.0
13207,0.0
13208,0.0
13209,0.0
13210,0.0
13211,0.0
13212,0.0
13213,0.0
13214,0.0
13215,0.0
13216,0.0
13217,0.0
13218,0.0
13219,0.0
13220,0.0
13221,0.0
13222,0.0
13223,0.0
13224,0.0
13225,0.0
13226,0.0
13227,0.0
13228,0.0
13229,0.0
13230,0.0
13231,0.0
13232,0.0
13233,0.0
13234,0.0
13235,0.0
13236,0.0
13237,0.0
13238,0.0
13239,0.0
13240,0.0
13241,0.0
13242,0.0
13243,0.0
13244,0.0
13245,0.0
13246,0.0
13247,0.0
13248,0.0
13249,0.0
13250,0.0
13251,0.0
13252,0.0
13253,0.0
13254,0.0
13255,0.0
13256,0.0
13257,0.0
13258,0.0
13259,0.0
13260,0.0
13261,0.0
13262,0.0
13263,0.0
13264,0.0
13265,0.0
13266,0.0
13267,0.0
13268,0.0
13269,0.0
13270,0.0
13271,0.0
13272,0.0
13273,0.0
13274,0.0
13275,0.0
13276,0.0
13277,0.0
13278,0.0
13279,0.0
13280,0.0
13281,0.0
13282,0.0
13283,0.0
13284,0.0
13285,0.0
13286,0.0
13287,0.0
13288,0.0
13289,0.0
13290,0.0
13291,0.0
13292,0.0
13293,0.0
13294,0.0
13295,0.0
13296,0.0
13297,0.0
13298,0.0
13299,0.0
13300,0.0
13301,0.0
13302,0.0
13303,0.0
13304,0.0
13305,0.0
13306,0.0
13307,0.0
13308,0.0
13309,0.0
13310,0.0
13311,0.0
13312,0.0
13313,0.0
13314,0.0
13315,0.0
13316,0.0
13317,0.0
13318,0.0
13319,0.0
13320,0.0
13321,0.0
13322,0.0
13323,0.0
13324,0.0
13325,0.0
13326,0.0
13327,0.0
13328,0.0
13329,0.0
13330,0.0
13331,0.0
13332,0.0
13333,0.0
13334,0.0
13335,0.0
13336,0.0
13337,0.0
13338,0.0
13339,0.0
13340,0.0
13341,0.0
13342,0.0
13343,0.0
13344,0.0
13345,0.0
13346,0.0
13347,0.0
13348,0.0
13349,0.0
13350,0.0
13351,0.0
13352,0.0
13353,0.0
13354,0.0
13355,0.0
13356,0.0
13357,0.0
13358,0.0
13359,0.0
13360,0.0
13361,0.0
13362,0.0
13363,0.0
13364,0.0
13365,0.0
13366,0.0
13367,0.0
13368,0.0
13369,0.0
13370,0.0
13371,0.0
13372,0.0
13373,0.0
13374,0.0
13375,0.0
13376,0.0
13377,0.0
13378,0.0
13379,0.0
13380,0.0
13381,0.0
13382,0.0
13383,0.0
13384,0.0
13385,0.0
13386,0.0
13387,0.0
13388,0.0
13389,0.0
13390,0.0
13391,0.0
13392,0.0
13393,0.0
13394,0.0
13395,0.0
13396,0.0
13397,0.0
13398,0.0
13399,0.0
13400,0.0
13401,0.0
13402,0.0
13403,0.0
13404,0.0
13405,0.0
13406,0.0
13407,0.0
13408,0.0
13409,0.0
13410,0.0
13411,0.0
13412,0.0
13413,0.0
13414,0.0
13415,0.0
13416,0.0
13417,0.0
13418,0.0
13419,0.0
13420,0.0
13421,0.0
13422,0.0
13423,0.0
13424,0.0
13425,0.0
13426,0.0
13427,0.0
13428,0.0
13429,0.0
13430,0.0
13431,0.0
13432,0.0
13433,0.0
13434,0.0
13435,0.0
13436,0.0
13437,0.0
13438,0.0
13439,0.0
13440,0.0
13441,0.0
13442,0.0
13443,0.0
13444,0.0
13445,0.0
13446,0.0
13447,0.0
13448,0.0
13449,0.0
13450,0.0
13451,0.0
13452,0.0
13453,0.0
13454,0.0
13455,0.0
13456,0.0
13457,0.0
13458,0.0
13459,0.0
13460,0.0
13461,0.0
13462,0.0
13463,0.0
13464,0.0
13465,0.0
13466,0.0
13467,0.0
13468,0.0
13469,0.0
13470,0.0
13471,0.0
13472,0.0
13473,0.0
13474,0.0
13475,0.0
13476,0.0
13477,0.0
13478,0.0
13479,0.0
13480,0.0
13481,0.0
13482,0.0
13483,0.0
13484,0.0
13485,0.0
13486,0.0
13487,0.0
13488,0.0
13489,0.0
13490,0.0
13491,0.0
13492,0.0
13493,0.0
13494,0.0
13495,0.0
13496,0.0
13497,0.0
13498,0.0
13499,0.0
13500,0.0
13501,0.0
13502,0.0
13503,0.0
13504,0.0
13505,0.0
13506,0.0
13507,0.0
13508,0.0
13509,0.0
13510,0.0
13511,0.0
13512,0.0
13513,0.0
13514,0.0
13515,0.0
13516,0.0
13517,0.0
13518,0.0
13519,0.0
13520,0.0
13521,0.0
13522,0.0
13523,0.0
13524,0.0
13525,0.0
13526,0.0
13527,0.0
13528,0.0
13529,0.0
13530,0.0
13531,0.0
13532,0.0
13533,0.0
13534,0.0
13535,0.0
13536,0.0
13537,0.0
13538,0.0
13539,0.0
13540,0.0
13541,0.0
13542,0.0
13543,0.0
13544,0.0
13545,0.0
13546,0.0
13547,0.0
13548,0.0
13549,0.0
13550,0.0
13551,0.0
13552,0.0
13553,0.0
13554,0.0
13555,0.0
13556,0.0
13557,0.0
13558,0.0
13559,0.0
13560,0.0
13561,0.0
13562,0.0
13563,0.0
13564,0.0
13565,0.0
13566,0.0
13567,0.0
13568,0.0
13569,0.0
13570,0.0
13571,0.0
13572,0.0
13573,0.0
13574,0.0
13575,0.0
13576,0.0
13577,0.0
13578,0.0
13579,0.0
13580,0.0
13581,0.0
13582,0.0
13583,0.0
13584,0.0
13585,0.0
13586,0.0
13587,0.0
13588,0.0
13589,0.0
13590,0.0
13591,0.0
13592,0.0
13593,0.0
13594,0.0
13595,0.0
13596,0.0
13597,0.0
13598,0.0
13599,0.0
13600,0.0
13601,0.0
13602,0.0
13603,0.0
13604,0.0
13605,0.0
13606,0.0
13607,0.0
13608,0.0
13609,0.0
13610,0.0
13611,0.0
13612,0.0
13613,0.0
13614,0.0
13615,0.0
13616,0.0
13617,0.0
13618,0.0
13619,0.0
13620,0.0
13621,0.0
13622,0.0
13623,0.0
13624,0.0
13625,0.0
13626,0.0
13627,0.0
13628,0.0
13629,0.0
13630,0.0
13631,0.0
13632,0.0
13633,0.0
13634,0.0
13635,0.0
13636,0.0
13637,0.0
13638,0.0
13639,0.0
13640,0.0
13641,0.0
13642,0.0
13643,0.0
13644,0.0
13645,0.0
13646,0.0
13647,0.0
13648,0.0
13649,0.0
13650,0.0
13651,0.0
13652,0.0
13653,0.0
13654,0.0
13655,0.0
13656,0.0
13657,0.0
13658,0.0
13659,0.0
13660,0.0
13661,0.0
13662,0.0
13663,0.0
13664,0.0
13665,0.0
13666,0.0
13667,0.0
13668,0.0
13669,0.0
13670,0.0
13671,0.0
13672,0.0
13673,0.0
13674,0.0
13675,0.0
13676,0.0
13677,0.0
13678,0.0
13679,0.0
13680,0.0
13681,0.0
13682,0.0
13683,0.0
13684,0.0
13685,0.0
13686,0.0
13687,0.0
13688,0.0
13689,0.0
13690,0.0
13691,0.0
13692,0.0
13693,0.0
13694,0.0
13695,0.0
13696,0.0
13697,0.0
13698,0.0
13699,0.0
13700,0.0
13701,0.0
13702,0.0
13703,0.0
13704,0.0
13705,0.0
13706,0.0
13707,0.0
13708,0.0
13709,0.0
13710,0.0
13711,0.0
13712,0.0
13713,0.0
13714,0.0
13715,0.0
13716,0.0
13717,0.0
13718,0.0
13719,0.0
13720,0.0
13721,0.0
13722,0.0
13723,0.0
13724,0.0
13725,0.0
13726,0.0
13727,0.0
13728,0.0
13729,0.0
13730,0.0
13731,0.0
13732,0.0
13733,0.0
13734,0.0
13735,0.0
13736,0.0
13737,0.0
13738,0.0
13739,0.0
13740,0.0
13741,0.0
13742,0.0
13743,0.0
13744,0.0
13745,0.0
13746,0.0
13747,0.0
13748,0.0
13749,0.0
13750,0.0
13751,0.0
13752,0.0
13753,0.0
13754,0.0
13755,0.0
13756,0.0
13757,0.0
13758,0.0
13759,0.0
13760,0.0
13761,0.0
13762,0.0
13763,0.0
13764,0.0
13765,0.0
13766,0.0
13767,0.0
13768,0.0
13769,0.0
13770,0.0
13771,0.0
13772,0.0
13773,0.0
13774,0.0
13775,0.0
13776,0.0
13777,0.0
13778,0.0
13779,0.0
13780,0.0
13781,0.0
13782,0.0
13783,0.0
13784,0.0
13785,0.0
13786,0.0
13787,0.0
13788,0.0
13789,0.0
13790,0.0
13791,0.0
13792,0.0
13793,0.0
13794,0.0
13795,0.0
13796,0.0
13797,0.0
13798,0.0
13799,0.0
13800,0.0
13801,0.0
13802,0.0
13803,0.0
13804,0.0
13805,0.0
13806,0.0
13807,0.0
13808,0.0
13809,0.0
13810,0.0
13811,0.0
13812,0.0
13813,0.0
13814,0.0
13815,0.0
13816,0.0
13817,0.0
13818,0.0
13819,0.0
13820,0.0
13821,0.0
13822,0.0
13823,0.0
13824,0.0
13825,0.0
13826,0.0
13827,0.0
13828,0.0
13829,0.0
13830,0.0
13831,0.0
13832,0.0
13833,0.0
13834,0.0
13835,0.0
13836,0.0
13837,0.0
13838,0.0
13839,0.0
13840,0.0
13841,0.0
13842,0.0
13843,0.0
13844,0.0
13845,0.0
13846,0.0
13847,0.0
13848,0.0
13849,0.0
13850,0.0
13851,0.0
13852,0.0
13853,0.0
13854,0.0
13855,0.0
13856,0.0
13857,0.0
13858,0.0
13859,0.0
13860,0.0
13861,0.0
13862,0.0
13863,0.0
13864,0.0
13865,0.0
13866,0.0
13867,0.0
13868,0.0
13869,0.0
13870,0.0
13871,0.0
13872,0.0
13873,0.0
13874,0.0
13875,0.0
13876,0.0
13877,0.0
13878,0.0
13879,0.0
13880,0.0
13881,0.0
13882,0.0
13883,0.0
13884,0.0
13885,0.0
13886,0.0
13887,0.0
13888,0.0
13889,0.0
13890,0.0
13891,0.0
13892,0.0
13893,0.0
13894,0.0
13895,0.0
13896,0.0
13897,0.0
13898,0.0
13899,0.0
13900,0.0
13901,0.0
13902,0.0
13903,0.0
13904,0.0
13905,0.0
13906,0.0
13907,0.0
13908,0.0
13909,0.0
13910,0.0
13911,0.0
13912,0.0
13913,0.0
13914,0.0
13915,0.0
13916,0.0
13917,0.0
13918,0.0
13919,0.0
13920,0.0
13921,0.0
13922,0.0
13923,0.0
13924,0.0
13925,0.0
13926,0.0
13927,0.0
13928,0.0
13929,0.0
13930,0.0
13931,0.0
13932,0.0
13933,0.0
13934,0.0
13935,0.0
13936,0.0
13937,0.0
13938,0.0
13939,0.0
13940,0.0
13941,0.0
13942,0.0
13943,0.0
13944,0.0
13945,0.0
13946,0.0
13947,0.0
13948,0.0
13949,0.0
13950,0.0
13951,0.0
13952,0.0
13953,0.0
13954,0.0
13955,0.0
13956,0.0
13957,0.0
13958,0.0
13959,0.0
13960,0.0
13961,0.0
13962,0.0
13963,0.0
13964,0.0
13965,0.0
13966,0.0
13967,0.0
13968,0.0
13969,0.0
13970,0.0
13971,0.0
13972,0.0
13973,0.0
13974,0.0
13975,0.0
13976,0.0
13977,0.0
13978,0.0
13979,0.0
13980,0.0
13981,0.0
13982,0.0
13983,0.0
13984,0.0
13985,0.0
13986,0.0
13987,0.0
13988,0.0
13989,0.0
13990,0.0
13991,0.0
13992,0.0
13993,0.0
13994,0.0
13995,0.0
13996,0.0
13997,0.0
13998,0.0
13999,0.0
14000,0.0
14001,0.0
14002,0.0
14003,0.0
14004,0.0
14005,0.0
14006,0.0
14007,0.0
14008,0.0
14009,0.0
14010,0.0
14011,0.0
14012,0.0
14013,0.0
14014,0.0
14015,0.0
14016,0.0
14017,0.0
14018,0.0
14019,0.0
14020,0.0
14021,0.0
14022,0.0
14023,0.0
14024,0.0
14025,0.0
14026,0.0
14027,0.0
14028,0.0
14029,0.0
14030,0.0
14031,0.0
14032,0.0
14033,0.0
14034,0.0
14035,0.0
14036,0.0
14037,0.0
14038,0.0
14039,0.0
14040,0.0
14041,0.0
14042,0.0
14043,0.0
14044,0.0
14045,0.0
14046,0.0
14047,0.0
14048,0.0
14049,0.0
14050,0.0
14051,0.0
14052,0.0
14053,0.0
14054,0.0
14055,0.0
14056,0.0
14057,0.0
14058,0.0
14059,0.0
14060,0.0
14061,0.0
14062,0.0
14063,0.0
14064,0.0
14065,0.0
14066,0.0
14067,0.0
14068,0.0
14069,0.0
14070,0.0
14071,0.0
14072,0.0
14073,0.0
14074,0.0
14075,0.0
14076,0.0
14077,0.0
14078,0.0
14079,0.0
14080,0.0
14081,0.0
14082,0.0
14083,0.0
14084,0.0
14085,0.0
14086,0.0
14087,0.0
14088,0.0
14089,0.0
14090,0.0
14091,0.0
14092,0.0
14093,0.0
14094,0.0
14095,0.0
14096,0.0
14097,0.0
14098,0.0
14099,0.0
14100,0.0
14101,0.0
14102,0.0
14103,0.0
14104,0.0
14105,0.0
14106,0.0
14107,0.0
14108,0.0
14109,0.0
14110,0.0
14111,0.0
14112,0.0
14113,0.0
14114,0.0
14115,0.0
14116,0.0
14117,0.0
14118,0.0
14119,0.0
14120,0.0
14121,0.0
14122,0.0
14123,0.0
14124,0.0
14125,0.0
14126,0.0
14127,0.0
14128,0.0
14129,0.0
14130,0.0
14131,0.0
14132,0.0
14133,0.0
14134,0.0
14135,0.0
14136,0.0
14137,0.0
14138,0.0
14139,0.0
14140,0.0
14141,0.0
14142,0.0
14143,0.0
14144,0.0
14145,0.0
14146,0.0
14147,0.0
14148,0.0
14149,0.0
14150,0.0
14151,0.0
14152,0.0
14153,0.0
14154,0.0
14155,0.0
14156,0.0
14157,0.0
14158,0.0
14159,0.0
14160,0.0
14161,0.0
14162,0.0
14163,0.0
14164,0.0
14165,0.0
14166,0.0
14167,0.0
14168,0.0
14169,0.0
14170,0.0
14171,0.0
14172,0.0
14173,0.0
14174,0.0
14175,0.0
14176,0.0
14177,0.0
14178,0.0
14179,0.0
14180,0.0
14181,0.0
14182,0.0
14183,0.0
14184,0.0
14185,0.0
14186,0.0
14187,0.0
14188,0.0
14189,0.0
14190,0.0
14191,0.0
14192,0.0
14193,0.0
14194,0.0
14195,0.0
14196,0.0
14197,0.0
14198,0.0
14199,0.0
14200,0.0
14201,0.0
14202,0.0
14203,0.0
14204,0.0
14205,0.0
14206,0.0
14207,0.0
14208,0.0
14209,0.0
14210,0.0
14211,0.0
14212,0.0
14213,0.0
14214,0.0
14215,0.0
14216,0.0
14217,0.0
14218,0.0
14219,0.0
14220,0.0
14221,0.0
14222,0.0
14223,0.0
14224,0.0
14225,0.0
14226,0.0
14227,0.0
14228,0.0
14229,0.0
14230,0.0
14231,0.0
14232,0.0
14233,0.0
14234,0.0
14235,0.0
14236,0.0
14237,0.0
14238,0.0
14239,0.0
14240,0.0
14241,0.0
14242,0.0
14243,0.0
14244,0.0
14245,0.0
14246,0.0
14247,0.0
14248,0.0
14249,0.0
14250,0.0
14251,0.0
14252,0.0
14253,0.0
14254,0.0
14255,0.0
14256,0.0
14257,0.0
14258,0.0
14259,0.0
14260,0.0
14261,0.0
14262,0.0
14263,0.0
14264,0.0
14265,0.0
14266,0.0
14267,0.0
14268,0.0
14269,0.0
14270,0.0
14271,0.0
14272,0.0
14273,0.0
14274,0.0
14275,0.0
14276,0.0
14277,0.0
14278,0.0
14279,0.0
14280,0.0
14281,0.0
14282,0.0
14283,0.0
14284,0.0
14285,0.0
14286,0.0
14287,0.0
14288,0.0
14289,0.0
14290,0.0
14291,0.0
14292,0.0
14293,0.0
14294,0.0
14295,0.0
14296,0.0
14297,0.0
14298,0.0
14299,0.0
14300,0.0
14301,0.0
14302,0.0
14303,0.0
14304,0.0
14305,0.0
14306,0.0
14307,0.0
14308,0.0
14309,0.0
14310,0.0
14311,0.0
14312,0.0
14313,0.0
14314,0.0
14315,0.0
14316,0.0
14317,0.0
14318,0.0
14319,0.0
14320,0.0
14321,0.0
14322,0.0
14323,0.0
14324,0.0
14325,0.0
14326,0.0
14327,0.0
14328,0.0
14329,0.0
14330,0.0
14331,0.0
14332,0.0
14333,0.0
14334,0.0
14335,0.0
14336,0.0
14337,0.0
14338,0.0
14339,0.0
14340,0.0
14341,0.0
14342,0.0
14343,0.0
14344,0.0
14345,0.0
14346,0.0
14347,0.0
14348,0.0
14349,0.0
14350,0.0
14351,0.0
14352,0.0
14353,0.0
14354,0.0
14355,0.0
14356,0.0
14357,0.0
14358,0.0
14359,0.0
14360,0.0
14361,0.0
14362,0.0
14363,0.0
14364,0.0
14365,0.0
14366,0.0
14367,0.0
14368,0.0
14369,0.0
14370,0.0
14371,0.0
14372,0.0
14373,0.0
14374,0.0
14375,0.0
14376,0.0
14377,0.0
14378,0.0
14379,0.0
14380,0.0
14381,0.0
14382,0.0
14383,0.0
14384,0.0
14385,0.0
14386,0.0
14387,0.0
14388,0.0
14389,0.0
14390,0.0
14391,0.0
14392,0.0
14393,0.0
14394,0.0
14395,0.0
14396,0.0
14397,0.0
14398,0.0
14399,0.0
14400,0.0
14401,0.0
14402,0.0
14403,0.0
14404,0.0
14405,0.0
14406,0.0
14407,0.0
14408,0.0
14409,0.0
14410,0.0
14411,0.0
14412,0.0
14413,0.0
14414,0.0
14415,0.0
14416,0.0
14417,0.0
14418,0.0
14419,0.0
14420,0.0
14421,0.0
14422,0.0
14423,0.0
14424,0.0
14425,0.0
14426,0.0
14427,0.0
14428,0.0
14429,0.0
14430,0.0
14431,0.0
14432,0.0
14433,0.0
14434,0.0
14435,0.0
14436,0.0
14437,0.0
14438,0.0
14439,0.0
14440,0.0
14441,0.0
14442,0.0
14443,0.0
14444,0.0
14445,0.0
14446,0.0
14447,0.0
14448,0.0
14449,0.0
14450,0.0
14451,0.0
14452,0.0
14453,0.0
14454,0.0
14455,0.0
14456,0.0
14457,0.0
14458,0.0
14459,0.0
14460,0.0
14461,0.0
14462,0.0
14463,0.0
14464,0.0
14465,0.0
14466,0.0
14467,0.0
14468,0.0
14469,0.0
14470,0.0
14471,0.0
14472,0.0
14473,0.0
14474,0.0
14475,0.0
14476,0.0
14477,0.0
14478,0.0
14479,0.0
14480,0.0
14481,0.0
14482,0.0
14483,0.0
14484,0.0
14485,0.0
14486,0.0
14487,0.0
14488,0.0
14489,0.0
14490,0.0
14491,0.0
14492,0.0
14493,0.0
14494,0.0
14495,0.0
14496,0.0
14497,0.0
14498,0.0
14499,0.0
14500,0.0
14501,0.0
14502,0.0
14503,0.0
14504,0.0
14505,0.0
14506,0.0
14507,0.0
14508,0.0
14509,0.0
14510,0.0
14511,0.0
14512,0.0
14513,0.0
14514,0.0
14515,0.0
14516,0.0
14517,0.0
14518,0.0
14519,0.0
14520,0.0
14521,0.0
14522,0.0
14523,0.0
14524,0.0
14525,0.0
14526,0.0
14527,0.0
14528,0.0
14529,0.0
14530,0.0
14531,0.0
14532,0.0
14533,0.0
14534,0.0
14535,0.0
14536,0.0
14537,0.0
14538,0.0
14539,0.0
14540,0.0
14541,0.0
14542,0.0
14543,0.0
14544,0.0
14545,0.0
14546,0.0
14547,0.0
14548,0.0
14549,0.0
14550,0.0
14551,0.0
14552,0.0
14553,0.0
14554,0.0
14555,0.0
14556,0.0
14557,0.0
14558,0.0
14559,0.0
14560,0.0
14561,0.0
14562,0.0
14563,0.0
14564,0.0
14565,0.0
14566,0.0
14567,0.0
14568,0.0
14569,0.0
14570,0.0
14571,0.0
14572,0.0
14573,0.0
14574,0.0
14575,0.0
14576,0.0
14577,0.0
14578,0.0
14579,0.0
14580,0.0
14581,0.0
14582,0.0
14583,0.0
14584,0.0
14585,0.0
14586,0.0
14587,0.0
14588,0.0
14589,0.0
14590,0.0
14591,0.0
14592,0.0
14593,0.0
14594,0.0
14595,0.0
14596,0.0
14597,0.0
14598,0.0
14599,0.0
14600,0.0
14601,0.0
14602,0.0
14603,0.0
14604,0.0
14605,0.0
14606,0.0
14607,0.0
14608,0.0
14609,0.0
14610,0.0
14611,0.0
14612,0.0
14613,0.0
14614,0.0
14615,0.0
14616,0.0
14617,0.0
14618,0.0
14619,0.0
14620,0.0
14621,0.0
14622,0.0
14623,0.0
14624,0.0
14625,0.0
14626,0.0
14627,0.0
14628,0.0
14629,0.0
14630,0.0
14631,0.0
14632,0.0
14633,0.0
14634,0.0
14635,0.0
14636,0.0
14637,0.0
14638,0.0
14639,0.0
14640,0.0
14641,0.0
14642,0.0
14643,0.0
14644,0.0
14645,0.0
14646,0.0
14647,0.0
14648,0.0
14649,0.0
14650,0.0
14651,0.0
14652,0.0
14653,0.0
14654,0.0
14655,0.0
14656,0.0
14657,0.0
14658,0.0
14659,0.0
14660,0.0
14661,0.0
14662,0.0
14663,0.0
14664,0.0
14665,0.0
14666,0.0
14667,0.0
14668,0.0
14669,0.0
14670,0.0
14671,0.0
14672,0.0
14673,0.0
14674,0.0
14675,0.0
14676,0.0
14677,0.0
14678,0.0
14679,0.0
14680,0.0
14681,0.0
14682,0.0
14683,0.0
14684,0.0
14685,0.0
14686,0.0
14687,0.0
14688,0.0
14689,0.0
14690,0.0
14691,0.0
14692,0.0
14693,0.0
14694,0.0
14695,0.0
14696,0.0
14697,0.0
14698,0.0
14699,0.0
14700,0.0
14701,0.0
14702,0.0
14703,0.0
14704,0.0
14705,0.0
14706,0.0
14707,0.0
14708,0.0
14709,0.0
14710,0.0
14711,0.0
14712,0.0
14713,0.0
14714,0.0
14715,0.0
14716,0.0
14717,0.0
14718,0.0
14719,0.0
14720,0.0
14721,0.0
14722,0.0
14723,0.0
14724,0.0
14725,0.0
14726,0.0
14727,0.0
14728,0.0
14729,0.0
14730,0.0
14731,0.0
14732,0.0
14733,0.0
14734,0.0
14735,0.0
14736,0.0
14737,0.0
14738,0.0
14739,0.0
14740,0.0
14741,0.0
14742,0.0
14743,0.0
14744,0.0
14745,0.0
14746,0.0
14747,0.0
14748,0.0
14749,0.0
14750,0.0
14751,0.0
14752,0.0
14753,0.0
14754,0.0
14755,0.0
14756,0.0
14757,0.0
14758,0.0
14759,0.0
14760,0.0
14761,0.0
14762,0.0
14763,0.0
14764,0.0
14765,0.0
14766,0.0
14767,0.0
14768,0.0
14769,0.0
14770,0.0
14771,0.0
14772,0.0
14773,0.0
14774,0.0
14775,0.0
14776,0.0
14777,0.0
14778,0.0
14779,0.0
14780,0.0
14781,0.0
14782,0.0
14783,0.0
14784,0.0
14785,0.0
14786,0.0
14787,0.0
14788,0.0
14789,0.0
14790,0.0
14791,0.0
14792,0.0
14793,0.0
14794,0.0
14795,0.0
14796,0.0
14797,0.0
14798,0.0
14799,0.0
14800,0.0
14801,0.0
14802,0.0
14803,0.0
14804,0.0
14805,0.0
14806,0.0
14807,0.0
14808,0.0
14809,0.0
14810,0.0
14811,0.0
14812,0.0
14813,0.0
14814,0.0
14815,0.0
14816,0.0
14817,0.0
14818,0.0
14819,0.0
14820,0.0
14821,0.0
14822,0.0
14823,0.0
14824,0.0
14825,0.0
14826,0.0
14827,0.0
14828,0.0
14829,0.0
14830,0.0
14831,0.0
14832,0.0
14833,0.0
14834,0.0
14835,0.0
14836,0.0
14837,0.0
14838,0.0
14839,0.0
14840,0.0
14841,0.0
14842,0.0
14843,0.0
14844,0.0
14845,0.0
14846,0.0
14847,0.0
14848,0.0
14849,0.0
14850,0.0
14851,0.0
14852,0.0
14853,0.0
14854,0.0
14855,0.0
14856,0.0
14857,0.0
14858,0.0
14859,0.0
14860,0.0
14861,0.0
14862,0.0
14863,0.0
14864,0.0
14865,0.0
14866,0.0
14867,0.0
14868,0.0
14869,0.0
14870,0.0
14871,0.0
14872,0.0
14873,0.0
14874,0.0
14875,0.0
14876,0.0
14877,0.0
14878,0.0
14879,0.0
14880,0.0
14881,0.0
14882,0.0
14883,0.0
14884,0.0
14885,0.0
14886,0.0
14887,0.0
14888,0.0
14889,0.0
14890,0.0
14891,0.0
14892,0.0
14893,0.0
14894,0.0
14895,0.0
14896,0.0
14897,0.0
14898,0.0
14899,0.0
14900,0.0
14901,0.0
14902,0.0
14903,0.0
14904,0.0
14905,0.0
14906,0.0
14907,0.0
14908,0.0
14909,0.0
14910,0.0
14911,0.0
14912,0.0
14913,0.0
14914,0.0
14915,0.0
14916,0.0
14917,0.0
14918,0.0
14919,0.0
14920,0.0
14921,0.0
14922,0.0
14923,0.0
14924,0.0
14925,0.0
14926,0.0
14927,0.0
14928,0.0
14929,0.0
14930,0.0
14931,0.0
14932,0.0
14933,0.0
14934,0.0
14935,0.0
14936,0.0
14937,0.0
14938,0.0
14939,0.0
14940,0.0
14941,0.0
14942,0.0
14943,0.0
14944,0.0
14945,0.0
14946,0.0
14947,0.0
14948,0.0
14949,0.0
14950,0.0
14951,0.0
14952,0.0
14953,0.0
14954,0.0
14955,0.0
14956,0.0
14957,0.0
14958,0.0
14959,0.0
14960,0.0
14961,0.0
14962,0.0
14963,0.0
14964,0.0
14965,0.0
14966,0.0
14967,0.0
14968,0.0
14969,0.0
14970,0.0
14971,0.0
14972,0.0
14973,0.0
14974,0.0
14975,0.0
14976,0.0
14977,0.0
14978,0.0
14979,0.0
14980,0.0
14981,0.0
14982,0.0
14983,0.0
14984,0.0
14985,0.0
14986,0.0
14987,0.0
14988,0.0
14989,0.0
14990,0.0
14991,0.0
14992,0.0
14993,0.0
14994,0.0
14995,0.0
14996,0.0
14997,0.0
14998,0.0
14999,0.0
15000,0.0
15001,0.0
15002,0.0
15003,0.0
15004,0.0
15005,0.0
15006,0.0
15007,0.0
15008,0.0
15009,0.0
15010,0.0
15011,0.0
15012,0.0
15013,0.0
15014,0.0
15015,0.0
15016,0.0
15017,0.0
15018,0.0
15019,0.0
15020,0.0
15021,0.0
15022,0.0
15023,0.0
15024,0.0
15025,0.0
15026,0.0
15027,0.0
15028,0.0
15029,0.0
15030,0.0
15031,0.0
15032,0.0
15033,0.0
15034,0.0
15035,0.0
15036,0.0
15037,0.0
15038,0.0
15039,0.0
15040,0.0
15041,0.0
15042,0.0
15043,0.0
15044,0.0
15045,0.0
15046,0.0
15047,0.0
15048,0.0
15049,0.0
15050,0.0
15051,0.0
15052,0.0
15053,0.0
15054,0.0
15055,0.0
15056,0.0
15057,0.0
15058,0.0
15059,0.0
15060,0.0
15061,0.0
15062,0.0
15063,0.0
15064,0.0
15065,0.0
15066,0.0
15067,0.0
15068,0.0
15069,0.0
15070,0.0
15071,0.0
15072,0.0
15073,0.0
15074,0.0
15075,0.0
15076,0.0
15077,0.0
15078,0.0
15079,0.0
15080,0.0
15081,0.0
15082,0.0
15083,0.0
15084,0.0
15085,0.0
15086,0.0
15087,0.0
15088,0.0
15089,0.0
15090,0.0
15091,0.0
15092,0.0
15093,0.0
15094,0.0
15095,0.0
15096,0.0
15097,0.0
15098,0.0
15099,0.0
15100,0.0
15101,0.0
15102,0.0
15103,0.0
15104,0.0
15105,0.0
15106,0.0
15107,0.0
15108,0.0
15109,0.0
15110,0.0
15111,0.0
15112,0.0
15113,0.0
15114,0.0
15115,0.0
15116,0.0
15117,0.0
15118,0.0
15119,0.0
15120,0.0
15121,0.0
15122,0.0
15123,0.0
15124,0.0
15125,0.0
15126,0.0
15127,0.0
15128,0.0
15129,0.0
15130,0.0
15131,0.0
15132,0.0
15133,0.0
15134,0.0
15135,0.0
15136,0.0
15137,0.0
15138,0.0
15139,0.0
15140,0.0
15141,0.0
15142,0.0
15143,0.0
15144,0.0
15145,0.0
15146,0.0
15147,0.0
15148,0.0
15149,0.0
15150,0.0
15151,0.0
15152,0.0
15153,0.0
15154,0.0
15155,0.0
15156,0.0
15157,0.0
15158,0.0
15159,0.0
15160,0.0
15161,0.0
15162,0.0
15163,0.0
15164,0.0
15165,0.0
15166,0.0
15167,0.0
15168,0.0
15169,0.0
15170,0.0
15171,0.0
15172,0.0
15173,0.0
15174,0.0
15175,0.0
15176,0.0
15177,0.0
15178,0.0
15179,0.0
15180,0.0
15181,0.0
15182,0.0
15183,0.0
15184,0.0
15185,0.0
15186,0.0
15187,0.0
15188,0.0
15189,0.0
15190,0.0
15191,0.0
15192,0.0
15193,0.0
15194,0.0
15195,0.0
15196,0.0
15197,0.0
15198,0.0
15199,0.0
15200,0.0
15201,0.0
15202,0.0
15203,0.0
15204,0.0
15205,0.0
15206,0.0
15207,0.0
15208,0.0
15209,0.0
15210,0.0
15211,0.0
15212,0.0
15213,0.0
15214,0.0
15215,0.0
15216,0.0
15217,0.0
15218,0.0
15219,0.0
15220,0.0
15221,0.0
15222,0.0
15223,0.0
15224,0.0
15225,0.0
15226,0.0
15227,0.0
15228,0.0
15229,0.0
15230,0.0
15231,0.0
15232,0.0
15233,0.0
15234,0.0
15235,0.0
15236,0.0
15237,0.0
15238,0.0
15239,0.0
15240,0.0
15241,0.0
15242,0.0
15243,0.0
15244,0.0
15245,0.0
15246,0.0
15247,0.0
15248,0.0
15249,0.0
15250,0.0
15251,0.0
15252,0.0
15253,0.0
15254,0.0
15255,0.0
15256,0.0
15257,0.0
15258,0.0
15259,0.0
15260,0.0
15261,0.0
15262,0.0
15263,0.0
15264,0.0
15265,0.0
15266,0.0
15267,0.0
15268,0.0
15269,0.0
15270,0.0
15271,0.0
15272,0.0
15273,0.0
15274,0.0
15275,0.0
15276,0.0
15277,0.0
15278,0.0
15279,0.0
15280,0.0
15281,0.0
15282,0.0
15283,0.0
15284,0.0
15285,0.0
15286,0.0
15287,0.0
15288,0.0
15289,0.0
15290,0.0
15291,0.0
15292,0.0
15293,0.0
15294,0.0
15295,0.0
15296,0.0
15297,0.0
15298,0.0
15299,0.0
15300,0.0
15301,0.0
15302,0.0
15303,0.0
15304,0.0
15305,0.0
15306,0.0
15307,0.0
15308,0.0
15309,0.0
15310,0.0
15311,0.0
15312,0.0
15313,0.0
15314,0.0
15315,0.0
15316,0.0
15317,0.0
15318,0.0
15319,0.0
15320,0.0
15321,0.0
15322,0.0
15323,0.0
15324,0.0
15325,0.0
15326,0.0
15327,0.0
15328,0.0
15329,0.0
15330,0.0
15331,0.0
15332,0.0
15333,0.0
15334,0.0
15335,0.0
15336,0.0
15337,0.0
15338,0.0
15339,0.0
15340,0.0
15341,0.0
15342,0.0
15343,0.0
15344,0.0
15345,0.0
15346,0.0
15347,0.0
15348,0.0
15349,0.0
15350,0.0
15351,0.0
15352,0.0
15353,0.0
15354,0.0
15355,0.0
15356,0.0
15357,0.0
15358,0.0
15359,0.0
15360,0.0
15361,0.0
15362,0.0
15363,0.0
15364,0.0
15365,0.0
15366,0.0
15367,0.0
15368,0.0
15369,0.0
15370,0.0
15371,0.0
15372,0.0
15373,0.0
15374,0.0
15375,0.0
15376,0.0
15377,0.0
15378,0.0
15379,0.0
15380,0.0
15381,0.0
15382,0.0
15383,0.0
15384,0.0
15385,0.0
15386,0.0
15387,0.0
15388,0.0
15389,0.0
15390,0.0
15391,0.0
15392,0.0
15393,0.0
15394,0.0
15395,0.0
15396,0.0
15397,0.0
15398,0.0
15399,0.0
15400,0.0
15401,0.0
15402,0.0
15403,0.0
15404,0.0
15405,0.0
15406,0.0
15407,0.0
15408,0.0
15409,0.0
15410,0.0
15411,0.0
15412,0.0
15413,0.0
15414,0.0
15415,0.0
15416,0.0
15417,0.0
15418,0.0
15419,0.0
15420,0.0
15421,0.0
15422,0.0
15423,0.0
15424,0.0
15425,0.0
15426,0.0
15427,0.0
15428,0.0
15429,0.0
15430,0.0
15431,0.0
15432,0.0
15433,0.0
15434,0.0
15435,0.0
15436,0.0
15437,0.0
15438,0.0
15439,0.0
15440,0.0
15441,0.0
15442,0.0
15443,0.0
15444,0.0
15445,0.0
15446,0.0
15447,0.0
15448,0.0
15449,0.0
15450,0.0
15451,0.0
15452,0.0
15453,0.0
15454,0.0
15455,0.0
15456,0.0
15457,0.0
15458,0.0
15459,0.0
15460,0.0
15461,0.0
15462,0.0
15463,0.0
15464,0.0
15465,0.0
15466,0.0
15467,0.0
15468,0.0
15469,0.0
15470,0.0
15471,0.0
15472,0.0
15473,0.0
15474,0.0
15475,0.0
15476,0.0
15477,0.0
15478,0.0
15479,0.0
15480,0.0
15481,0.0
15482,0.0
15483,0.0
15484,0.0
15485,0.0
15486,0.0
15487,0.0
15488,0.0
15489,0.0
15490,0.0
15491,0.0
15492,0.0
15493,0.0
15494,0.0
15495,0.0
15496,0.0
15497,0.0
15498,0.0
15499,0.0
15500,0.0
15501,0.0
15502,0.0
15503,0.0
15504,0.0
15505,0.0
15506,0.0
15507,0.0
15508,0.0
15509,0.0
15510,0.0
15511,0.0
15512,0.0
15513,0.0
15514,0.0
15515,0.0
15516,0.0
15517,0.0
15518,0.0
15519,0.0
15520,0.0
15521,0.0
15522,0.0
15523,0.0
15524,0.0
15525,0.0
15526,0.0
15527,0.0
15528,0.0
15529,0.0
15530,0.0
15531,0.0
15532,0.0
15533,0.0
15534,0.0
15535,0.0
15536,0.0
15537,0.0
15538,0.0
15539,0.0
15540,0.0
15541,0.0
15542,0.0
15543,0.0
15544,0.0
15545,0.0
15546,0.0
15547,0.0
15548,0.0
15549,0.0
15550,0.0
15551,0.0
15552,0.0
15553,0.0
15554,0.0
15555,0.0
15556,0.0
15557,0.0
15558,0.0
15559,0.0
15560,0.0
15561,0.0
15562,0.0
15563,0.0
15564,0.0
15565,0.0
15566,0.0
15567,0.0
15568,0.0
15569,0.0
15570,0.0
15571,0.0
15572,0.0
15573,0.0
15574,0.0
15575,0.0
15576,0.0
15577,0.0
15578,0.0
15579,0.0
15580,0.0
15581,0.0
15582,0.0
15583,0.0
15584,0.0
15585,0.0
15586,0.0
15587,0.0
15588,0.0
15589,0.0
15590,0.0
15591,0.0
15592,0.0
15593,0.0
15594,0.0
15595,0.0
15596,0.0
15597,0.0
15598,0.0
15599,0.0
15600,0.0
15601,0.0
15602,0.0
15603,0.0
15604,0.0
15605,0.0
15606,0.0
15607,0.0
15608,0.0
15609,0.0
15610,0.0
15611,0.0
15612,0.0
15613,0.0
15614,0.0
15615,0.0
15616,0.0
15617,0.0
15618,0.0
15619,0.0
15620,0.0
15621,0.0
15622,0.0
15623,0.0
15624,0.0
15625,0.0
15626,0.0
15627,0.0
15628,0.0
15629,0.0
15630,0.0
15631,0.0
15632,0.0
15633,0.0
15634,0.0
15635,0.0
15636,0.0
15637,0.0
15638,0.0
15639,0.0
15640,0.0
15641,0.0
15642,0.0
15643,0.0
15644,0.0
15645,0.0
15646,0.0
15647,0.0
15648,0.0
15649,0.0
15650,0.0
15651,0.0
15652,0.0
15653,0.0
15654,0.0
15655,0.0
15656,0.0
15657,0.0
15658,0.0
15659,0.0
15660,0.0
15661,0.0
15662,0.0
15663,0.0
15664,0.0
15665,0.0
15666,0.0
15667,0.0
15668,0.0
15669,0.0
15670,0.0
15671,0.0
15672,0.0
15673,0.0
15674,0.0
15675,0.0
15676,0.0
15677,0.0
15678,0.0
15679,0.0
15680,0.0
15681,0.0
15682,0.0
15683,0.0
15684,0.0
15685,0.0
15686,0.0
15687,0.0
15688,0.0
15689,0.0
15690,0.0
15691,0.0
15692,0.0
15693,0.0
15694,0.0
15695,0.0
15696,0.0
15697,0.0
15698,0.0
15699,0.0
15700,0.0
15701,0.0
15702,0.0
15703,0.0
15704,0.0
15705,0.0
15706,0.0
15707,0.0
15708,0.0
15709,0.0
15710,0.0
15711,0.0
15712,0.0
15713,0.0
15714,0.0
15715,0.0
15716,0.0
15717,0.0
15718,0.0
15719,0.0
15720,0.0
15721,0.0
15722,0.0
15723,0.0
15724,0.0
15725,0.0
15726,0.0
15727,0.0
15728,0.0
15729,0.0
15730,0.0
15731,0.0
15732,0.0
15733,0.0
15734,0.0
15735,0.0
15736,0.0
15737,0.0
15738,0.0
15739,0.0
15740,0.0
15741,0.0
15742,0.0
15743,0.0
15744,0.0
15745,0.0
15746,0.0
15747,0.0
15748,0.0
15749,0.0
15750,0.0
15751,0.0
15752,0.0
15753,0.0
15754,0.0
15755,0.0
15756,0.0
15757,0.0
15758,0.0
15759,0.0
15760,0.0
15761,0.0
15762,0.0
15763,0.0
15764,0.0
15765,0.0
15766,0.0
15767,0.0
15768,0.0
15769,0.0
15770,0.0
15771,0.0
15772,0.0
15773,0.0
15774,0.0
15775,0.0
15776,0.0
15777,0.0
15778,0.0
15779,0.0
15780,0.0
15781,0.0
15782,0.0
15783,0.0
15784,0.0
15785,0.0
15786,0.0
15787,0.0
15788,0.0
15789,0.0
15790,0.0
15791,0.0
15792,0.0
15793,0.0
15794,0.0
15795,0.0
15796,0.0
15797,0.0
15798,0.0
15799,0.0
15800,0.0
15801,0.0
15802,0.0
15803,0.0
15804,0.0
15805,0.0
15806,0.0
15807,0.0
15808,0.0
15809,0.0
15810,0.0
15811,0.0
15812,0.0
15813,0.0
15814,0.0
15815,0.0
15816,0.0
15817,0.0
15818,0.0
15819,0.0
15820,0.0
15821,0.0
15822,0.0
15823,0.0
15824,0.0
15825,0.0
15826,0.0
15827,0.0
15828,0.0
15829,0.0
15830,0.0
15831,0.0
15832,0.0
15833,0.0
15834,0.0
15835,0.0
15836,0.0
15837,0.0
15838,0.0
15839,0.0
15840,0.0
15841,0.0
15842,0.0
15843,0.0
15844,0.0
15845,0.0
15846,0.0
15847,0.0
15848,0.0
15849,0.0
15850,0.0
15851,0.0
15852,0.0
15853,0.0
15854,0.0
15855,0.0
15856,0.0
15857,0.0
15858,0.0
15859,0.0
15860,0.0
15861,0.0
15862,0.0
15863,0.0
15864,0.0
15865,0.0
15866,0.0
15867,0.0
15868,0.0
15869,0.0
15870,0.0
15871,0.0
15872,0.0
15873,0.0
15874,0.0
15875,0.0
15876,0.0
15877,0.0
15878,0.0
15879,0.0
15880,0.0
15881,0.0
15882,0.0
15883,0.0
15884,0.0
15885,0.0
15886,0.0
15887,0.0
15888,0.0
15889,0.0
15890,0.0
15891,0.0
15892,0.0
15893,0.0
15894,0.0
15895,0.0
15896,0.0
15897,0.0
15898,0.0
15899,0.0
15900,0.0
15901,0.0
15902,0.0
15903,0.0
15904,0.0
15905,0.0
15906,0.0
15907,0.0
15908,0.0
15909,0.0
15910,0.0
15911,0.0
15912,0.0
15913,0.0
15914,0.0
15915,0.0
15916,0.0
15917,0.0
15918,0.0
15919,0.0
15920,0.0
15921,0.0
15922,0.0
15923,0.0
15924,0.0
15925,0.0
15926,0.0
15927,0.0
15928,0.0
15929,0.0
15930,0.0
15931,0.0
15932,0.0
15933,0.0
15934,0.0
15935,0.0
15936,0.0
15937,0.0
15938,0.0
15939,0.0
15940,0.0
15941,0.0
15942,0.0
15943,0.0
15944,0.0
15945,0.0
15946,0.0
15947,0.0
15948,0.0
15949,0.0
15950,0.0
15951,0.0
15952,0.0
15953,0.0
15954,0.0
15955,0.0
15956,0.0
15957,0.0
15958,0.0
15959,0.0
15960,0.0
15961,0.0
15962,0.0
15963,0.0
15964,0.0
15965,0.0
15966,0.0
15967,0.0
15968,0.0
15969,0.0
15970,0.0
15971,0.0
15972,0.0
15973,0.0
15974,0.0
15975,0.0
15976,0.0
15977,0.0
15978,0.0
15979,0.0
15980,0.0
15981,0.0
15982,0.0
15983,0.0
15984,0.0
15985,0.0
15986,0.0
15987,0.0
15988,0.0
15989,0.0
15990,0.0
15991,0.0
15992,0.0
15993,0.0
15994,0.0
15995,0.0
15996,0.0
15997,0.0
15998,0.0
15999,0.0
16000,0.0
16001,0.0
16002,0.0
16003,0.0
16004,0.0
16005,0.0
16006,0.0
16007,0.0
16008,0.0
16009,0.0
16010,0.0
16011,0.0
16012,0.0
16013,0.0
16014,0.0
16015,0.0
16016,0.0
16017,0.0
16018,0.0
16019,0.0
16020,0.0
16021,0.0
16022,0.0
16023,0.0
16024,0.0
16025,0.0
16026,0.0
16027,0.0
16028,0.0
16029,0.0
16030,0.0
16031,0.0
16032,0.0
16033,0.0
16034,0.0
16035,0.0
16036,0.0
16037,0.0
16038,0.0
16039,0.0
16040,0.0
16041,0.0
16042,0.0
16043,0.0
16044,0.0
16045,0.0
16046,0.0
16047,0.0
16048,0.0
16049,0.0
16050,0.0
16051,0.0
16052,0.0
16053,0.0
16054,0.0
16055,0.0
16056,0.0
16057,0.0
16058,0.0
16059,0.0
16060,0.0
16061,0.0
16062,0.0
16063,0.0
16064,0.0
16065,0.0
16066,0.0
16067,0.0
16068,0.0
16069,0.0
16070,0.0
16071,0.0
16072,0.0
16073,0.0
16074,0.0
16075,0.0
16076,0.0
16077,0.0
16078,0.0
16079,0.0
16080,0.0
16081,0.0
16082,0.0
16083,0.0
16084,0.0
16085,0.0
16086,0.0
16087,0.0
16088,0.0
16089,0.0
16090,0.0
16091,0.0
16092,0.0
16093,0.0
16094,0.0
16095,0.0
16096,0.0
16097,0.0
16098,0.0
16099,0.0
16100,0.0
16101,0.0
16102,0.0
16103,0.0
16104,0.0
16105,0.0
16106,0.0
16107,0.0
16108,0.0
16109,0.0
16110,0.0
16111,0.0
16112,0.0
16113,0.0
16114,0.0
16115,0.0
16116,0.0
16117,0.0
16118,0.0
16119,0.0
16120,0.0
16121,0.0
16122,0.0
16123,0.0
16124,0.0
16125,0.0
16126,0.0
16127,0.0
16128,0.0
16129,0.0
16130,0.0
16131,0.0
16132,0.0
16133,0.0
16134,0.0
16135,0.0
16136,0.0
16137,0.0
16138,0.0
16139,0.0
16140,0.0
16141,0.0
16142,0.0
16143,0.0
16144,0.0
16145,0.0
16146,0.0
16147,0.0
16148,0.0
16149,0.0
16150,0.0
16151,0.0
16152,0.0
16153,0.0
16154,0.0
16155,0.0
16156,0.0
16157,0.0
16158,0.0
16159,0.0
16160,0.0
16161,0.0
16162,0.0
16163,0.0
16164,0.0
16165,0.0
16166,0.0
16167,0.0
16168,0.0
16169,0.0
16170,0.0
16171,0.0
16172,0.0
16173,0.0
16174,0.0
16175,0.0
16176,0.0
16177,0.0
16178,0.0
16179,0.0
16180,0.0
16181,0.0
16182,0.0
16183,0.0
16184,0.0
16185,0.0
16186,0.0
16187,0.0
16188,0.0
16189,0.0
16190,0.0
16191,0.0
16192,0.0
16193,0.0
16194,0.0
16195,0.0
16196,0.0
16197,0.0
16198,0.0
16199,0.0
16200,0.0
16201,0.0
16202,0.0
16203,0.0
16204,0.0
16205,0.0
16206,0.0
16207,0.0
16208,0.0
16209,0.0
16210,0.0
16211,0.0
16212,0.0
16213,0.0
16214,0.0
16215,0.0
16216,0.0
16217,0.0
16218,0.0
16219,0.0
16220,0.0
16221,0.0
16222,0.0
16223,0.0
16224,0.0
16225,0.0
16226,0.0
16227,0.0
16228,0.0
16229,0.0
16230,0.0
16231,0.0
16232,0.0
16233,0.0
16234,0.0
16235,0.0
16236,0.0
16237,0.0
16238,0.0
16239,0.0
16240,0.0
16241,0.0
16242,0.0
16243,0.0
16244,0.0
16245,0.0
16246,0.0
16247,0.0
16248,0.0
16249,0.0
16250,0.0
16251,0.0
16252,0.0
16253,0.0
16254,0.0
16255,0.0
16256,0.0
16257,0.0
16258,0.0
16259,0.0
16260,0.0
16261,0.0
16262,0.0
16263,0.0
16264,0.0
16265,0.0
16266,0.0
16267,0.0
16268,0.0
16269,0.0
16270,0.0
16271,0.0
16272,0.0
16273,0.0
16274,0.0
16275,0.0
16276,0.0
16277,0.0
16278,0.0
16279,0.0
16280,0.0
16281,0.0
16282,0.0
16283,0.0
16284,0.0
16285,0.0
16286,0.0
16287,0.0
16288,0.0
16289,0.0
16290,0.0
16291,0.0
16292,0.0
16293,0.0
16294,0.0
16295,0.0
16296,0.0
16297,0.0
16298,0.0
16299,0.0
16300,0.0
16301,0.0
16302,0.0
16303,0.0
16304,0.0
16305,0.0
16306,0.0
16307,0.0
16308,0.0
16309,0.0
16310,0.0
16311,0.0
16312,0.0
16313,0.0
16314,0.0
16315,0.0
16316,0.0
16317,0.0
16318,0.0
16319,0.0
16320,0.0
16321,0.0
16322,0.0
16323,0.0
16324,0.0
16325,0.0
16326,0.0
16327,0.0
16328,0.0
16329,0.0
16330,0.0
16331,0.0
16332,0.0
16333,0.0
16334,0.0
16335,0.0
16336,0.0
16337,0.0
16338,0.0
16339,0.0
16340,0.0
16341,0.0
16342,0.0
16343,0.0
16344,0.0
16345,0.0
16346,0.0
16347,0.0
16348,0.0
16349,0.0
16350,0.0
16351,0.0
16352,0.0
16353,0.0
16354,0.0
16355,0.0
16356,0.0
16357,0.0
16358,0.0
16359,0.0
16360,0.0
16361,0.0
16362,0.0
16363,0.0
16364,0.0
16365,0.0
16366,0.0
16367,0.0
16368,0.0
16369,0.0
16370,0.0
16371,0.0
16372,0.0
16373,0.0
16374,0.0
16375,0.0
16376,0.0
16377,0.0
16378,0.0
16379,0.0
16380,0.0
16381,0.0
16382,0.0
16383,0.0
16384,0.0
16385,0.0
16386,0.0
16387,0.0
16388,0.0
16389,0.0
16390,0.0
16391,0.0
16392,0.0
16393,0.0
16394,0.0
16395,0.0
16396,0.0
16397,0.0
16398,0.0
16399,0.0
16400,0.0
16401,0.0
16402,0.0
16403,0.0
16404,0.0
16405,0.0
16406,0.0
16407,0.0
16408,0.0
16409,0.0
16410,0.0
16411,0.0
16412,0.0
16413,0.0
16414,0.0
16415,0.0
16416,0.0
16417,0.0
16418,0.0
16419,0.0
16420,0.0
16421,0.0
16422,0.0
16423,0.0
16424,0.0
16425,0.0
16426,0.0
16427,0.0
16428,0.0
16429,0.0
16430,0.0
16431,0.0
16432,0.0
16433,0.0
16434,0.0
16435,0.0
16436,0.0
16437,0.0
16438,0.0
16439,0.0
16440,0.0
16441,0.0
16442,0.0
16443,0.0
16444,0.0
16445,0.0
16446,0.0
16447,0.0
16448,0.0
16449,0.0
16450,0.0
16451,0.0
16452,0.0
16453,0.0
16454,0.0
16455,0.0
16456,0.0
16457,0.0
16458,0.0
16459,0.0
16460,0.0
16461,0.0
16462,0.0
16463,0.0
16464,0.0
16465,0.0
16466,0.0
16467,0.0
16468,0.0
16469,0.0
16470,0.0
16471,0.0
16472,0.0
16473,0.0
16474,0.0
16475,0.0
16476,0.0
16477,0.0
16478,0.0
16479,0.0
16480,0.0
16481,0.0
16482,0.0
16483,0.0
16484,0.0
16485,0.0
16486,0.0
16487,0.0
16488,0.0
16489,0.0
16490,0.0
16491,0.0
16492,0.0
16493,0.0
16494,0.0
16495,0.0
16496,0.0
16497,0.0
16498,0.0
16499,0.0
16500,0.0
16501,0.0
16502,0.0
16503,0.0
16504,0.0
16505,0.0
16506,0.0
16507,0.0
16508,0.0
16509,0.0
16510,0.0
16511,0.0
16512,0.0
16513,0.0
16514,0.0
16515,0.0
16516,0.0
16517,0.0
16518,0.0
16519,0.0
16520,0.0
16521,0.0
16522,0.0
16523,0.0
16524,0.0
16525,0.0
16526,0.0
16527,0.0
16528,0.0
16529,0.0
16530,0.0
16531,0.0
16532,0.0
16533,0.0
16534,0.0
16535,0.0
16536,0.0
16537,0.0
16538,0.0
16539,0.0
16540,0.0
16541,0.0
16542,0.0
16543,0.0
16544,0.0
16545,0.0
16546,0.0
16547,0.0
16548,0.0
16549,0.0
16550,0.0
16551,0.0
16552,0.0
16553,0.0
16554,0.0
16555,0.0
16556,0.0
16557,0.0
16558,0.0
16559,0.0
16560,0.0
16561,0.0
16562,0.0
16563,0.0
16564,0.0
16565,0.0
16566,0.0
16567,0.0
16568,0.0
16569,0.0
16570,0.0
16571,0.0
16572,0.0
16573,0.0
16574,0.0
16575,0.0
16576,0.0
16577,0.0
16578,0.0
16579,0.0
16580,0.0
16581,0.0
16582,0.0
16583,0.0
16584,0.0
16585,0.0
16586,0.0
16587,0.0
16588,0.0
16589,0.0
16590,0.0
16591,0.0
16592,0.0
16593,0.0
16594,0.0
16595,0.0
16596,0.0
16597,0.0
16598,0.0
16599,0.0
16600,0.0
16601,0.0
16602,0.0
16603,0.0
16604,0.0
16605,0.0
16606,0.0
16607,0.0
16608,0.0
16609,0.0
16610,0.0
16611,0.0
16612,0.0
16613,0.0
16614,0.0
16615,0.0
16616,0.0
16617,0.0
16618,0.0
16619,0.0
16620,0.0
16621,0.0
16622,0.0
16623,0.0
16624,0.0
16625,0.0
16626,0.0
16627,0.0
16628,0.0
16629,0.0
16630,0.0
16631,0.0
16632,0.0
16633,0.0
16634,0.0
16635,0.0
16636,0.0
16637,0.0
16638,0.0
16639,0.0
16640,0.0
16641,0.0
16642,0.0
16643,0.0
16644,0.0
16645,0.0
16646,0.0
16647,0.0
16648,0.0
16649,0.0
16650,0.0
16651,0.0
16652,0.0
16653,0.0
16654,0.0
16655,0.0
16656,0.0
16657,0.0
16658,0.0
16659,0.0
16660,0.0
16661,0.0
16662,0.0
16663,0.0
16664,0.0
16665,0.0
16666,0.0
16667,0.0
16668,0.0
16669,0.0
16670,0.0
16671,0.0
16672,0.0
16673,0.0
16674,0.0
16675,0.0
16676,0.0
16677,0.0
16678,0.0
16679,0.0
16680,0.0
16681,0.0
16682,0.0
16683,0.0
16684,0.0
16685,0.0
16686,0.0
16687,0.0
16688,0.0
16689,0.0
16690,0.0
16691,0.0
16692,0.0
16693,0.0
16694,0.0
16695,0.0
16696,0.0
16697,0.0
16698,0.0
16699,0.0
16700,0.0
16701,0.0
16702,0.0
16703,0.0
16704,0.0
16705,0.0
16706,0.0
16707,0.0
16708,0.0
16709,0.0
16710,0.0
16711,0.0
16712,0.0
16713,0.0
16714,0.0
16715,0.0
16716,0.0
16717,0.0
16718,0.0
16719,0.0
16720,0.0
16721,0.0
16722,0.0
16723,0.0
16724,0.0
16725,0.0
16726,0.0
16727,0.0
16728,0.0
16729,0.0
16730,0.0
16731,0.0
16732,0.0
16733,0.0
16734,0.0
16735,0.0
16736,0.0
16737,0.0
16738,0.0
16739,0.0
16740,0.0
16741,0.0
16742,0.0
16743,0.0
16744,0.0
16745,0.0
16746,0.0
16747,0.0
16748,0.0
16749,0.0
16750,0.0
16751,0.0
16752,0.0
16753,0.0
16754,0.0
16755,0.0
16756,0.0
16757,0.0
16758,0.0
16759,0.0
16760,0.0
16761,0.0
16762,0.0
16763,0.0
16764,0.0
16765,0.0
16766,0.0
16767,0.0
16768,0.0
16769,0.0
16770,0.0
16771,0.0
16772,0.0
16773,0.0
16774,0.0
16775,0.0
16776,0.0
16777,0.0
16778,0.0
16779,0.0
16780,0.0
16781,0.0
16782,0.0
16783,0.0
16784,0.0
16785,0.0
16786,0.0
16787,0.0
16788,0.0
16789,0.0
16790,0.0
16791,0.0
16792,0.0
16793,0.0
16794,0.0
16795,0.0
16796,0.0
16797,0.0
16798,0.0
16799,0.0
16800,0.0
16801,0.0
16802,0.0
16803,0.0
16804,0.0
16805,0.0
16806,0.0
16807,0.0
16808,0.0
16809,0.0
16810,0.0
16811,0.0
16812,0.0
16813,0.0
16814,0.0
16815,0.0
16816,0.0
16817,0.0
16818,0.0
16819,0.0
16820,0.0
16821,0.0
16822,0.0
16823,0.0
16824,0.0
16825,0.0
16826,0.0
16827,0.0
16828,0.0
16829,0.0
16830,0.0
16831,0.0
16832,0.0
16833,0.0
16834,0.0
16835,0.0
16836,0.0
16837,0.0
16838,0.0
16839,0.0
16840,0.0
16841,0.0
16842,0.0
16843,0.0
16844,0.0
16845,0.0
16846,0.0
16847,0.0
16848,0.0
16849,0.0
16850,0.0
16851,0.0
16852,0.0
16853,0.0
16854,0.0
16855,0.0
16856,0.0
16857,0.0
16858,0.0
16859,0.0
16860,0.0
16861,0.0
16862,0.0
16863,0.0
16864,0.0
16865,0.0
16866,0.0
16867,0.0
16868,0.0
16869,0.0
16870,0.0
16871,0.0
16872,0.0
16873,0.0
16874,0.0
16875,0.0
16876,0.0
16877,0.0
16878,0.0
16879,0.0
16880,0.0
16881,0.0
16882,0.0
16883,0.0
16884,0.0
16885,0.0
16886,0.0
16887,0.0
16888,0.0
16889,0.0
16890,0.0
16891,0.0
16892,0.0
16893,0.0
16894,0.0
16895,0.0
16896,0.0
16897,0.0
16898,0.0
16899,0.0
16900,0.0
16901,0.0
16902,0.0
16903,0.0
16904,0.0
16905,0.0
16906,0.0
16907,0.0
16908,0.0
16909,0.0
16910,0.0
16911,0.0
16912,0.0
16913,0.0
16914,0.0
16915,0.0
16916,0.0
16917,0.0
16918,0.0
16919,0.0
16920,0.0
16921,0.0
16922,0.0
16923,0.0
16924,0.0
16925,0.0
16926,0.0
16927,0.0
16928,0.0
16929,0.0
16930,0.0
16931,0.0
16932,0.0
16933,0.0
16934,0.0
16935,0.0
16936,0.0
16937,0.0
16938,0.0
16939,0.0
16940,0.0
16941,0.0
16942,0.0
16943,0.0
16944,0.0
16945,0.0
16946,0.0
16947,0.0
16948,0.0
16949,0.0
16950,0.0
16951,0.0
16952,0.0
16953,0.0
16954,0.0
16955,0.0
16956,0.0
16957,0.0
16958,0.0
16959,0.0
16960,0.0
16961,0.0
16962,0.0
16963,0.0
16964,0.0
16965,0.0
16966,0.0
16967,0.0
16968,0.0
16969,0.0
16970,0.0
16971,0.0
16972,0.0
16973,0.0
16974,0.0
16975,0.0
16976,0.0
16977,0.0
16978,0.0
16979,0.0
16980,0.0
16981,0.0
16982,0.0
16983,0.0
16984,0.0
16985,0.0
16986,0.0
16987,0.0
16988,0.0
16989,0.0
16990,0.0
16991,0.0
16992,0.0
16993,0.0
16994,0.0
16995,0.0
16996,0.0
16997,0.0
16998,0.0
16999,0.0
17000,0.0
17001,0.0
17002,0.0
17003,0.0
17004,0.0
17005,0.0
17006,0.0
17007,0.0
17008,0.0
17009,0.0
17010,0.0
17011,0.0
17012,0.0
17013,0.0
17014,0.0
17015,0.0
17016,0.0
17017,0.0
17018,0.0
17019,0.0
17020,0.0
17021,0.0
17022,0.0
17023,0.0
17024,0.0
17025,0.0
17026,0.0
17027,0.0
17028,0.0
17029,0.0
17030,0.0
17031,0.0
17032,0.0
17033,0.0
17034,0.0
17035,0.0
17036,0.0
17037,0.0
17038,0.0
17039,0.0
17040,0.0
17041,0.0
17042,0.0
17043,0.0
17044,0.0
17045,0.0
17046,0.0
17047,0.0
17048,0.0
17049,0.0
17050,0.0
17051,0.0
17052,0.0
17053,0.0
17054,0.0
17055,0.0
17056,0.0
17057,0.0
17058,0.0
17059,0.0
17060,0.0
17061,0.0
17062,0.0
17063,0.0
17064,0.0
17065,0.0
17066,0.0
17067,0.0
17068,0.0
17069,0.0
17070,0.0
17071,0.0
17072,0.0
17073,0.0
17074,0.0
17075,0.0
17076,0.0
17077,0.0
17078,0.0
17079,0.0
17080,0.0
17081,0.0
17082,0.0
17083,0.0
17084,0.0
17085,0.0
17086,0.0
17087,0.0
17088,0.0
17089,0.0
17090,0.0
17091,0.0
17092,0.0
17093,0.0
17094,0.0
17095,0.0
17096,0.0
17097,0.0
17098,0.0
17099,0.0
17100,0.0
17101,0.0
17102,0.0
17103,0.0
17104,0.0
17105,0.0
17106,0.0
17107,0.0
17108,0.0
17109,0.0
17110,0.0
17111,0.0
17112,0.0
17113,0.0
17114,0.0
17115,0.0
17116,0.0
17117,0.0
17118,0.0
17119,0.0
17120,0.0
17121,0.0
17122,0.0
17123,0.0
17124,0.0
17125,0.0
17126,0.0
17127,0.0
17128,0.0
17129,0.0
17130,0.0
17131,0.0
17132,0.0
17133,0.0
17134,0.0
17135,0.0
17136,0.0
17137,0.0
17138,0.0
17139,0.0
17140,0.0
17141,0.0
17142,0.0
17143,0.0
17144,0.0
17145,0.0
17146,0.0
17147,0.0
17148,0.0
17149,0.0
17150,0.0
17151,0.0
17152,0.0
17153,0.0
17154,0.0
17155,0.0
17156,0.0
17157,0.0
17158,0.0
17159,0.0
17160,0.0
17161,0.0
17162,0.0
17163,0.0
17164,0.0
17165,0.0
17166,0.0
17167,0.0
17168,0.0
17169,0.0
17170,0.0
17171,0.0
17172,0.0
17173,0.0
17174,0.0
17175,0.0
17176,0.0
17177,0.0
17178,0.0
17179,0.0
17180,0.0
17181,0.0
17182,0.0
17183,0.0
17184,0.0
17185,0.0
17186,0.0
17187,0.0
17188,0.0
17189,0.0
17190,0.0
17191,0.0
17192,0.0
17193,0.0
17194,0.0
17195,0.0
17196,0.0
17197,0.0
17198,0.0
17199,0.0
17200,0.0
17201,0.0
17202,0.0
17203,0.0
17204,0.0
17205,0.0
17206,0.0
17207,0.0
17208,0.0
17209,0.0
17210,0.0
17211,0.0
17212,0.0
17213,0.0
17214,0.0
17215,0.0
17216,0.0
17217,0.0
17218,0.0
17219,0.0
17220,0.0
17221,0.0
17222,0.0
17223,0.0
17224,0.0
17225,0.0
17226,0.0
17227,0.0
17228,0.0
17229,0.0
17230,0.0
17231,0.0
17232,0.0
17233,0.0
17234,0.0
17235,0.0
17236,0.0
17237,0.0
17238,0.0
17239,0.0
17240,0.0
17241,0.0
17242,0.0
17243,0.0
17244,0.0
17245,0.0
17246,0.0
17247,0.0
17248,0.0
17249,0.0
17250,0.0
17251,0.0
17252,0.0
17253,0.0
17254,0.0
17255,0.0
17256,0.0
17257,0.0
17258,0.0
17259,0.0
17260,0.0
17261,0.0
17262,0.0
17263,0.0
17264,0.0
17265,0.0
17266,0.0
17267,0.0
17268,0.0
17269,0.0
17270,0.0
17271,0.0
17272,0.0
17273,0.0
17274,0.0
17275,0.0
17276,0.0
17277,0.0
17278,0.0
17279,0.0
17280,0.0
17281,0.0
17282,0.0
17283,0.0
17284,0.0
17285,0.0
17286,0.0
17287,0.0
17288,0.0
17289,0.0
17290,0.0
17291,0.0
17292,0.0
17293,0.0
17294,0.0
17295,0.0
17296,0.0
17297,0.0
17298,0.0
17299,0.0
17300,0.0
17301,0.0
17302,0.0
17303,0.0
17304,0.0
17305,0.0
17306,0.0
17307,0.0
17308,0.0
17309,0.0
17310,0.0
17311,0.0
17312,0.0
17313,0.0
17314,0.0
17315,0.0
17316,0.0
17317,0.0
17318,0.0
17319,0.0
17320,0.0
17321,0.0
17322,0.0
17323,0.0
17324,0.0
17325,0.0
17326,0.0
17327,0.0
17328,0.0
17329,0.0
17330,0.0
17331,0.0
17332,0.0
17333,0.0
17334,0.0
17335,0.0
17336,0.0
17337,0.0
17338,0.0
17339,0.0
17340,0.0
17341,0.0
17342,0.0
17343,0.0
17344,0.0
17345,0.0
17346,0.0
17347,0.0
17348,0.0
17349,0.0
17350,0.0
17351,0.0
17352,0.0
17353,0.0
17354,0.0
17355,0.0
17356,0.0
17357,0.0
17358,0.0
17359,0.0
17360,0.0
17361,0.0
17362,0.0
17363,0.0
17364,0.0
17365,0.0
17366,0.0
17367,0.0
17368,0.0
17369,0.0
17370,0.0
17371,0.0
17372,0.0
17373,0.0
17374,0.0
17375,0.0
17376,0.0
17377,0.0
17378,0.0
17379,0.0
17380,0.0
17381,0.0
17382,0.0
17383,0.0
17384,0.0
17385,0.0
17386,0.0
17387,0.0
17388,0.0
17389,0.0
17390,0.0
17391,0.0
17392,0.0
17393,0.0
17394,0.0
17395,0.0
17396,0.0
17397,0.0
17398,0.0
17399,0.0
17400,0.0
17401,0.0
17402,0.0
17403,0.0
17404,0.0
17405,0.0
17406,0.0
17407,0.0
17408,0.0
17409,0.0
17410,0.0
17411,0.0
17412,0.0
17413,0.0
17414,0.0
17415,0.0
17416,0.0
17417,0.0
17418,0.0
17419,0.0
17420,0.0
17421,0.0
17422,0.0
17423,0.0
17424,0.0
17425,0.0
17426,0.0
17427,0.0
17428,0.0
17429,0.0
17430,0.0
17431,0.0
17432,0.0
17433,0.0
17434,0.0
17435,0.0
17436,0.0
17437,0.0
17438,0.0
17439,0.0
17440,0.0
17441,0.0
17442,0.0
17443,0.0
17444,0.0
17445,0.0
17446,0.0
17447,0.0
17448,0.0
17449,0.0
17450,0.0
17451,0.0
17452,0.0
17453,0.0
17454,0.0
17455,0.0
17456,0.0
17457,0.0
17458,0.0
17459,0.0
17460,0.0
17461,0.0
17462,0.0
17463,0.0
17464,0.0
17465,0.0
17466,0.0
17467,0.0
17468,0.0
17469,0.0
17470,0.0
17471,0.0
17472,0.0
17473,0.0
17474,0.0
17475,0.0
17476,0.0
17477,0.0
17478,0.0
17479,0.0
17480,0.0
17481,0.0
17482,0.0
17483,0.0
17484,0.0
17485,0.0
17486,0.0
17487,0.0
17488,0.0
17489,0.0
17490,0.0
17491,0.0
17492,0.0
17493,0.0
17494,0.0
17495,0.0
17496,0.0
17497,0.0
17498,0.0
17499,0.0
17500,0.0
17501,0.0
17502,0.0
17503,0.0
17504,0.0
17505,0.0
17506,0.0
17507,0.0
17508,0.0
17509,0.0
17510,0.0
17511,0.0
17512,0.0
17513,0.0
17514,0.0
17515,0.0
17516,0.0
17517,0.0
17518,0.0
17519,0.0
17520,0.0
17521,0.0
17522,0.0
17523,0.0
17524,0.0
17525,0.0
17526,0.0
17527,0.0
17528,0.0
17529,0.0
17530,0.0
17531,0.0
17532,0.0
17533,0.0
17534,0.0
17535,0.0
17536,0.0
17537,0.0
17538,0.0
17539,0.0
17540,0.0
17541,0.0
17542,0.0
17543,0.0
17544,0.0
17545,0.0
17546,0.0
17547,0.0
17548,0.0
17549,0.0
17550,0.0
17551,0.0
17552,0.0
17553,0.0
17554,0.0
17555,0.0
17556,0.0
17557,0.0
17558,0.0
17559,0.0
17560,0.0
17561,0.0
17562,0.0
17563,0.0
17564,0.0
17565,0.0
17566,0.0
17567,0.0
17568,0.0
17569,0.0
17570,0.0
17571,0.0
17572,0.0
17573,0.0
17574,0.0
17575,0.0
17576,0.0
17577,0.0
17578,0.0
17579,0.0
17580,0.0
17581,0.0
17582,0.0
17583,0.0
17584,0.0
17585,0.0
17586,0.0
17587,0.0
17588,0.0
17589,0.0
17590,0.0
17591,0.0
17592,0.0
17593,0.0
17594,0.0
17595,0.0
17596,0.0
17597,0.0
17598,0.0
17599,0.0
17600,0.0
17601,0.0
17602,0.0
17603,0.0
17604,0.0
17605,0.0
17606,0.0
17607,0.0
17608,0.0
17609,0.0
17610,0.0
17611,0.0
17612,0.0
17613,0.0
17614,0.0
17615,0.0
17616,0.0
17617,0.0
17618,0.0
17619,0.0
17620,0.0
17621,0.0
17622,0.0
17623,0.0
17624,0.0
17625,0.0
17626,0.0
17627,0.0
17628,0.0
17629,0.0
17630,0.0
17631,0.0
17632,0.0
17633,0.0
17634,0.0
17635,0.0
17636,0.0
17637,0.0
17638,0.0
17639,0.0
17640,0.0
17641,0.0
17642,0.0
17643,0.0
17644,0.0
17645,0.0
17646,0.0
17647,0.0
17648,0.0
17649,0.0
17650,0.0
17651,0.0
17652,0.0
17653,0.0
17654,0.0
17655,0.0
17656,0.0
17657,0.0
17658,0.0
17659,0.0
17660,0.0
17661,0.0
17662,0.0
17663,0.0
17664,0.0
17665,0.0
17666,0.0
17667,0.0
17668,0.0
17669,0.0
17670,0.0
17671,0.0
17672,0.0
17673,0.0
17674,0.0
17675,0.0
17676,0.0
17677,0.0
17678,0.0
17679,0.0
17680,0.0
17681,0.0
17682,0.0
17683,0.0
17684,0.0
17685,0.0
17686,0.0
17687,0.0
17688,0.0
17689,0.0
17690,0.0
17691,0.0
17692,0.0
17693,0.0
17694,0.0
17695,0.0
17696,0.0
17697,0.0
17698,0.0
17699,0.0
17700,0.0
17701,0.0
17702,0.0
17703,0.0
17704,0.0
17705,0.0
17706,0.0
17707,0.0
17708,0.0
17709,0.0
17710,0.0
17711,0.0
17712,0.0
17713,0.0
17714,0.0
17715,0.0
17716,0.0
17717,0.0
17718,0.0
17719,0.0
17720,0.0
17721,0.0
17722,0.0
17723,0.0
17724,0.0
17725,0.0
17726,0.0
17727,0.0
17728,0.0
17729,0.0
17730,0.0
17731,0.0
17732,0.0
17733,0.0
17734,0.0
17735,0.0
17736,0.0
17737,0.0
17738,0.0
17739,0.0
17740,0.0
17741,0.0
17742,0.0
17743,0.0
17744,0.0
17745,0.0
17746,0.0
17747,0.0
17748,0.0
17749,0.0
17750,0.0
17751,0.0
17752,0.0
17753,0.0
17754,0.0
17755,0.0
17756,0.0
17757,0.0
17758,0.0
17759,0.0
17760,0.0
17761,0.0
17762,0.0
17763,0.0
17764,0.0
17765,0.0
17766,0.0
17767,0.0
17768,0.0
17769,0.0
17770,0.0
17771,0.0
17772,0.0
17773,0.0
17774,0.0
17775,0.0
17776,0.0
17777,0.0
17778,0.0
17779,0.0
17780,0.0
17781,0.0
17782,0.0
17783,0.0
17784,0.0
17785,0.0
17786,0.0
17787,0.0
17788,0.0
17789,0.0
17790,0.0
17791,0.0
17792,0.0
17793,0.0
17794,0.0
17795,0.0
17796,0.0
17797,0.0
17798,0.0
17799,0.0
17800,0.0
17801,0.0
17802,0.0
17803,0.0
17804,0.0
17805,0.0
17806,0.0
17807,0.0
17808,0.0
17809,0.0
17810,0.0
17811,0.0
17812,0.0
17813,0.0
17814,0.0
17815,0.0
17816,0.0
17817,0.0
17818,0.0
17819,0.0
17820,0.0
17821,0.0
17822,0.0
17823,0.0
17824,0.0
17825,0.0
17826,0.0
17827,0.0
17828,0.0
17829,0.0
17830,0.0
17831,0.0
17832,0.0
17833,0.0
17834,0.0
17835,0.0
17836,0.0
17837,0.0
17838,0.0
17839,0.0
17840,0.0
17841,0.0
17842,0.0
17843,0.0
17844,0.0
17845,0.0
17846,0.0
17847,0.0
17848,0.0
17849,0.0
17850,0.0
17851,0.0
17852,0.0
17853,0.0
17854,0.0
17855,0.0
17856,0.0
17857,0.0
17858,0.0
17859,0.0
17860,0.0
17861,0.0
17862,0.0
17863,0.0
17864,0.0
17865,0.0
17866,0.0
17867,0.0
17868,0.0
17869,0.0
17870,0.0
17871,0.0
17872,0.0
17873,0.0
17874,0.0
17875,0.0
17876,0.0
17877,0.0
17878,0.0
17879,0.0
17880,0.0
17881,0.0
17882,0.0
17883,0.0
17884,0.0
17885,0.0
17886,0.0
17887,0.0
17888,0.0
17889,0.0
17890,0.0
17891,0.0
17892,0.0
17893,0.0
17894,0.0
17895,0.0
17896,0.0
17897,0.0
17898,0.0
17899,0.0
17900,0.0
17901,0.0
17902,0.0
17903,0.0
17904,0.0
17905,0.0
17906,0.0
17907,0.0
17908,0.0
17909,0.0
17910,0.0
17911,0.0
17912,0.0
17913,0.0
17914,0.0
17915,0.0
17916,0.0
17917,0.0
17918,0.0
17919,0.0
17920,0.0
17921,0.0
17922,0.0
17923,0.0
17924,0.0
17925,0.0
17926,0.0
17927,0.0
17928,0.0
17929,0.0
17930,0.0
17931,0.0
17932,0.0
17933,0.0
17934,0.0
17935,0.0
17936,0.0
17937,0.0
17938,0.0
17939,0.0
17940,0.0
17941,0.0
17942,0.0
17943,0.0
17944,0.0
17945,0.0
17946,0.0
17947,0.0
17948,0.0
17949,0.0
17950,0.0
17951,0.0
17952,0.0
17953,0.0
17954,0.0
17955,0.0
17956,0.0
17957,0.0
17958,0.0
17959,0.0
17960,0.0
17961,0.0
17962,0.0
17963,0.0
17964,0.0
17965,0.0
17966,0.0
17967,0.0
17968,0.0
17969,0.0
17970,0.0
17971,0.0
17972,0.0
17973,0.0
17974,0.0
17975,0.0
17976,0.0
17977,0.0
17978,0.0
17979,0.0
17980,0.0
17981,0.0
17982,0.0
17983,0.0
17984,0.0
17985,0.0
17986,0.0
17987,0.0
17988,0.0
17989,0.0
17990,0.0
17991,0.0
17992,0.0
17993,0.0
17994,0.0
17995,0.0
17996,0.0
17997,0.0
17998,0.0
17999,0.0
18000,0.0
18001,0.0
18002,0.0
18003,0.0
18004,0.0
18005,0.0
18006,0.0
18007,0.0
18008,0.0
18009,0.0
18010,0.0
18011,0.0
18012,0.0
18013,0.0
18014,0.0
18015,0.0
18016,0.0
18017,0.0
18018,0.0
18019,0.0
18020,0.0
18021,0.0
18022,0.0
18023,0.0
18024,0.0
18025,0.0
18026,0.0
18027,0.0
18028,0.0
18029,0.0
18030,0.0
18031,0.0
18032,0.0
18033,0.0
18034,0.0
18035,0.0
18036,0.0
18037,0.0
18038,0.0
18039,0.0
18040,0.0
18041,0.0
18042,0.0
18043,0.0
18044,0.0
18045,0.0
18046,0.0
18047,0.0
18048,0.0
18049,0.0
18050,0.0
18051,0.0
18052,0.0
18053,0.0
18054,0.0
18055,0.0
18056,0.0
18057,0.0
18058,0.0
18059,0.0
18060,0.0
18061,0.0
18062,0.0
18063,0.0
18064,0.0
18065,0.0
18066,0.0
18067,0.0
18068,0.0
18069,0.0
18070,0.0
18071,0.0
18072,0.0
18073,0.0
18074,0.0
18075,0.0
18076,0.0
18077,0.0
18078,0.0
18079,0.0
18080,0.0
18081,0.0
18082,0.0
18083,0.0
18084,0.0
18085,0.0
18086,0.0
18087,0.0
18088,0.0
18089,0.0
18090,0.0
18091,0.0
18092,0.0
18093,0.0
18094,0.0
18095,0.0
18096,0.0
18097,0.0
18098,0.0
18099,0.0
18100,0.0
18101,0.0
18102,0.0
18103,0.0
18104,0.0
18105,0.0
18106,0.0
18107,0.0
18108,0.0
18109,0.0
18110,0.0
18111,0.0
18112,0.0
18113,0.0
18114,0.0
18115,0.0
18116,0.0
18117,0.0
18118,0.0
18119,0.0
18120,0.0
18121,0.0
18122,0.0
18123,0.0
18124,0.0
18125,0.0
18126,0.0
18127,0.0
18128,0.0
18129,0.0
18130,0.0
18131,0.0
18132,0.0
18133,0.0
18134,0.0
18135,0.0
18136,0.0
18137,0.0
18138,0.0
18139,0.0
18140,0.0
18141,0.0
18142,0.0
18143,0.0
18144,0.0
18145,0.0
18146,0.0
18147,0.0
18148,0.0
18149,0.0
18150,0.0
18151,0.0
18152,0.0
18153,0.0
18154,0.0
18155,0.0
18156,0.0
18157,0.0
18158,0.0
18159,0.0
18160,0.0
18161,0.0
18162,0.0
18163,0.0
18164,0.0
18165,0.0
18166,0.0
18167,0.0
18168,0.0
18169,0.0
18170,0.0
18171,0.0
18172,0.0
18173,0.0
18174,0.0
18175,0.0
18176,0.0
18177,0.0
18178,0.0
18179,0.0
18180,0.0
18181,0.0
18182,0.0
18183,0.0
18184,0.0
18185,0.0
18186,0.0
18187,0.0
18188,0.0
18189,0.0
18190,0.0
18191,0.0
18192,0.0
18193,0.0
18194,0.0
18195,0.0
18196,0.0
18197,0.0
18198,0.0
18199,0.0
18200,0.0
18201,0.0
18202,0.0
18203,0.0
18204,0.0
18205,0.0
18206,0.0
18207,0.0
18208,0.0
18209,0.0
18210,0.0
18211,0.0
18212,0.0
18213,0.0
18214,0.0
18215,0.0
18216,0.0
18217,0.0
18218,0.0
18219,0.0
18220,0.0
18221,0.0
18222,0.0
18223,0.0
18224,0.0
18225,0.0
18226,0.0
18227,0.0
18228,0.0
18229,0.0
18230,0.0
18231,0.0
18232,0.0
18233,0.0
18234,0.0
18235,0.0
18236,0.0
18237,0.0
18238,0.0
18239,0.0
18240,0.0
18241,0.0
18242,0.0
18243,0.0
18244,0.0
18245,0.0
18246,0.0
18247,0.0
18248,0.0
18249,0.0
18250,0.0
18251,0.0
18252,0.0
18253,0.0
18254,0.0
18255,0.0
18256,0.0
18257,0.0
18258,0.0
18259,0.0
18260,0.0
18261,0.0
18262,0.0
18263,0.0
18264,0.0
18265,0.0
18266,0.0
18267,0.0
18268,0.0
18269,0.0
18270,0.0
18271,0.0
18272,0.0
18273,0.0
18274,0.0
18275,0.0
18276,0.0
18277,0.0
18278,0.0
18279,0.0
18280,0.0
18281,0.0
18282,0.0
18283,0.0
18284,0.0
18285,0.0
18286,0.0
18287,0.0
18288,0.0
18289,0.0
18290,0.0
18291,0.0
18292,0.0
18293,0.0
18294,0.0
18295,0.0
18296,0.0
18297,0.0
18298,0.0
18299,0.0
18300,0.0
18301,0.0
18302,0.0
18303,0.0
18304,0.0
18305,0.0
18306,0.0
18307,0.0
18308,0.0
18309,0.0
18310,0.0
18311,0.0
18312,0.0
18313,0.0
18314,0.0
18315,0.0
18316,0.0
18317,0.0
18318,0.0
18319,0.0
18320,0.0
18321,0.0
18322,0.0
18323,0.0
18324,0.0
18325,0.0
18326,0.0
18327,0.0
18328,0.0
18329,0.0
18330,0.0
18331,0.0
18332,0.0
18333,0.0
18334,0.0
18335,0.0
18336,0.0
18337,0.0
18338,0.0
18339,0.0
18340,0.0
18341,0.0
18342,0.0
18343,0.0
18344,0.0
18345,0.0
18346,0.0
18347,0.0
18348,0.0
18349,0.0
18350,0.0
18351,0.0
18352,0.0
18353,0.0
18354,0.0
18355,0.0
18356,0.0
18357,0.0
18358,0.0
18359,0.0
18360,0.0
18361,0.0
18362,0.0
18363,0.0
18364,0.0
18365,0.0
18366,0.0
18367,0.0
18368,0.0
18369,0.0
18370,0.0
18371,0.0
18372,0.0
18373,0.0
18374,0.0
18375,0.0
18376,0.0
18377,0.0
18378,0.0
18379,0.0
18380,0.0
18381,0.0
18382,0.0
18383,0.0
18384,0.0
18385,0.0
18386,0.0
18387,0.0
18388,0.0
18389,0.0
18390,0.0
18391,0.0
18392,0.0
18393,0.0
18394,0.0
18395,0.0
18396,0.0
18397,0.0
18398,0.0
18399,0.0
18400,0.0
18401,0.0
18402,0.0
18403,0.0
18404,0.0
18405,0.0
18406,0.0
18407,0.0
18408,0.0
18409,0.0
18410,0.0
18411,0.0
18412,0.0
18413,0.0
18414,0.0
18415,0.0
18416,0.0
18417,0.0
18418,0.0
18419,0.0
18420,0.0
18421,0.0
18422,0.0
18423,0.0
18424,0.0
18425,0.0
18426,0.0
18427,0.0
18428,0.0
18429,0.0
18430,0.0
18431,0.0
18432,0.0
18433,0.0
18434,0.0
18435,0.0
18436,0.0
18437,0.0
18438,0.0
18439,0.0
18440,0.0
18441,0.0
18442,0.0
18443,0.0
18444,0.0
18445,0.0
18446,0.0
18447,0.0
18448,0.0
18449,0.0
18450,0.0
18451,0.0
18452,0.0
18453,0.0
18454,0.0
18455,0.0
18456,0.0
18457,0.0
18458,0.0
18459,0.0
18460,0.0
18461,0.0
18462,0.0
18463,0.0
18464,0.0
18465,0.0
18466,0.0
18467,0.0
18468,0.0
18469,0.0
18470,0.0
18471,0.0
18472,0.0
18473,0.0
18474,0.0
18475,0.0
18476,0.0
18477,0.0
18478,0.0
18479,0.0
18480,0.0
18481,0.0
18482,0.0
18483,0.0
18484,0.0
18485,0.0
18486,0.0
18487,0.0
18488,0.0
18489,0.0
18490,0.0
18491,0.0
18492,0.0
18493,0.0
18494,0.0
18495,0.0
18496,0.0
18497,0.0
18498,0.0
18499,0.0
18500,0.0
18501,0.0
18502,0.0
18503,0.0
18504,0.0
18505,0.0
18506,0.0
18507,0.0
18508,0.0
18509,0.0
18510,0.0
18511,0.0
18512,0.0
18513,0.0
18514,0.0
18515,0.0
18516,0.0
18517,0.0
18518,0.0
18519,0.0
18520,0.0
18521,0.0
18522,0.0
18523,0.0
18524,0.0
18525,0.0
18526,0.0
18527,0.0
18528,0.0
18529,0.0
18530,0.0
18531,0.0
18532,0.0
18533,0.0
18534,0.0
18535,0.0
18536,0.0
18537,0.0
18538,0.0
18539,0.0
18540,0.0
18541,0.0
18542,0.0
18543,0.0
18544,0.0
18545,0.0
18546,0.0
18547,0.0
18548,0.0
18549,0.0
18550,0.0
18551,0.0
18552,0.0
18553,0.0
18554,0.0
18555,0.0
18556,0.0
18557,0.0
18558,0.0
18559,0.0
18560,0.0
18561,0.0
18562,0.0
18563,0.0
18564,0.0
18565,0.0
18566,0.0
18567,0.0
18568,0.0
18569,0.0
18570,0.0
18571,0.0
18572,0.0
18573,0.0
18574,0.0
18575,0.0
18576,0.0
18577,0.0
18578,0.0
18579,0.0
18580,0.0
18581,0.0
18582,0.0
18583,0.0
18584,0.0
18585,0.0
18586,0.0
18587,0.0
18588,0.0
18589,0.0
18590,0.0
18591,0.0
18592,0.0
18593,0.0
18594,0.0
18595,0.0
18596,0.0
18597,0.0
18598,0.0
18599,0.0
18600,0.0
18601,0.0
18602,0.0
18603,0.0
18604,0.0
18605,0.0
18606,0.0
18607,0.0
18608,0.0
18609,0.0
18610,0.0
18611,0.0
18612,0.0
18613,0.0
18614,0.0
18615,0.0
18616,0.0
18617,0.0
18618,0.0
18619,0.0
18620,0.0
18621,0.0
18622,0.0
18623,0.0
18624,0.0
18625,0.0
18626,0.0
18627,0.0
18628,0.0
18629,0.0
18630,0.0
18631,0.0
18632,0.0
18633,0.0
18634,0.0
18635,0.0
18636,0.0
18637,0.0
18638,0.0
18639,0.0
18640,0.0
18641,0.0
18642,0.0
18643,0.0
18644,0.0
18645,0.0
18646,0.0
18647,0.0
18648,0.0
18649,0.0
18650,0.0
18651,0.0
18652,0.0
18653,0.0
18654,0.0
18655,0.0
18656,0.0
18657,0.0
18658,0.0
18659,0.0
18660,0.0
18661,0.0
18662,0.0
18663,0.0
18664,0.0
18665,0.0
18666,0.0
18667,0.0
18668,0.0
18669,0.0
18670,0.0
18671,0.0
18672,0.0
18673,0.0
18674,0.0
18675,0.0
18676,0.0
18677,0.0
18678,0.0
18679,0.0
18680,0.0
18681,0.0
18682,0.0
18683,0.0
18684,0.0
18685,0.0
18686,0.0
18687,0.0
18688,0.0
18689,0.0
18690,0.0
18691,0.0
18692,0.0
18693,0.0
18694,0.0
18695,0.0
18696,0.0
18697,0.0
18698,0.0
18699,0.0
18700,0.0
18701,0.0
18702,0.0
18703,0.0
18704,0.0
18705,0.0
18706,0.0
18707,0.0
18708,0.0
18709,0.0
18710,0.0
18711,0.0
18712,0.0
18713,0.0
18714,0.0
18715,0.0
18716,0.0
18717,0.0
18718,0.0
18719,0.0
18720,0.0
18721,0.0
18722,0.0
18723,0.0
18724,0.0
18725,0.0
18726,0.0
18727,0.0
18728,0.0
18729,0.0
18730,0.0
18731,0.0
18732,0.0
18733,0.0
18734,0.0
18735,0.0
18736,0.0
18737,0.0
18738,0.0
18739,0.0
18740,0.0
18741,0.0
18742,0.0
18743,0.0
18744,0.0
18745,0.0
18746,0.0
18747,0.0
18748,0.0
18749,0.0
18750,0.0
18751,0.0
18752,0.0
18753,0.0
18754,0.0
18755,0.0
18756,0.0
18757,0.0
18758,0.0
18759,0.0
18760,0.0
18761,0.0
18762,0.0
18763,0.0
18764,0.0
18765,0.0
18766,0.0
18767,0.0
18768,0.0
18769,0.0
18770,0.0
18771,0.0
18772,0.0
18773,0.0
18774,0.0
18775,0.0
18776,0.0
18777,0.0
18778,0.0
18779,0.0
18780,0.0
18781,0.0
18782,0.0
18783,0.0
18784,0.0
18785,0.0
18786,0.0
18787,0.0
18788,0.0
18789,0.0
18790,0.0
18791,0.0
18792,0.0
18793,0.0
18794,0.0
18795,0.0
18796,0.0
18797,0.0
18798,0.0
18799,0.0
18800,0.0
18801,0.0
18802,0.0
18803,0.0
18804,0.0
18805,0.0
18806,0.0
18807,0.0
18808,0.0
18809,0.0
18810,0.0
18811,0.0
18812,0.0
18813,0.0
18814,0.0
18815,0.0
18816,0.0
18817,0.0
18818,0.0
18819,0.0
18820,0.0
18821,0.0
18822,0.0
18823,0.0
18824,0.0
18825,0.0
18826,0.0
18827,0.0
18828,0.0
18829,0.0
18830,0.0
18831,0.0
18832,0.0
18833,0.0
18834,0.0
18835,0.0
18836,0.0
18837,0.0
18838,0.0
18839,0.0
18840,0.0
18841,0.0
18842,0.0
18843,0.0
18844,0.0
18845,0.0
18846,0.0
18847,0.0
18848,0.0
18849,0.0
18850,0.0
18851,0.0
18852,0.0
18853,0.0
18854,0.0
18855,0.0
18856,0.0
18857,0.0
18858,0.0
18859,0.0
18860,0.0
18861,0.0
18862,0.0
18863,0.0
18864,0.0
18865,0.0
18866,0.0
18867,0.0
18868,0.0
18869,0.0
18870,0.0
18871,0.0
18872,0.0
18873,0.0
18874,0.0
18875,0.0
18876,0.0
18877,0.0
18878,0.0
18879,0.0
18880,0.0
18881,0.0
18882,0.0
18883,0.0
18884,0.0
18885,0.0
18886,0.0
18887,0.0
18888,0.0
18889,0.0
18890,0.0
18891,0.0
18892,0.0
18893,0.0
18894,0.0
18895,0.0
18896,0.0
18897,0.0
18898,0.0
18899,0.0
18900,0.0
18901,0.0
18902,0.0
18903,0.0
18904,0.0
18905,0.0
18906,0.0
18907,0.0
18908,0.0
18909,0.0
18910,0.0
18911,0.0
18912,0.0
18913,0.0
18914,0.0
18915,0.0
18916,0.0
18917,0.0
18918,0.0
18919,0.0
18920,0.0
18921,0.0
18922,0.0
18923,0.0
18924,0.0
18925,0.0
18926,0.0
18927,0.0
18928,0.0
18929,0.0
18930,0.0
18931,0.0
18932,0.0
18933,0.0
18934,0.0
18935,0.0
18936,0.0
18937,0.0
18938,0.0
18939,0.0
18940,0.0
18941,0.0
18942,0.0
18943,0.0
18944,0.0
18945,0.0
18946,0.0
18947,0.0
18948,0.0
18949,0.0
18950,0.0
18951,0.0
18952,0.0
18953,0.0
18954,0.0
18955,0.0
18956,0.0
18957,0.0
18958,0.0
18959,0.0
18960,0.0
18961,0.0
18962,0.0
18963,0.0
18964,0.0
18965,0.0
18966,0.0
18967,0.0
18968,0.0
18969,0.0
18970,0.0
18971,0.0
18972,0.0
18973,0.0
18974,0.0
18975,0.0
18976,0.0
18977,0.0
18978,0.0
18979,0.0
18980,0.0
18981,0.0
18982,0.0
18983,0.0
18984,0.0
18985,0.0
18986,0.0
18987,0.0
18988,0.0
18989,0.0
18990,0.0
18991,0.0
18992,0.0
18993,0.0
18994,0.0
18995,0.0
18996,0.0
18997,0.0
18998,0.0
18999,0.0
19000,0.0
19001,0.0
19002,0.0
19003,0.0
19004,0.0
19005,0.0
19006,0.0
19007,0.0
19008,0.0
19009,0.0
19010,0.0
19011,0.0
19012,0.0
19013,0.0
19014,0.0
19015,0.0
19016,0.0
19017,0.0
19018,0.0
19019,0.0
19020,0.0
19021,0.0
19022,0.0
19023,0.0
19024,0.0
19025,0.0
19026,0.0
19027,0.0
19028,0.0
19029,0.0
19030,0.0
19031,0.0
19032,0.0
19033,0.0
19034,0.0
19035,0.0
19036,0.0
19037,0.0
19038,0.0
19039,0.0
19040,0.0
19041,0.0
19042,0.0
19043,0.0
19044,0.0
19045,0.0
19046,0.0
19047,0.0
19048,0.0
19049,0.0
19050,0.0
19051,0.0
19052,0.0
19053,0.0
19054,0.0
19055,0.0
19056,0.0
19057,0.0
19058,0.0
19059,0.0
19060,0.0
19061,0.0
19062,0.0
19063,0.0
19064,0.0
19065,0.0
19066,0.0
19067,0.0
19068,0.0
19069,0.0
19070,0.0
19071,0.0
19072,0.0
19073,0.0
19074,0.0
19075,0.0
19076,0.0
19077,0.0
19078,0.0
19079,0.0
19080,0.0
19081,0.0
19082,0.0
19083,0.0
19084,0.0
19085,0.0
19086,0.0
19087,0.0
19088,0.0
19089,0.0
19090,0.0
19091,0.0
19092,0.0
19093,0.0
19094,0.0
19095,0.0
19096,0.0
19097,0.0
19098,0.0
19099,0.0
19100,0.0
19101,0.0
19102,0.0
19103,0.0
19104,0.0
19105,0.0
19106,0.0
19107,0.0
19108,0.0
19109,0.0
19110,0.0
19111,0.0
19112,0.0
19113,0.0
19114,0.0
19115,0.0
19116,0.0
19117,0.0
19118,0.0
19119,0.0
19120,0.0
19121,0.0
19122,0.0
19123,0.0
19124,0.0
19125,0.0
19126,0.0
19127,0.0
19128,0.0
19129,0.0
19130,0.0
19131,0.0
19132,0.0
19133,0.0
19134,0.0
19135,0.0
19136,0.0
19137,0.0
19138,0.0
19139,0.0
19140,0.0
19141,0.0
19142,0.0
19143,0.0
19144,0.0
19145,0.0
19146,0.0
19147,0.0
19148,0.0
19149,0.0
19150,0.0
19151,0.0
19152,0.0
19153,0.0
19154,0.0
19155,0.0
19156,0.0
19157,0.0
19158,0.0
19159,0.0
19160,0.0
19161,0.0
19162,0.0
19163,0.0
19164,0.0
19165,0.0
19166,0.0
19167,0.0
19168,0.0
19169,0.0
19170,0.0
19171,0.0
19172,0.0
19173,0.0
19174,0.0
19175,0.0
19176,0.0
19177,0.0
19178,0.0
19179,0.0
19180,0.0
19181,0.0
19182,0.0
19183,0.0
19184,0.0
19185,0.0
19186,0.0
19187,0.0
19188,0.0
19189,0.0
19190,0.0
19191,0.0
19192,0.0
19193,0.0
19194,0.0
19195,0.0
19196,0.0
19197,0.0
19198,0.0
19199,0.0
19200,0.0
19201,0.0
19202,0.0
19203,0.0
19204,0.0
19205,0.0
19206,0.0
19207,0.0
19208,0.0
19209,0.0
19210,0.0
19211,0.0
19212,0.0
19213,0.0
19214,0.0
19215,0.0
19216,0.0
19217,0.0
19218,0.0
19219,0.0
19220,0.0
19221,0.0
19222,0.0
19223,0.0
19224,0.0
19225,0.0
19226,0.0
19227,0.0
19228,0.0
19229,0.0
19230,0.0
19231,0.0
19232,0.0
19233,0.0
19234,0.0
19235,0.0
19236,0.0
19237,0.0
19238,0.0
19239,0.0
19240,0.0
19241,0.0
19242,0.0
19243,0.0
19244,0.0
19245,0.0
19246,0.0
19247,0.0
19248,0.0
19249,0.0
19250,0.0
19251,0.0
19252,0.0
19253,0.0
19254,0.0
19255,0.0
19256,0.0
19257,0.0
19258,0.0
19259,0.0
19260,0.0
19261,0.0
19262,0.0
19263,0.0
19264,0.0
19265,0.0
19266,0.0
19267,0.0
19268,0.0
19269,0.0
19270,0.0
19271,0.0
19272,0.0
19273,0.0
19274,0.0
19275,0.0
19276,0.0
19277,0.0
19278,0.0
19279,0.0
19280,0.0
19281,0.0
19282,0.0
19283,0.0
19284,0.0
19285,0.0
19286,0.0
19287,0.0
19288,0.0
19289,0.0
19290,0.0
19291,0.0
19292,0.0
19293,0.0
19294,0.0
19295,0.0
19296,0.0
19297,0.0
19298,0.0
19299,0.0
19300,0.0
19301,0.0
19302,0.0
19303,0.0
19304,0.0
19305,0.0
19306,0.0
19307,0.0
19308,0.0
19309,0.0
19310,0.0
19311,0.0
19312,0.0
19313,0.0
19314,0.0
19315,0.0
19316,0.0
19317,0.0
19318,0.0
19319,0.0
19320,0.0
19321,0.0
19322,0.0
19323,0.0
19324,0.0
19325,0.0
19326,0.0
19327,0.0
19328,0.0
19329,0.0
19330,0.0
19331,0.0
19332,0.0
19333,0.0
19334,0.0
19335,0.0
19336,0.0
19337,0.0
19338,0.0
19339,0.0
19340,0.0
19341,0.0
19342,0.0
19343,0.0
19344,0.0
19345,0.0
19346,0.0
19347,0.0
19348,0.0
19349,0.0
19350,0.0
19351,0.0
19352,0.0
19353,0.0
19354,0.0
19355,0.0
19356,0.0
19357,0.0
19358,0.0
19359,0.0
19360,0.0
19361,0.0
19362,0.0
19363,0.0
19364,0.0
19365,0.0
19366,0.0
19367,0.0
19368,0.0
19369,0.0
19370,0.0
19371,0.0
19372,0.0
19373,0.0
19374,0.0
19375,0.0
19376,0.0
19377,0.0
19378,0.0
19379,0.0
19380,0.0
19381,0.0
19382,0.0
19383,0.0
19384,0.0
19385,0.0
19386,0.0
19387,0.0
19388,0.0
19389,0.0
19390,0.0
19391,0.0
19392,0.0
19393,0.0
19394,0.0
19395,0.0
19396,0.0
19397,0.0
19398,0.0
19399,0.0
19400,0.0
19401,0.0
19402,0.0
19403,0.0
19404,0.0
19405,0.0
19406,0.0
19407,0.0
19408,0.0
19409,0.0
19410,0.0
19411,0.0
19412,0.0
19413,0.0
19414,0.0
19415,0.0
19416,0.0
19417,0.0
19418,0.0
19419,0.0
19420,0.0
19421,0.0
19422,0.0
19423,0.0
19424,0.0
19425,0.0
19426,0.0
19427,0.0
19428,0.0
19429,0.0
19430,0.0
19431,0.0
19432,0.0
19433,0.0
19434,0.0
19435,0.0
19436,0.0
19437,0.0
19438,0.0
19439,0.0
19440,0.0
19441,0.0
19442,0.0
19443,0.0
19444,0.0
19445,0.0
19446,0.0
19447,0.0
19448,0.0
19449,0.0
19450,0.0
19451,0.0
19452,0.0
19453,0.0
19454,0.0
19455,0.0
19456,0.0
19457,0.0
19458,0.0
19459,0.0
19460,0.0
19461,0.0
19462,0.0
19463,0.0
19464,0.0
19465,0.0
19466,0.0
19467,0.0
19468,0.0
19469,0.0
19470,0.0
19471,0.0
19472,0.0
19473,0.0
19474,0.0
19475,0.0
19476,0.0
19477,0.0
19478,0.0
19479,0.0
19480,0.0
19481,0.0
19482,0.0
19483,0.0
19484,0.0
19485,0.0
19486,0.0
19487,0.0
19488,0.0
19489,0.0
19490,0.0
19491,0.0
19492,0.0
19493,0.0
19494,0.0
19495,0.0
19496,0.0
19497,0.0
19498,0.0
19499,0.0
19500,0.0
19501,0.0
19502,0.0
19503,0.0
19504,0.0
19505,0.0
19506,0.0
19507,0.0
19508,0.0
19509,0.0
19510,0.0
19511,0.0
19512,0.0
19513,0.0
19514,0.0
19515,0.0
19516,0.0
19517,0.0
19518,0.0
19519,0.0
19520,0.0
19521,0.0
19522,0.0
19523,0.0
19524,0.0
19525,0.0
19526,0.0
19527,0.0
19528,0.0
19529,0.0
19530,0.0
19531,0.0
19532,0.0
19533,0.0
19534,0.0
19535,0.0
19536,0.0
19537,0.0
19538,0.0
19539,0.0
19540,0.0
19541,0.0
19542,0.0
19543,0.0
19544,0.0
19545,0.0
19546,0.0
19547,0.0
19548,0.0
19549,0.0
19550,0.0
19551,0.0
19552,0.0
19553,0.0
19554,0.0
19555,0.0
19556,0.0
19557,0.0
19558,0.0
19559,0.0
19560,0.0
19561,0.0
19562,0.0
19563,0.0
19564,0.0
19565,0.0
19566,0.0
19567,0.0
19568,0.0
19569,0.0
19570,0.0
19571,0.0
19572,0.0
19573,0.0
19574,0.0
19575,0.0
19576,0.0
19577,0.0
19578,0.0
19579,0.0
19580,0.0
19581,0.0
19582,0.0
19583,0.0
19584,0.0
19585,0.0
19586,0.0
19587,0.0
19588,0.0
19589,0.0
19590,0.0
19591,0.0
19592,0.0
19593,0.0
19594,0.0
19595,0.0
19596,0.0
19597,0.0
19598,0.0
19599,0.0
19600,0.0
19601,0.0
19602,0.0
19603,0.0
19604,0.0
19605,0.0
19606,0.0
19607,0.0
19608,0.0
19609,0.0
19610,0.0
19611,0.0
19612,0.0
19613,0.0
19614,0.0
19615,0.0
19616,0.0
19617,0.0
19618,0.0
19619,0.0
19620,0.0
19621,0.0
19622,0.0
19623,0.0
19624,0.0
19625,0.0
19626,0.0
19627,0.0
19628,0.0
19629,0.0
19630,0.0
19631,0.0
19632,0.0
19633,0.0
19634,0.0
19635,0.0
19636,0.0
19637,0.0
19638,0.0
19639,0.0
19640,0.0
19641,0.0
19642,0.0
19643,0.0
19644,0.0
19645,0.0
19646,0.0
19647,0.0
19648,0.0
19649,0.0
19650,0.0
19651,0.0
19652,0.0
19653,0.0
19654,0.0
19655,0.0
19656,0.0
19657,0.0
19658,0.0
19659,0.0
19660,0.0
19661,0.0
19662,0.0
19663,0.0
19664,0.0
19665,0.0
19666,0.0
19667,0.0
19668,0.0
19669,0.0
19670,0.0
19671,0.0
19672,0.0
19673,0.0
19674,0.0
19675,0.0
19676,0.0
19677,0.0
19678,0.0
19679,0.0
19680,0.0
19681,0.0
19682,0.0
19683,0.0
19684,0.0
19685,0.0
19686,0.0
19687,0.0
19688,0.0
19689,0.0
19690,0.0
19691,0.0
19692,0.0
19693,0.0
19694,0.0
19695,0.0
19696,0.0
19697,0.0
19698,0.0
19699,0.0
19700,0.0
19701,0.0
19702,0.0
19703,0.0
19704,0.0
19705,0.0
19706,0.0
19707,0.0
19708,0.0
19709,0.0
19710,0.0
19711,0.0
19712,0.0
19713,0.0
19714,0.0
19715,0.0
19716,0.0
19717,0.0
19718,0.0
19719,0.0
19720,0.0
19721,0.0
19722,0.0
19723,0.0
19724,0.0
19725,0.0
19726,0.0
19727,0.0
19728,0.0
19729,0.0
19730,0.0
19731,0.0
19732,0.0
19733,0.0
19734,0.0
19735,0.0
19736,0.0
19737,0.0
19738,0.0
19739,0.0
19740,0.0
19741,0.0
19742,0.0
19743,0.0
19744,0.0
19745,0.0
19746,0.0
19747,0.0
19748,0.0
19749,0.0
19750,0.0
19751,0.0
19752,0.0
19753,0.0
19754,0.0
19755,0.0
19756,0.0
19757,0.0
19758,0.0
19759,0.0
19760,0.0
19761,0.0
19762,0.0
19763,0.0
19764,0.0
19765,0.0
19766,0.0
19767,0.0
19768,0.0
19769,0.0
19770,0.0
19771,0.0
19772,0.0
19773,0.0
19774,0.0
19775,0.0
19776,0.0
19777,0.0
19778,0.0
19779,0.0
19780,0.0
19781,0.0
19782,0.0
19783,0.0
19784,0.0
19785,0.0
19786,0.0
19787,0.0
19788,0.0
19789,0.0
19790,0.0
19791,0.0
19792,0.0
19793,0.0
19794,0.0
19795,0.0
19796,0.0
19797,0.0
19798,0.0
19799,0.0
19800,0.0
19801,0.0
19802,0.0
19803,0.0
19804,0.0
19805,0.0
19806,0.0
19807,0.0
19808,0.0
19809,0.0
19810,0.0
19811,0.0
19812,0.0
19813,0.0
19814,0.0
19815,0.0
19816,0.0
19817,0.0
19818,0.0
19819,0.0
19820,0.0
19821,0.0
19822,0.0
19823,0.0
19824,0.0
19825,0.0
19826,0.0
19827,0.0
19828,0.0
19829,0.0
19830,0.0
19831,0.0
19832,0.0
19833,0.0
19834,0.0
19835,0.0
19836,0.0
19837,0.0
19838,0.0
19839,0.0
19840,0.0
19841,0.0
19842,0.0
19843,0.0
19844,0.0
19845,0.0
19846,0.0
19847,0.0
19848,0.0
19849,0.0
19850,0.0
19851,0.0
19852,0.0
19853,0.0
19854,0.0
19855,0.0
19856,0.0
19857,0.0
19858,0.0
19859,0.0
19860,0.0
19861,0.0
19862,0.0
19863,0.0
19864,0.0
19865,0.0
19866,0.0
19867,0.0
19868,0.0
19869,0.0
19870,0.0
19871,0.0
19872,0.0
19873,0.0
19874,0.0
19875,0.0
19876,0.0
19877,0.0
19878,0.0
19879,0.0
19880,0.0
19881,0.0
19882,0.0
19883,0.0
19884,0.0
19885,0.0
19886,0.0
19887,0.0
19888,0.0
19889,0.0
19890,0.0
19891,0.0
19892,0.0
19893,0.0
19894,0.0
19895,0.0
19896,0.0
19897,0.0
19898,0.0
19899,0.0
19900,0.0
19901,0.0
19902,0.0
19903,0.0
19904,0.0
19905,0.0
19906,0.0
19907,0.0
19908,0.0
19909,0.0
19910,0.0
19911,0.0
19912,0.0
19913,0.0
19914,0.0
19915,0.0
19916,0.0
19917,0.0
19918,0.0
19919,0.0
19920,0.0
19921,0.0
19922,0.0
19923,0.0
19924,0.0
19925,0.0
19926,0.0
19927,0.0
19928,0.0
19929,0.0
19930,0.0
19931,0.0
19932,0.0
19933,0.0
19934,0.0
19935,0.0
19936,0.0
19937,0.0
19938,0.0
19939,0.0
19940,0.0
19941,0.0
19942,0.0
19943,0.0
19944,0.0
19945,0.0
19946,0.0
19947,0.0
19948,0.0
19949,0.0
19950,0.0
19951,0.0
19952,0.0
19953,0.0
19954,0.0
19955,0.0
19956,0.0
19957,0.0
19958,0.0
19959,0.0
19960,0.0
19961,0.0
19962,0.0
19963,0.0
19964,0.0
19965,0.0
19966,0.0
19967,0.0
19968,0.0
19969,0.0
19970,0.0
19971,0.0
19972,0.0
19973,0.0
19974,0.0
19975,0.0
19976,0.0
19977,0.0
19978,0.0
19979,0.0
19980,0.0
19981,0.0
19982,0.0
19983,0.0
19984,0.0
19985,0.0
19986,0.0
19987,0.0
19988,0.0
19989,0.0
19990,0.0
19991,0.0
19992,0.0
19993,0.0
19994,0.0
19995,0.0
19996,0.0
19997,0.0
19998,0.0
19999,0.0
20000,0.0
20001,0.0
20002,0.0
20003,0.0
20004,0.0
20005,0.0
20006,0.0
20007,0.0
20008,0.0
20009,0.0
20010,0.0
20011,0.0
20012,0.0
20013,0.0
20014,0.0
20015,0.0
20016,0.0
20017,0.0
20018,0.0
20019,0.0
20020,0.0
20021,0.0
20022,0.0
20023,0.0
20024,0.0
20025,0.0
20026,0.0
20027,0.0
20028,0.0
20029,0.0
20030,0.0
20031,0.0
20032,0.0
20033,0.0
20034,0.0
20035,0.0
20036,0.0
20037,0.0
20038,0.0
20039,0.0
20040,0.0
20041,0.0
20042,0.0
20043,0.0
20044,0.0
20045,0.0
20046,0.0
20047,0.0
20048,0.0
20049,0.0
20050,0.0
20051,0.0
20052,0.0
20053,0.0
20054,0.0
20055,0.0
20056,0.0
20057,0.0
20058,0.0
20059,0.0
20060,0.0
20061,0.0
20062,0.0
20063,0.0
20064,0.0
20065,0.0
20066,0.0
20067,0.0
20068,0.0
20069,0.0
20070,0.0
20071,0.0
20072,0.0
20073,0.0
20074,0.0
20075,0.0
20076,0.0
20077,0.0
20078,0.0
20079,0.0
20080,0.0
20081,0.0
20082,0.0
20083,0.0
20084,0.0
20085,0.0
20086,0.0
20087,0.0
20088,0.0
20089,0.0
20090,0.0
20091,0.0
20092,0.0
20093,0.0
20094,0.0
20095,0.0
20096,0.0
20097,0.0
20098,0.0
20099,0.0
20100,0.0
20101,0.0
20102,0.0
20103,0.0
20104,0.0
20105,0.0
20106,0.0
20107,0.0
20108,0.0
20109,0.0
20110,0.0
20111,0.0
20112,0.0
20113,0.0
20114,0.0
20115,0.0
20116,0.0
20117,0.0
20118,0.0
20119,0.0
20120,0.0
20121,0.0
20122,0.0
20123,0.0
20124,0.0
20125,0.0
20126,0.0
20127,0.0
20128,0.0
20129,0.0
20130,0.0
20131,0.0
20132,0.0
20133,0.0
20134,0.0
20135,0.0
20136,0.0
20137,0.0
20138,0.0
20139,0.0
20140,0.0
20141,0.0
20142,0.0
20143,0.0
20144,0.0
20145,0.0
20146,0.0
20147,0.0
20148,0.0
20149,0.0
20150,0.0
20151,0.0
20152,0.0
20153,0.0
20154,0.0
20155,0.0
20156,0.0
20157,0.0
20158,0.0
20159,0.0
20160,0.0
20161,0.0
20162,0.0
20163,0.0
20164,0.0
20165,0.0
20166,0.0
20167,0.0
20168,0.0
20169,0.0
20170,0.0
20171,0.0
20172,0.0
20173,0.0
20174,0.0
20175,0.0
20176,0.0
20177,0.0
20178,0.0
20179,0.0
20180,0.0
20181,0.0
20182,0.0
20183,0.0
20184,0.0
20185,0.0
20186,0.0
20187,0.0
20188,0.0
20189,0.0
20190,0.0
20191,0.0
20192,0.0
20193,0.0
20194,0.0
20195,0.0
20196,0.0
20197,0.0
20198,0.0
20199,0.0
20200,0.0
20201,0.0
20202,0.0
20203,0.0
20204,0.0
20205,0.0
20206,0.0
20207,0.0
20208,0.0
20209,0.0
20210,0.0
20211,0.0
20212,0.0
20213,0.0
20214,0.0
20215,0.0
20216,0.0
20217,0.0
20218,0.0
20219,0.0
20220,0.0
20221,0.0
20222,0.0
20223,0.0
20224,0.0
20225,0.0
20226,0.0
20227,0.0
20228,0.0
20229,0.0
20230,0.0
20231,0.0
20232,0.0
20233,0.0
20234,0.0
20235,0.0
20236,0.0
20237,0.0
20238,0.0
20239,0.0
20240,0.0
20241,0.0
20242,0.0
20243,0.0
20244,0.0
20245,0.0
20246,0.0
20247,0.0
20248,0.0
20249,0.0
20250,0.0
20251,0.0
20252,0.0
20253,0.0
20254,0.0
20255,0.0
20256,0.0
20257,0.0
20258,0.0
20259,0.0
20260,0.0
20261,0.0
20262,0.0
20263,0.0
20264,0.0
20265,0.0
20266,0.0
20267,0.0
20268,0.0
20269,0.0
20270,0.0
20271,0.0
20272,0.0
20273,0.0
20274,0.0
20275,0.0
20276,0.0
20277,0.0
20278,0.0
20279,0.0
20280,0.0
20281,0.0
20282,0.0
20283,0.0
20284,0.0
20285,0.0
20286,0.0
20287,0.0
20288,0.0
20289,0.0
20290,0.0
20291,0.0
20292,0.0
20293,0.0
20294,0.0
20295,0.0
20296,0.0
20297,0.0
20298,0.0
20299,0.0
20300,0.0
20301,0.0
20302,0.0
20303,0.0
20304,0.0
20305,0.0
20306,0.0
20307,0.0
20308,0.0
20309,0.0
20310,0.0
20311,0.0
20312,0.0
20313,0.0
20314,0.0
20315,0.0
20316,0.0
20317,0.0
20318,0.0
20319,0.0
20320,0.0
20321,0.0
20322,0.0
20323,0.0
20324,0.0
20325,0.0
20326,0.0
20327,0.0
20328,0.0
20329,0.0
20330,0.0
20331,0.0
20332,0.0
20333,0.0
20334,0.0
20335,0.0
20336,0.0
20337,0.0
20338,0.0
20339,0.0
20340,0.0
20341,0.0
20342,0.0
20343,0.0
20344,0.0
20345,0.0
20346,0.0
20347,0.0
20348,0.0
20349,0.0
20350,0.0
20351,0.0
20352,0.0
20353,0.0
20354,0.0
20355,0.0
20356,0.0
20357,0.0
20358,0.0
20359,0.0
20360,0.0
20361,0.0
20362,0.0
20363,0.0
20364,0.0
20365,0.0
20366,0.0
20367,0.0
20368,0.0
20369,0.0
20370,0.0
20371,0.0
20372,0.0
20373,0.0
20374,0.0
20375,0.0
20376,0.0
20377,0.0
20378,0.0
20379,0.0
20380,0.0
20381,0.0
20382,0.0
20383,0.0
20384,0.0
20385,0.0
20386,0.0
20387,0.0
20388,0.0
20389,0.0
20390,0.0
20391,0.0
20392,0.0
20393,0.0
20394,0.0
20395,0.0
20396,0.0
20397,0.0
20398,0.0
20399,0.0
20400,0.0
20401,0.0
20402,0.0
20403,0.0
20404,0.0
20405,0.0
20406,0.0
20407,0.0
20408,0.0
20409,0.0
20410,0.0
20411,0.0
20412,0.0
20413,0.0
20414,0.0
20415,0.0
20416,0.0
20417,0.0
20418,0.0
20419,0.0
20420,0.0
20421,0.0
20422,0.0
20423,0.0
20424,0.0
20425,0.0
20426,0.0
20427,0.0
20428,0.0
20429,0.0
20430,0.0
20431,0.0
20432,0.0
20433,0.0
20434,0.0
20435,0.0
20436,0.0
20437,0.0
20438,0.0
20439,0.0
20440,0.0
20441,0.0
20442,0.0
20443,0.0
20444,0.0
20445,0.0
20446,0.0
20447,0.0
20448,0.0
20449,0.0
20450,0.0
20451,0.0
20452,0.0
20453,0.0
20454,0.0
20455,0.0
20456,0.0
20457,0.0
20458,0.0
20459,0.0
20460,0.0
20461,0.0
20462,0.0
20463,0.0
20464,0.0
20465,0.0
20466,0.0
20467,0.0
20468,0.0
20469,0.0
20470,0.0
20471,0.0
20472,0.0
20473,0.0
20474,0.0
20475,0.0
20476,0.0
20477,0.0
20478,0.0
20479,0.0
20480,0.0
20481,0.0
20482,0.0
20483,0.0
20484,0.0
20485,0.0
20486,0.0
20487,0.0
20488,0.0
20489,0.0
20490,0.0
20491,0.0
20492,0.0
20493,0.0
20494,0.0
20495,0.0
20496,0.0
20497,0.0
20498,0.0
20499,0.0
20500,0.0
20501,0.0
20502,0.0
20503,0.0
20504,0.0
20505,0.0
20506,0.0
20507,0.0
20508,0.0
20509,0.0
20510,0.0
20511,0.0
20512,0.0
20513,0.0
20514,0.0
20515,0.0
20516,0.0
20517,0.0
20518,0.0
20519,0.0
20520,0.0
20521,0.0
20522,0.0
20523,0.0
20524,0.0
20525,0.0
20526,0.0
20527,0.0
20528,0.0
20529,0.0
20530,0.0
20531,0.0
20532,0.0
20533,0.0
20534,0.0
20535,0.0
20536,0.0
20537,0.0
20538,0.0
20539,0.0
20540,0.0
20541,0.0
20542,0.0
20543,0.0
20544,0.0
20545,0.0
20546,0.0
20547,0.0
20548,0.0
20549,0.0
20550,0.0
20551,0.0
20552,0.0
20553,0.0
20554,0.0
20555,0.0
20556,0.0
20557,0.0
20558,0.0
20559,0.0
20560,0.0
20561,0.0
20562,0.0
20563,0.0
20564,0.0
20565,0.0
20566,0.0
20567,0.0
20568,0.0
20569,0.0
20570,0.0
20571,0.0
20572,0.0
20573,0.0
20574,0.0
20575,0.0
20576,0.0
20577,0.0
20578,0.0
20579,0.0
20580,0.0
20581,0.0
20582,0.0
20583,0.0
20584,0.0
20585,0.0
20586,0.0
20587,0.0
20588,0.0
20589,0.0
20590,0.0
20591,0.0
20592,0.0
20593,0.0
20594,0.0
20595,0.0
20596,0.0
20597,0.0
20598,0.0
20599,0.0
20600,0.0
20601,0.0
20602,0.0
20603,0.0
20604,0.0
20605,0.0
20606,0.0
20607,0.0
20608,0.0
20609,0.0
20610,0.0
20611,0.0
20612,0.0
20613,0.0
20614,0.0
20615,0.0
20616,0.0
20617,0.0
20618,0.0
20619,0.0
20620,0.0
20621,0.0
20622,0.0
20623,0.0
20624,0.0
20625,0.0
20626,0.0
20627,0.0
20628,0.0
20629,0.0
20630,0.0
20631,0.0
20632,0.0
20633,0.0
20634,0.0
20635,0.0
20636,0.0
20637,0.0
20638,0.0
20639,0.0
20640,0.0
20641,0.0
20642,0.0
20643,0.0
20644,0.0
20645,0.0
20646,0.0
20647,0.0
20648,0.0
20649,0.0
20650,0.0
20651,0.0
20652,0.0
20653,0.0
20654,0.0
20655,0.0
20656,0.0
20657,0.0
20658,0.0
20659,0.0
20660,0.0
20661,0.0
20662,0.0
20663,0.0
20664,0.0
20665,0.0
20666,0.0
20667,0.0
20668,0.0
20669,0.0
20670,0.0
20671,0.0
20672,0.0
20673,0.0
20674,0.0
20675,0.0
20676,0.0
20677,0.0
20678,0.0
20679,0.0
20680,0.0
20681,0.0
20682,0.0
20683,0.0
20684,0.0
20685,0.0
20686,0.0
20687,0.0
20688,0.0
20689,0.0
20690,0.0
20691,0.0
20692,0.0
20693,0.0
20694,0.0
20695,0.0
20696,0.0
20697,0.0
20698,0.0
20699,0.0
20700,0.0
20701,0.0
20702,0.0
20703,0.0
20704,0.0
20705,0.0
20706,0.0
20707,0.0
20708,0.0
20709,0.0
20710,0.0
20711,0.0
20712,0.0
20713,0.0
20714,0.0
20715,0.0
20716,0.0
20717,0.0
20718,0.0
20719,0.0
20720,0.0
20721,0.0
20722,0.0
20723,0.0
20724,0.0
20725,0.0
20726,0.0
20727,0.0
20728,0.0
20729,0.0
20730,0.0
20731,0.0
20732,0.0
20733,0.0
20734,0.0
20735,0.0
20736,0.0
20737,0.0
20738,0.0
20739,0.0
20740,0.0
20741,0.0
20742,0.0
20743,0.0
20744,0.0
20745,0.0
20746,0.0
20747,0.0
20748,0.0
20749,0.0
20750,0.0
20751,0.0
20752,0.0
20753,0.0
20754,0.0
20755,0.0
20756,0.0
20757,0.0
20758,0.0
20759,0.0
20760,0.0
20761,0.0
20762,0.0
20763,0.0
20764,0.0
20765,0.0
20766,0.0
20767,0.0
20768,0.0
20769,0.0
20770,0.0
20771,0.0
20772,0.0
20773,0.0
20774,0.0
20775,0.0
20776,0.0
20777,0.0
20778,0.0
20779,0.0
20780,0.0
20781,0.0
20782,0.0
20783,0.0
20784,0.0
20785,0.0
20786,0.0
20787,0.0
20788,0.0
20789,0.0
20790,0.0
20791,0.0
20792,0.0
20793,0.0
20794,0.0
20795,0.0
20796,0.0
20797,0.0
20798,0.0
20799,0.0
20800,0.0
20801,0.0
20802,0.0
20803,0.0
20804,0.0
20805,0.0
20806,0.0
20807,0.0
20808,0.0
20809,0.0
20810,0.0
20811,0.0
20812,0.0
20813,0.0
20814,0.0
20815,0.0
20816,0.0
20817,0.0
20818,0.0
20819,0.0
20820,0.0
20821,0.0
20822,0.0
20823,0.0
20824,0.0
20825,0.0
20826,0.0
20827,0.0
20828,0.0
20829,0.0
20830,0.0
20831,0.0
20832,0.0
20833,0.0
20834,0.0
20835,0.0
20836,0.0
20837,0.0
20838,0.0
20839,0.0
20840,0.0
20841,0.0
20842,0.0
20843,0.0
20844,0.0
20845,0.0
20846,0.0
20847,0.0
20848,0.0
20849,0.0
20850,0.0
20851,0.0
20852,0.0
20853,0.0
20854,0.0
20855,0.0
20856,0.0
20857,0.0
20858,0.0
20859,0.0
20860,0.0
20861,0.0
20862,0.0
20863,0.0
20864,0.0
20865,0.0
20866,0.0
20867,0.0
20868,0.0
20869,0.0
20870,0.0
20871,0.0
20872,0.0
20873,0.0
20874,0.0
20875,0.0
20876,0.0
20877,0.0
20878,0.0
20879,0.0
20880,0.0
20881,0.0
20882,0.0
20883,0.0
20884,0.0
20885,0.0
20886,0.0
20887,0.0
20888,0.0
20889,0.0
20890,0.0
20891,0.0
20892,0.0
20893,0.0
20894,0.0
20895,0.0
20896,0.0
20897,0.0
20898,0.0
20899,0.0
20900,0.0
20901,0.0
20902,0.0
20903,0.0
20904,0.0
20905,0.0
20906,0.0
20907,0.0
20908,0.0
20909,0.0
20910,0.0
20911,0.0
20912,0.0
20913,0.0
20914,0.0
20915,0.0
20916,0.0
20917,0.0
20918,0.0
20919,0.0
20920,0.0
20921,0.0
20922,0.0
20923,0.0
20924,0.0
20925,0.0
20926,0.0
20927,0.0
20928,0.0
20929,0.0
20930,0.0
20931,0.0
20932,0.0
20933,0.0
20934,0.0
20935,0.0
20936,0.0
20937,0.0
20938,0.0
20939,0.0
20940,0.0
20941,0.0
20942,0.0
20943,0.0
20944,0.0
20945,0.0
20946,0.0
20947,0.0
20948,0.0
20949,0.0
20950,0.0
20951,0.0
20952,0.0
20953,0.0
20954,0.0
20955,0.0
20956,0.0
20957,0.0
20958,0.0
20959,0.0
20960,0.0
20961,0.0
20962,0.0
20963,0.0
20964,0.0
20965,0.0
20966,0.0
20967,0.0
20968,0.0
20969,0.0
20970,0.0
20971,0.0
20972,0.0
20973,0.0
20974,0.0
20975,0.0
20976,0.0
20977,0.0
20978,0.0
20979,0.0
20980,0.0
20981,0.0
20982,0.0
20983,0.0
20984,0.0
20985,0.0
20986,0.0
20987,0.0
20988,0.0
20989,0.0
20990,0.0
20991,0.0
20992,0.0
20993,0.0
20994,0.0
20995,0.0
20996,0.0
20997,0.0
20998,0.0
20999,0.0
21000,0.0
21001,0.0
21002,0.0
21003,0.0
21004,0.0
21005,0.0
21006,0.0
21007,0.0
21008,0.0
21009,0.0
21010,0.0
21011,0.0
21012,0.0
21013,0.0
21014,0.0
21015,0.0
21016,0.0
21017,0.0
21018,0.0
21019,0.0
21020,0.0
21021,0.0
21022,0.0
21023,0.0
21024,0.0
21025,0.0
21026,0.0
21027,0.0
21028,0.0
21029,0.0
21030,0.0
21031,0.0
21032,0.0
21033,0.0
21034,0.0
21035,0.0
21036,0.0
21037,0.0
21038,0.0
21039,0.0
21040,0.0
21041,0.0
21042,0.0
21043,0.0
21044,0.0
21045,0.0
21046,0.0
21047,0.0
21048,0.0
21049,0.0
21050,0.0
21051,0.0
21052,0.0
21053,0.0
21054,0.0
21055,0.0
21056,0.0
21057,0.0
21058,0.0
21059,0.0
21060,0.0
21061,0.0
21062,0.0
21063,0.0
21064,0.0
21065,0.0
21066,0.0
21067,0.0
21068,0.0
21069,0.0
21070,0.0
21071,0.0
21072,0.0
21073,0.0
21074,0.0
21075,0.0
21076,0.0
21077,0.0
21078,0.0
21079,0.0
21080,0.0
21081,0.0
21082,0.0
21083,0.0
21084,0.0
21085,0.0
21086,0.0
21087,0.0
21088,0.0
21089,0.0
21090,0.0
21091,0.0
21092,0.0
21093,0.0
21094,0.0
21095,0.0
21096,0.0
21097,0.0
21098,0.0
21099,0.0
21100,0.0
21101,0.0
21102,0.0
21103,0.0
21104,0.0
21105,0.0
21106,0.0
21107,0.0
21108,0.0
21109,0.0
21110,0.0
21111,0.0
21112,0.0
21113,0.0
21114,0.0
21115,0.0
21116,0.0
21117,0.0
21118,0.0
21119,0.0
21120,0.0
21121,0.0
21122,0.0
21123,0.0
21124,0.0
21125,0.0
21126,0.0
21127,0.0
21128,0.0
21129,0.0
21130,0.0
21131,0.0
21132,0.0
21133,0.0
21134,0.0
21135,0.0
21136,0.0
21137,0.0
21138,0.0
21139,0.0
21140,0.0
21141,0.0
21142,0.0
21143,0.0
21144,0.0
21145,0.0
21146,0.0
21147,0.0
21148,0.0
21149,0.0
21150,0.0
21151,0.0
21152,0.0
21153,0.0
21154,0.0
21155,0.0
21156,0.0
21157,0.0
21158,0.0
21159,0.0
21160,0.0
21161,0.0
21162,0.0
21163,0.0
21164,0.0
21165,0.0
21166,0.0
21167,0.0
21168,0.0
21169,0.0
21170,0.0
21171,0.0
21172,0.0
21173,0.0
21174,0.0
21175,0.0
21176,0.0
21177,0.0
21178,0.0
21179,0.0
21180,0.0
21181,0.0
21182,0.0
21183,0.0
21184,0.0
21185,0.0
21186,0.0
21187,0.0
21188,0.0
21189,0.0
21190,0.0
21191,0.0
21192,0.0
21193,0.0
21194,0.0
21195,0.0
21196,0.0
21197,0.0
21198,0.0
21199,0.0
21200,0.0
21201,0.0
21202,0.0
21203,0.0
21204,0.0
21205,0.0
21206,0.0
21207,0.0
21208,0.0
21209,0.0
21210,0.0
21211,0.0
21212,0.0
21213,0.0
21214,0.0
21215,0.0
21216,0.0
21217,0.0
21218,0.0
21219,0.0
21220,0.0
21221,0.0
21222,0.0
21223,0.0
21224,0.0
21225,0.0
21226,0.0
21227,0.0
21228,0.0
21229,0.0
21230,0.0
21231,0.0
21232,0.0
21233,0.0
21234,0.0
21235,0.0
21236,0.0
21237,0.0
21238,0.0
21239,0.0
21240,0.0
21241,0.0
21242,0.0
21243,0.0
21244,0.0
21245,0.0
21246,0.0
21247,0.0
21248,0.0
21249,0.0
21250,0.0
21251,0.0
21252,0.0
21253,0.0
21254,0.0
21255,0.0
21256,0.0
21257,0.0
21258,0.0
21259,0.0
21260,0.0
21261,0.0
21262,0.0
21263,0.0
21264,0.0
21265,0.0
21266,0.0
21267,0.0
21268,0.0
21269,0.0
21270,0.0
21271,0.0
21272,0.0
21273,0.0
21274,0.0
21275,0.0
21276,0.0
21277,0.0
21278,0.0
21279,0.0
21280,0.0
21281,0.0
21282,0.0
21283,0.0
21284,0.0
21285,0.0
21286,0.0
21287,0.0
21288,0.0
21289,0.0
21290,0.0
21291,0.0
21292,0.0
21293,0.0
21294,0.0
21295,0.0
21296,0.0
21297,0.0
21298,0.0
21299,0.0
21300,0.0
21301,0.0
21302,0.0
21303,0.0
21304,0.0
21305,0.0
21306,0.0
21307,0.0
21308,0.0
21309,0.0
21310,0.0
21311,0.0
21312,0.0
21313,0.0
21314,0.0
21315,0.0
21316,0.0
21317,0.0
21318,0.0
21319,0.0
21320,0.0
21321,0.0
21322,0.0
21323,0.0
21324,0.0
21325,0.0
21326,0.0
21327,0.0
21328,0.0
21329,0.0
21330,0.0
21331,0.0
21332,0.0
21333,0.0
21334,0.0
21335,0.0
21336,0.0
21337,0.0
21338,0.0
21339,0.0
21340,0.0
21341,0.0
21342,0.0
21343,0.0
21344,0.0
21345,0.0
21346,0.0
21347,0.0
21348,0.0
21349,0.0
21350,0.0
21351,0.0
21352,0.0
21353,0.0
21354,0.0
21355,0.0
21356,0.0
21357,0.0
21358,0.0
21359,0.0
21360,0.0
21361,0.0
21362,0.0
21363,0.0
21364,0.0
21365,0.0
21366,0.0
21367,0.0
21368,0.0
21369,0.0
21370,0.0
21371,0.0
21372,0.0
21373,0.0
21374,0.0
21375,0.0
21376,0.0
21377,0.0
21378,0.0
21379,0.0
21380,0.0
21381,0.0
21382,0.0
21383,0.0
21384,0.0
21385,0.0
21386,0.0
21387,0.0
21388,0.0
21389,0.0
21390,0.0
21391,0.0
21392,0.0
21393,0.0
21394,0.0
21395,0.0
21396,0.0
21397,0.0
21398,0.0
21399,0.0
21400,0.0
21401,0.0
21402,0.0
21403,0.0
21404,0.0
21405,0.0
21406,0.0
21407,0.0
21408,0.0
21409,0.0
21410,0.0
21411,0.0
21412,0.0
21413,0.0
21414,0.0
21415,0.0
21416,0.0
21417,0.0
21418,0.0
21419,0.0
21420,0.0
21421,0.0
21422,0.0
21423,0.0
21424,0.0
21425,0.0
21426,0.0
21427,0.0
21428,0.0
21429,0.0
21430,0.0
21431,0.0
21432,0.0
21433,0.0
21434,0.0
21435,0.0
21436,0.0
21437,0.0
21438,0.0
21439,0.0
21440,0.0
21441,0.0
21442,0.0
21443,0.0
21444,0.0
21445,0.0
21446,0.0
21447,0.0
21448,0.0
21449,0.0
21450,0.0
21451,0.0
21452,0.0
21453,0.0
21454,0.0
21455,0.0
21456,0.0
21457,0.0
21458,0.0
21459,0.0
21460,0.0
21461,0.0
21462,0.0
21463,0.0
21464,0.0
21465,0.0
21466,0.0
21467,0.0
21468,0.0
21469,0.0
21470,0.0
21471,0.0
21472,0.0
21473,0.0
21474,0.0
21475,0.0
21476,0.0
21477,0.0
21478,0.0
21479,0.0
21480,0.0
21481,0.0
21482,0.0
21483,0.0
21484,0.0
21485,0.0
21486,0.0
21487,0.0
21488,0.0
21489,0.0
21490,0.0
21491,0.0
21492,0.0
21493,0.0
21494,0.0
21495,0.0
21496,0.0
21497,0.0
21498,0.0
21499,0.0
21500,0.0
21501,0.0
21502,0.0
21503,0.0
21504,0.0
21505,0.0
21506,0.0
21507,0.0
21508,0.0
21509,0.0
21510,0.0
21511,0.0
21512,0.0
21513,0.0
21514,0.0
21515,0.0
21516,0.0
21517,0.0
21518,0.0
21519,0.0
21520,0.0
21521,0.0
21522,0.0
21523,0.0
21524,0.0
21525,0.0
21526,0.0
21527,0.0
21528,0.0
21529,0.0
21530,0.0
21531,0.0
21532,0.0
21533,0.0
21534,0.0
21535,0.0
21536,0.0
21537,0.0
21538,0.0
21539,0.0
21540,0.0
21541,0.0
21542,0.0
21543,0.0
21544,0.0
21545,0.0
21546,0.0
21547,0.0
21548,0.0
21549,0.0
21550,0.0
21551,0.0
21552,0.0
21553,0.0
21554,0.0
21555,0.0
21556,0.0
21557,0.0
21558,0.0
21559,0.0
21560,0.0
21561,0.0
21562,0.0
21563,0.0
21564,0.0
21565,0.0
21566,0.0
21567,0.0
21568,0.0
21569,0.0
21570,0.0
21571,0.0
21572,0.0
21573,0.0
21574,0.0
21575,0.0
21576,0.0
21577,0.0
21578,0.0
21579,0.0
21580,0.0
21581,0.0
21582,0.0
21583,0.0
21584,0.0
21585,0.0
21586,0.0
21587,0.0
21588,0.0
21589,0.0
21590,0.0
21591,0.0
21592,0.0
21593,0.0
21594,0.0
21595,0.0
21596,0.0
21597,0.0
21598,0.0
21599,0.0
21600,0.0
21601,0.0
21602,0.0
21603,0.0
21604,0.0
21605,0.0
21606,0.0
21607,0.0
21608,0.0
21609,0.0
21610,0.0
21611,0.0
21612,0.0
21613,0.0
21614,0.0
21615,0.0
21616,0.0
21617,0.0
21618,0.0
21619,0.0
21620,0.0
21621,0.0
21622,0.0
21623,0.0
21624,0.0
21625,0.0
21626,0.0
21627,0.0
21628,0.0
21629,0.0
21630,0.0
21631,0.0
21632,0.0
21633,0.0
21634,0.0
21635,0.0
21636,0.0
21637,0.0
21638,0.0
21639,0.0
21640,0.0
21641,0.0
21642,0.0
21643,0.0
21644,0.0
21645,0.0
21646,0.0
21647,0.0
21648,0.0
21649,0.0
21650,0.0
21651,0.0
21652,0.0
21653,0.0
21654,0.0
21655,0.0
21656,0.0
21657,0.0
21658,0.0
21659,0.0
21660,0.0
21661,0.0
21662,0.0
21663,0.0
21664,0.0
21665,0.0
21666,0.0
21667,0.0
21668,0.0
21669,0.0
21670,0.0
21671,0.0
21672,0.0
21673,0.0
21674,0.0
21675,0.0
21676,0.0
21677,0.0
21678,0.0
21679,0.0
21680,0.0
21681,0.0
21682,0.0
21683,0.0
21684,0.0
21685,0.0
21686,0.0
21687,0.0
21688,0.0
21689,0.0
21690,0.0
21691,0.0
21692,0.0
21693,0.0
21694,0.0
21695,0.0
21696,0.0
21697,0.0
21698,0.0
21699,0.0
21700,0.0
21701,0.0
21702,0.0
21703,0.0
21704,0.0
21705,0.0
21706,0.0
21707,0.0
21708,0.0
21709,0.0
21710,0.0
21711,0.0
21712,0.0
21713,0.0
21714,0.0
21715,0.0
21716,0.0
21717,0.0
21718,0.0
21719,0.0
21720,0.0
21721,0.0
21722,0.0
21723,0.0
21724,0.0
21725,0.0
21726,0.0
21727,0.0
21728,0.0
21729,0.0
21730,0.0
21731,0.0
21732,0.0
21733,0.0
21734,0.0
21735,0.0
21736,0.0
21737,0.0
21738,0.0
21739,0.0
21740,0.0
21741,0.0
21742,0.0
21743,0.0
21744,0.0
21745,0.0
21746,0.0
21747,0.0
21748,0.0
21749,0.0
21750,0.0
21751,0.0
21752,0.0
21753,0.0
21754,0.0
21755,0.0
21756,0.0
21757,0.0
21758,0.0
21759,0.0
21760,0.0
21761,0.0
21762,0.0
21763,0.0
21764,0.0
21765,0.0
21766,0.0
21767,0.0
21768,0.0
21769,0.0
21770,0.0
21771,0.0
21772,0.0
21773,0.0
21774,0.0
21775,0.0
21776,0.0
21777,0.0
21778,0.0
21779,0.0
21780,0.0
21781,0.0
21782,0.0
21783,0.0
21784,0.0
21785,0.0
21786,0.0
21787,0.0
21788,0.0
21789,0.0
21790,0.0
21791,0.0
21792,0.0
21793,0.0
21794,0.0
21795,0.0
21796,0.0
21797,0.0
21798,0.0
21799,0.0
21800,0.0
21801,0.0
21802,0.0
21803,0.0
21804,0.0
21805,0.0
21806,0.0
21807,0.0
21808,0.0
21809,0.0
21810,0.0
21811,0.0
21812,0.0
21813,0.0
21814,0.0
21815,0.0
21816,0.0
21817,0.0
21818,0.0
21819,0.0
21820,0.0
21821,0.0
21822,0.0
21823,0.0
21824,0.0
21825,0.0
21826,0.0
21827,0.0
21828,0.0
21829,0.0
21830,0.0
21831,0.0
21832,0.0
21833,0.0
21834,0.0
21835,0.0
21836,0.0
21837,0.0
21838,0.0
21839,0.0
21840,0.0
21841,0.0
21842,0.0
21843,0.0
21844,0.0
21845,0.0
21846,0.0
21847,0.0
21848,0.0
21849,0.0
21850,0.0
21851,0.0
21852,0.0
21853,0.0
21854,0.0
21855,0.0
21856,0.0
21857,0.0
21858,0.0
21859,0.0
21860,0.0
21861,0.0
21862,0.0
21863,0.0
21864,0.0
21865,0.0
21866,0.0
21867,0.0
21868,0.0
21869,0.0
21870,0.0
21871,0.0
21872,0.0
21873,0.0
21874,0.0
21875,0.0
21876,0.0
21877,0.0
21878,0.0
21879,0.0
21880,0.0
21881,0.0
21882,0.0
21883,0.0
21884,0.0
21885,0.0
21886,0.0
21887,0.0
21888,0.0
21889,0.0
21890,0.0
21891,0.0
21892,0.0
21893,0.0
21894,0.0
21895,0.0
21896,0.0
21897,0.0
21898,0.0
21899,0.0
21900,0.0
21901,0.0
21902,0.0
21903,0.0
21904,0.0
21905,0.0
21906,0.0
21907,0.0
21908,0.0
21909,0.0
21910,0.0
21911,0.0
21912,0.0
21913,0.0
21914,0.0
21915,0.0
21916,0.0
21917,0.0
21918,0.0
21919,0.0
21920,0.0
21921,0.0
21922,0.0
21923,0.0
21924,0.0
21925,0.0
21926,0.0
21927,0.0
21928,0.0
21929,0.0
21930,0.0
21931,0.0
21932,0.0
21933,0.0
21934,0.0
21935,0.0
21936,0.0
21937,0.0
21938,0.0
21939,0.0
21940,0.0
21941,0.0
21942,0.0
21943,0.0
21944,0.0
21945,0.0
21946,0.0
21947,0.0
21948,0.0
21949,0.0
21950,0.0
21951,0.0
21952,0.0
21953,0.0
21954,0.0
21955,0.0
21956,0.0
21957,0.0
21958,0.0
21959,0.0
21960,0.0
21961,0.0
21962,0.0
21963,0.0
21964,0.0
21965,0.0
21966,0.0
21967,0.0
21968,0.0
21969,0.0
21970,0.0
21971,0.0
21972,0.0
21973,0.0
21974,0.0
21975,0.0
21976,0.0
21977,0.0
21978,0.0
21979,0.0
21980,0.0
21981,0.0
21982,0.0
21983,0.0
21984,0.0
21985,0.0
21986,0.0
21987,0.0
21988,0.0
21989,0.0
21990,0.0
21991,0.0
21992,0.0
21993,0.0
21994,0.0
21995,0.0
21996,0.0
21997,0.0
21998,0.0
21999,0.0
22000,0.0
22001,0.0
22002,0.0
22003,0.0
22004,0.0
22005,0.0
22006,0.0
22007,0.0
22008,0.0
22009,0.0
22010,0.0
22011,0.0
22012,0.0
22013,0.0
22014,0.0
22015,0.0
22016,0.0
22017,0.0
22018,0.0
22019,0.0
22020,0.0
22021,0.0
22022,0.0
22023,0.0
22024,0.0
22025,0.0
22026,0.0
22027,0.0
22028,0.0
22029,0.0
22030,0.0
22031,0.0
22032,0.0
22033,0.0
22034,0.0
22035,0.0
22036,0.0
22037,0.0
22038,0.0
22039,0.0
22040,0.0
22041,0.0
22042,0.0
22043,0.0
22044,0.0
22045,0.0
22046,0.0
22047,0.0
22048,0.0
22049,0.0
22050,0.0
22051,0.0
22052,0.0
22053,0.0
22054,0.0
22055,0.0
22056,0.0
22057,0.0
22058,0.0
22059,0.0
22060,0.0
22061,0.0
22062,0.0
22063,0.0
22064,0.0
22065,0.0
22066,0.0
22067,0.0
22068,0.0
22069,0.0
22070,0.0
22071,0.0
22072,0.0
22073,0.0
22074,0.0
22075,0.0
22076,0.0
22077,0.0
22078,0.0
22079,0.0
22080,0.0
22081,0.0
22082,0.0
22083,0.0
22084,0.0
22085,0.0
22086,0.0
22087,0.0
22088,0.0
22089,0.0
22090,0.0
22091,0.0
22092,0.0
22093,0.0
22094,0.0
22095,0.0
22096,0.0
22097,0.0
22098,0.0
22099,0.0
22100,0.0
22101,0.0
22102,0.0
22103,0.0
22104,0.0
22105,0.0
22106,0.0
22107,0.0
22108,0.0
22109,0.0
22110,0.0
22111,0.0
22112,0.0
22113,0.0
22114,0.0
22115,0.0
22116,0.0
22117,0.0
22118,0.0
22119,0.0
22120,0.0
22121,0.0
22122,0.0
22123,0.0
22124,0.0
22125,0.0
22126,0.0
22127,0.0
22128,0.0
22129,0.0
22130,0.0
22131,0.0
22132,0.0
22133,0.0
22134,0.0
22135,0.0
22136,0.0
22137,0.0
22138,0.0
22139,0.0
22140,0.0
22141,0.0
22142,0.0
22143,0.0
22144,0.0
22145,0.0
22146,0.0
22147,0.0
22148,0.0
22149,0.0
22150,0.0
22151,0.0
22152,0.0
22153,0.0
22154,0.0
22155,0.0
22156,0.0
22157,0.0
22158,0.0
22159,0.0
22160,0.0
22161,0.0
22162,0.0
22163,0.0
22164,0.0
22165,0.0
22166,0.0
22167,0.0
22168,0.0
22169,0.0
22170,0.0
22171,0.0
22172,0.0
22173,0.0
22174,0.0
22175,0.0
22176,0.0
22177,0.0
22178,0.0
22179,0.0
22180,0.0
22181,0.0
22182,0.0
22183,0.0
22184,0.0
22185,0.0
22186,0.0
22187,0.0
22188,0.0
22189,0.0
22190,0.0
22191,0.0
22192,0.0
22193,0.0
22194,0.0
22195,0.0
22196,0.0
22197,0.0
22198,0.0
22199,0.0
22200,0.0
22201,0.0
22202,0.0
22203,0.0
22204,0.0
22205,0.0
22206,0.0
22207,0.0
22208,0.0
22209,0.0
22210,0.0
22211,0.0
22212,0.0
22213,0.0
22214,0.0
22215,0.0
22216,0.0
22217,0.0
22218,0.0
22219,0.0
22220,0.0
22221,0.0
22222,0.0
22223,0.0
22224,0.0
22225,0.0
22226,0.0
22227,0.0
22228,0.0
22229,0.0
22230,0.0
22231,0.0
22232,0.0
22233,0.0
22234,0.0
22235,0.0
22236,0.0
22237,0.0
22238,0.0
22239,0.0
22240,0.0
22241,0.0
22242,0.0
22243,0.0
22244,0.0
22245,0.0
22246,0.0
22247,0.0
22248,0.0
22249,0.0
22250,0.0
22251,0.0
22252,0.0
22253,0.0
22254,0.0
22255,0.0
22256,0.0
22257,0.0
22258,0.0
22259,0.0
22260,0.0
22261,0.0
22262,0.0
22263,0.0
22264,0.0
22265,0.0
22266,0.0
22267,0.0
22268,0.0
22269,0.0
22270,0.0
22271,0.0
22272,0.0
22273,0.0
22274,0.0
22275,0.0
22276,0.0
22277,0.0
22278,0.0
22279,0.0
22280,0.0
22281,0.0
22282,0.0
22283,0.0
22284,0.0
22285,0.0
22286,0.0
22287,0.0
22288,0.0
22289,0.0
22290,0.0
22291,0.0
22292,0.0
22293,0.0
22294,0.0
22295,0.0
22296,0.0
22297,0.0
22298,0.0
22299,0.0
22300,0.0
22301,0.0
22302,0.0
22303,0.0
22304,0.0
22305,0.0
22306,0.0
22307,0.0
22308,0.0
22309,0.0
22310,0.0
22311,0.0
22312,0.0
22313,0.0
22314,0.0
22315,0.0
22316,0.0
22317,0.0
22318,0.0
22319,0.0
22320,0.0
22321,0.0
22322,0.0
22323,0.0
22324,0.0
22325,0.0
22326,0.0
22327,0.0
22328,0.0
22329,0.0
22330,0.0
22331,0.0
22332,0.0
22333,0.0
22334,0.0
22335,0.0
22336,0.0
22337,0.0
22338,0.0
22339,0.0
22340,0.0
22341,0.0
22342,0.0
22343,0.0
22344,0.0
22345,0.0
22346,0.0
22347,0.0
22348,0.0
22349,0.0
22350,0.0
22351,0.0
22352,0.0
22353,0.0
22354,0.0
22355,0.0
22356,0.0
22357,0.0
22358,0.0
22359,0.0
22360,0.0
22361,0.0
22362,0.0
22363,0.0
22364,0.0
22365,0.0
22366,0.0
22367,0.0
22368,0.0
22369,0.0
22370,0.0
22371,0.0
22372,0.0
22373,0.0
22374,0.0
22375,0.0
22376,0.0
22377,0.0
22378,0.0
22379,0.0
22380,0.0
22381,0.0
22382,0.0
22383,0.0
22384,0.0
22385,0.0
22386,0.0
22387,0.0
22388,0.0
22389,0.0
22390,0.0
22391,0.0
22392,0.0
22393,0.0
22394,0.0
22395,0.0
22396,0.0
22397,0.0
22398,0.0
22399,0.0
22400,0.0
22401,0.0
22402,0.0
22403,0.0
22404,0.0
22405,0.0
22406,0.0
22407,0.0
22408,0.0
22409,0.0
22410,0.0
22411,0.0
22412,0.0
22413,0.0
22414,0.0
22415,0.0
22416,0.0
22417,0.0
22418,0.0
22419,0.0
22420,0.0
22421,0.0
22422,0.0
22423,0.0
22424,0.0
22425,0.0
22426,0.0
22427,0.0
22428,0.0
22429,0.0
22430,0.0
22431,0.0
22432,0.0
22433,0.0
22434,0.0
22435,0.0
22436,0.0
22437,0.0
22438,0.0
22439,0.0
22440,0.0
22441,0.0
22442,0.0
22443,0.0
22444,0.0
22445,0.0
22446,0.0
22447,0.0
22448,0.0
22449,0.0
22450,0.0
22451,0.0
22452,0.0
22453,0.0
22454,0.0
22455,0.0
22456,0.0
22457,0.0
22458,0.0
22459,0.0
22460,0.0
22461,0.0
22462,0.0
22463,0.0
22464,0.0
22465,0.0
22466,0.0
22467,0.0
22468,0.0
22469,0.0
22470,0.0
22471,0.0
22472,0.0
22473,0.0
22474,0.0
22475,0.0
22476,0.0
22477,0.0
22478,0.0
22479,0.0
22480,0.0
22481,0.0
22482,0.0
22483,0.0
22484,0.0
22485,0.0
22486,0.0
22487,0.0
22488,0.0
22489,0.0
22490,0.0
22491,0.0
22492,0.0
22493,0.0
22494,0.0
22495,0.0
22496,0.0
22497,0.0
22498,0.0
22499,0.0
22500,0.0
22501,0.0
22502,0.0
22503,0.0
22504,0.0
22505,0.0
22506,0.0
22507,0.0
22508,0.0
22509,0.0
22510,0.0
22511,0.0
22512,0.0
22513,0.0
22514,0.0
22515,0.0
22516,0.0
22517,0.0
22518,0.0
22519,0.0
22520,0.0
22521,0.0
22522,0.0
22523,0.0
22524,0.0
22525,0.0
22526,0.0
22527,0.0
22528,0.0
22529,0.0
22530,0.0
22531,0.0
22532,0.0
22533,0.0
22534,0.0
22535,0.0
22536,0.0
22537,0.0
22538,0.0
22539,0.0
22540,0.0
22541,0.0
22542,0.0
22543,0.0
22544,0.0
22545,0.0
22546,0.0
22547,0.0
22548,0.0
22549,0.0
22550,0.0
22551,0.0
22552,0.0
22553,0.0
22554,0.0
22555,0.0
22556,0.0
22557,0.0
22558,0.0
22559,0.0
22560,0.0
22561,0.0
22562,0.0
22563,0.0
22564,0.0
22565,0.0
22566,0.0
22567,0.0
22568,0.0
22569,0.0
22570,0.0
22571,0.0
22572,0.0
22573,0.0
22574,0.0
22575,0.0
22576,0.0
22577,0.0
22578,0.0
22579,0.0
22580,0.0
22581,0.0
22582,0.0
22583,0.0
22584,0.0
22585,0.0
22586,0.0
22587,0.0
22588,0.0
22589,0.0
22590,0.0
22591,0.0
22592,0.0
22593,0.0
22594,0.0
22595,0.0
22596,0.0
22597,0.0
22598,0.0
22599,0.0
22600,0.0
22601,0.0
22602,0.0
22603,0.0
22604,0.0
22605,0.0
22606,0.0
22607,0.0
22608,0.0
22609,0.0
22610,0.0
22611,0.0
22612,0.0
22613,0.0
22614,0.0
22615,0.0
22616,0.0
22617,0.0
22618,0.0
22619,0.0
22620,0.0
22621,0.0
22622,0.0
22623,0.0
22624,0.0
22625,0.0
22626,0.0
22627,0.0
22628,0.0
22629,0.0
22630,0.0
22631,0.0
22632,0.0
22633,0.0
22634,0.0
22635,0.0
22636,0.0
22637,0.0
22638,0.0
22639,0.0
22640,0.0
22641,0.0
22642,0.0
22643,0.0
22644,0.0
22645,0.0
22646,0.0
22647,0.0
22648,0.0
22649,0.0
22650,0.0
22651,0.0
22652,0.0
22653,0.0
22654,0.0
22655,0.0
22656,0.0
22657,0.0
22658,0.0
22659,0.0
22660,0.0
22661,0.0
22662,0.0
22663,0.0
22664,0.0
22665,0.0
22666,0.0
22667,0.0
22668,0.0
22669,0.0
22670,0.0
22671,0.0
22672,0.0
22673,0.0
22674,0.0
22675,0.0
22676,0.0
22677,0.0
22678,0.0
22679,0.0
22680,0.0
22681,0.0
22682,0.0
22683,0.0
22684,0.0
22685,0.0
22686,0.0
22687,0.0
22688,0.0
22689,0.0
22690,0.0
22691,0.0
22692,0.0
22693,0.0
22694,0.0
22695,0.0
22696,0.0
22697,0.0
22698,0.0
22699,0.0
22700,0.0
22701,0.0
22702,0.0
22703,0.0
22704,0.0
22705,0.0
22706,0.0
22707,0.0
22708,0.0
22709,0.0
22710,0.0
22711,0.0
22712,0.0
22713,0.0
22714,0.0
22715,0.0
22716,0.0
22717,0.0
22718,0.0
22719,0.0
22720,0.0
22721,0.0
22722,0.0
22723,0.0
22724,0.0
22725,0.0
22726,0.0
22727,0.0
22728,0.0
22729,0.0
22730,0.0
22731,0.0
22732,0.0
22733,0.0
22734,0.0
22735,0.0
22736,0.0
22737,0.0
22738,0.0
22739,0.0
22740,0.0
22741,0.0
22742,0.0
22743,0.0
22744,0.0
22745,0.0
22746,0.0
22747,0.0
22748,0.0
22749,0.0
22750,0.0
22751,0.0
22752,0.0
22753,0.0
22754,0.0
22755,0.0
22756,0.0
22757,0.0
22758,0.0
22759,0.0
22760,0.0
22761,0.0
22762,0.0
22763,0.0
22764,0.0
22765,0.0
22766,0.0
22767,0.0
22768,0.0
22769,0.0
22770,0.0
22771,0.0
22772,0.0
22773,0.0
22774,0.0
22775,0.0
22776,0.0
22777,0.0
22778,0.0
22779,0.0
22780,0.0
22781,0.0
22782,0.0
22783,0.0
22784,0.0
22785,0.0
22786,0.0
22787,0.0
22788,0.0
22789,0.0
22790,0.0
22791,0.0
22792,0.0
22793,0.0
22794,0.0
22795,0.0
22796,0.0
22797,0.0
22798,0.0
22799,0.0
22800,0.0
22801,0.0
22802,0.0
22803,0.0
22804,0.0
22805,0.0
22806,0.0
22807,0.0
22808,0.0
22809,0.0
22810,0.0
22811,0.0
22812,0.0
22813,0.0
22814,0.0
22815,0.0
22816,0.0
22817,0.0
22818,0.0
22819,0.0
22820,0.0
22821,0.0
22822,0.0
22823,0.0
22824,0.0
22825,0.0
22826,0.0
22827,0.0
22828,0.0
22829,0.0
22830,0.0
22831,0.0
22832,0.0
22833,0.0
22834,0.0
22835,0.0
22836,0.0
22837,0.0
22838,0.0
22839,0.0
22840,0.0
22841,0.0
22842,0.0
22843,0.0
22844,0.0
22845,0.0
22846,0.0
22847,0.0
22848,0.0
22849,0.0
22850,0.0
22851,0.0
22852,0.0
22853,0.0
22854,0.0
22855,0.0
22856,0.0
22857,0.0
22858,0.0
22859,0.0
22860,0.0
22861,0.0
22862,0.0
22863,0.0
22864,0.0
22865,0.0
22866,0.0
22867,0.0
22868,0.0
22869,0.0
22870,0.0
22871,0.0
22872,0.0
22873,0.0
22874,0.0
22875,0.0
22876,0.0
22877,0.0
22878,0.0
22879,0.0
22880,0.0
22881,0.0
22882,0.0
22883,0.0
22884,0.0
22885,0.0
22886,0.0
22887,0.0
22888,0.0
22889,0.0
22890,0.0
22891,0.0
22892,0.0
22893,0.0
22894,0.0
22895,0.0
22896,0.0
22897,0.0
22898,0.0
22899,0.0
22900,0.0
22901,0.0
22902,0.0
22903,0.0
22904,0.0
22905,0.0
22906,0.0
22907,0.0
22908,0.0
22909,0.0
22910,0.0
22911,0.0
22912,0.0
22913,0.0
22914,0.0
22915,0.0
22916,0.0
22917,0.0
22918,0.0
22919,0.0
22920,0.0
22921,0.0
22922,0.0
22923,0.0
22924,0.0
22925,0.0
22926,0.0
22927,0.0
22928,0.0
22929,0.0
22930,0.0
22931,0.0
22932,0.0
22933,0.0
22934,0.0
22935,0.0
22936,0.0
22937,0.0
22938,0.0
22939,0.0
22940,0.0
22941,0.0
22942,0.0
22943,0.0
22944,0.0
22945,0.0
22946,0.0
22947,0.0
22948,0.0
22949,0.0
22950,0.0
22951,0.0
22952,0.0
22953,0.0
22954,0.0
22955,0.0
22956,0.0
22957,0.0
22958,0.0
22959,0.0
22960,0.0
22961,0.0
22962,0.0
22963,0.0
22964,0.0
22965,0.0
22966,0.0
22967,0.0
22968,0.0
22969,0.0
22970,0.0
22971,0.0
22972,0.0
22973,0.0
22974,0.0
22975,0.0
22976,0.0
22977,0.0
22978,0.0
22979,0.0
22980,0.0
22981,0.0
22982,0.0
22983,0.0
22984,0.0
22985,0.0
22986,0.0
22987,0.0
22988,0.0
22989,0.0
22990,0.0
22991,0.0
22992,0.0
22993,0.0
22994,0.0
22995,0.0
22996,0.0
22997,0.0
22998,0.0
22999,0.0
23000,0.0
23001,0.0
23002,0.0
23003,0.0
23004,0.0
23005,0.0
23006,0.0
23007,0.0
23008,0.0
23009,0.0
23010,0.0
23011,0.0
23012,0.0
23013,0.0
23014,0.0
23015,0.0
23016,0.0
23017,0.0
23018,0.0
23019,0.0
23020,0.0
23021,0.0
23022,0.0
23023,0.0
23024,0.0
23025,0.0
23026,0.0
23027,0.0
23028,0.0
23029,0.0
23030,0.0
23031,0.0
23032,0.0
23033,0.0
23034,0.0
23035,0.0
23036,0.0
23037,0.0
23038,0.0
23039,0.0
23040,0.0
23041,0.0
23042,0.0
23043,0.0
23044,0.0
23045,0.0
23046,0.0
23047,0.0
23048,0.0
23049,0.0
23050,0.0
23051,0.0
23052,0.0
23053,0.0
23054,0.0
23055,0.0
23056,0.0
23057,0.0
23058,0.0
23059,0.0
23060,0.0
23061,0.0
23062,0.0
23063,0.0
23064,0.0
23065,0.0
23066,0.0
23067,0.0
23068,0.0
23069,0.0
23070,0.0
23071,0.0
23072,0.0
23073,0.0
23074,0.0
23075,0.0
23076,0.0
23077,0.0
23078,0.0
23079,0.0
23080,0.0
23081,0.0
23082,0.0
23083,0.0
23084,0.0
23085,0.0
23086,0.0
23087,0.0
23088,0.0
23089,0.0
23090,0.0
23091,0.0
23092,0.0
23093,0.0
23094,0.0
23095,0.0
23096,0.0
23097,0.0
23098,0.0
23099,0.0
23100,0.0
23101,0.0
23102,0.0
23103,0.0
23104,0.0
23105,0.0
23106,0.0
23107,0.0
23108,0.0
23109,0.0
23110,0.0
23111,0.0
23112,0.0
23113,0.0
23114,0.0
23115,0.0
23116,0.0
23117,0.0
23118,0.0
23119,0.0
23120,0.0
23121,0.0
23122,0.0
23123,0.0
23124,0.0
23125,0.0
23126,0.0
23127,0.0
23128,0.0
23129,0.0
23130,0.0
23131,0.0
23132,0.0
23133,0.0
23134,0.0
23135,0.0
23136,0.0
23137,0.0
23138,0.0
23139,0.0
23140,0.0
23141,0.0
23142,0.0
23143,0.0
23144,0.0
23145,0.0
23146,0.0
23147,0.0
23148,0.0
23149,0.0
23150,0.0
23151,0.0
23152,0.0
23153,0.0
23154,0.0
23155,0.0
23156,0.0
23157,0.0
23158,0.0
23159,0.0
23160,0.0
23161,0.0
23162,0.0
23163,0.0
23164,0.0
23165,0.0
23166,0.0
23167,0.0
23168,0.0
23169,0.0
23170,0.0
23171,0.0
23172,0.0
23173,0.0
23174,0.0
23175,0.0
23176,0.0
23177,0.0
23178,0.0
23179,0.0
23180,0.0
23181,0.0
23182,0.0
23183,0.0
23184,0.0
23185,0.0
23186,0.0
23187,0.0
23188,0.0
23189,0.0
23190,0.0
23191,0.0
23192,0.0
23193,0.0
23194,0.0
23195,0.0
23196,0.0
23197,0.0
23198,0.0
23199,0.0
23200,0.0
23201,0.0
23202,0.0
23203,0.0
23204,0.0
23205,0.0
23206,0.0
23207,0.0
23208,0.0
23209,0.0
23210,0.0
23211,0.0
23212,0.0
23213,0.0
23214,0.0
23215,0.0
23216,0.0
23217,0.0
23218,0.0
23219,0.0
23220,0.0
23221,0.0
23222,0.0
23223,0.0
23224,0.0
23225,0.0
23226,0.0
23227,0.0
23228,0.0
23229,0.0
23230,0.0
23231,0.0
23232,0.0
23233,0.0
23234,0.0
23235,0.0
23236,0.0
23237,0.0
23238,0.0
23239,0.0
23240,0.0
23241,0.0
23242,0.0
23243,0.0
23244,0.0
23245,0.0
23246,0.0
23247,0.0
23248,0.0
23249,0.0
23250,0.0
23251,0.0
23252,0.0
23253,0.0
23254,0.0
23255,0.0
23256,0.0
23257,0.0
23258,0.0
23259,0.0
23260,0.0
23261,0.0
23262,0.0
23263,0.0
23264,0.0
23265,0.0
23266,0.0
23267,0.0
23268,0.0
23269,0.0
23270,0.0
23271,0.0
23272,0.0
23273,0.0
23274,0.0
23275,0.0
23276,0.0
23277,0.0
23278,0.0
23279,0.0
23280,0.0
23281,0.0
23282,0.0
23283,0.0
23284,0.0
23285,0.0
23286,0.0
23287,0.0
23288,0.0
23289,0.0
23290,0.0
23291,0.0
23292,0.0
23293,0.0
23294,0.0
23295,0.0
23296,0.0
23297,0.0
23298,0.0
23299,0.0
23300,0.0
23301,0.0
23302,0.0
23303,0.0
23304,0.0
23305,0.0
23306,0.0
23307,0.0
23308,0.0
23309,0.0
23310,0.0
23311,0.0
23312,0.0
23313,0.0
23314,0.0
23315,0.0
23316,0.0
23317,0.0
23318,0.0
23319,0.0
23320,0.0
23321,0.0
23322,0.0
23323,0.0
23324,0.0
23325,0.0
23326,0.0
23327,0.0
23328,0.0
23329,0.0
23330,0.0
23331,0.0
23332,0.0
23333,0.0
23334,0.0
23335,0.0
23336,0.0
23337,0.0
23338,0.0
23339,0.0
23340,0.0
23341,0.0
23342,0.0
23343,0.0
23344,0.0
23345,0.0
23346,0.0
23347,0.0
23348,0.0
23349,0.0
23350,0.0
23351,0.0
23352,0.0
23353,0.0
23354,0.0
23355,0.0
23356,0.0
23357,0.0
23358,0.0
23359,0.0
23360,0.0
23361,0.0
23362,0.0
23363,0.0
23364,0.0
23365,0.0
23366,0.0
23367,0.0
23368,0.0
23369,0.0
23370,0.0
23371,0.0
23372,0.0
23373,0.0
23374,0.0
23375,0.0
23376,0.0
23377,0.0
23378,0.0
23379,0.0
23380,0.0
23381,0.0
23382,0.0
23383,0.0
23384,0.0
23385,0.0
23386,0.0
23387,0.0
23388,0.0
23389,0.0
23390,0.0
23391,0.0
23392,0.0
23393,0.0
23394,0.0
23395,0.0
23396,0.0
23397,0.0
23398,0.0
23399,0.0
23400,0.0
23401,0.0
23402,0.0
23403,0.0
23404,0.0
23405,0.0
23406,0.0
23407,0.0
23408,0.0
23409,0.0
23410,0.0
23411,0.0
23412,0.0
23413,0.0
23414,0.0
23415,0.0
23416,0.0
23417,0.0
23418,0.0
23419,0.0
23420,0.0
23421,0.0
23422,0.0
23423,0.0
23424,0.0
23425,0.0
23426,0.0
23427,0.0
23428,0.0
23429,0.0
23430,0.0
23431,0.0
23432,0.0
23433,0.0
23434,0.0
23435,0.0
23436,0.0
23437,0.0
23438,0.0
23439,0.0
23440,0.0
23441,0.0
23442,0.0
23443,0.0
23444,0.0
23445,0.0
23446,0.0
23447,0.0
23448,0.0
23449,0.0
23450,0.0
23451,0.0
23452,0.0
23453,0.0
23454,0.0
23455,0.0
23456,0.0
23457,0.0
23458,0.0
23459,0.0
23460,0.0
23461,0.0
23462,0.0
23463,0.0
23464,0.0
23465,0.0
23466,0.0
23467,0.0
23468,0.0
23469,0.0
23470,0.0
23471,0.0
23472,0.0
23473,0.0
23474,0.0
23475,0.0
23476,0.0
23477,0.0
23478,0.0
23479,0.0
23480,0.0
23481,0.0
23482,0.0
23483,0.0
23484,0.0
23485,0.0
23486,0.0
23487,0.0
23488,0.0
23489,0.0
23490,0.0
23491,0.0
23492,0.0
23493,0.0
23494,0.0
23495,0.0
23496,0.0
23497,0.0
23498,0.0
23499,0.0
23500,0.0
23501,0.0
23502,0.0
23503,0.0
23504,0.0
23505,0.0
23506,0.0
23507,0.0
23508,0.0
23509,0.0
23510,0.0
23511,0.0
23512,0.0
23513,0.0
23514,0.0
23515,0.0
23516,0.0
23517,0.0
23518,0.0
23519,0.0
23520,0.0
23521,0.0
23522,0.0
23523,0.0
23524,0.0
23525,0.0
23526,0.0
23527,0.0
23528,0.0
23529,0.0
23530,0.0
23531,0.0
23532,0.0
23533,0.0
23534,0.0
23535,0.0
23536,0.0
23537,0.0
23538,0.0
23539,0.0
23540,0.0
23541,0.0
23542,0.0
23543,0.0
23544,0.0
23545,0.0
23546,0.0
23547,0.0
23548,0.0
23549,0.0
23550,0.0
23551,0.0
23552,0.0
23553,0.0
23554,0.0
23555,0.0
23556,0.0
23557,0.0
23558,0.0
23559,0.0
23560,0.0
23561,0.0
23562,0.0
23563,0.0
23564,0.0
23565,0.0
23566,0.0
23567,0.0
23568,0.0
23569,0.0
23570,0.0
23571,0.0
23572,0.0
23573,0.0
23574,0.0
23575,0.0
23576,0.0
23577,0.0
23578,0.0
23579,0.0
23580,0.0
23581,0.0
23582,0.0
23583,0.0
23584,0.0
23585,0.0
23586,0.0
23587,0.0
23588,0.0
23589,0.0
23590,0.0
23591,0.0
23592,0.0
23593,0.0
23594,0.0
23595,0.0
23596,0.0
23597,0.0
23598,0.0
23599,0.0
23600,0.0
23601,0.0
23602,0.0
23603,0.0
23604,0.0
23605,0.0
23606,0.0
23607,0.0
23608,0.0
23609,0.0
23610,0.0
23611,0.0
23612,0.0
23613,0.0
23614,0.0
23615,0.0
23616,0.0
23617,0.0
23618,0.0
23619,0.0
23620,0.0
23621,0.0
23622,0.0
23623,0.0
23624,0.0
23625,0.0
23626,0.0
23627,0.0
23628,0.0
23629,0.0
23630,0.0
23631,0.0
23632,0.0
23633,0.0
23634,0.0
23635,0.0
23636,0.0
23637,0.0
23638,0.0
23639,0.0
23640,0.0
23641,0.0
23642,0.0
23643,0.0
23644,0.0
23645,0.0
23646,0.0
23647,0.0
23648,0.0
23649,0.0
23650,0.0
23651,0.0
23652,0.0
23653,0.0
23654,0.0
23655,0.0
23656,0.0
23657,0.0
23658,0.0
23659,0.0
23660,0.0
23661,0.0
23662,0.0
23663,0.0
23664,0.0
23665,0.0
23666,0.0
23667,0.0
23668,0.0
23669,0.0
23670,0.0
23671,0.0
23672,0.0
23673,0.0
23674,0.0
23675,0.0
23676,0.0
23677,0.0
23678,0.0
23679,0.0
23680,0.0
23681,0.0
23682,0.0
23683,0.0
23684,0.0
23685,0.0
23686,0.0
23687,0.0
23688,0.0
23689,0.0
23690,0.0
23691,0.0
23692,0.0
23693,0.0
23694,0.0
23695,0.0
23696,0.0
23697,0.0
23698,0.0
23699,0.0
23700,0.0
23701,0.0
23702,0.0
23703,0.0
23704,0.0
23705,0.0
23706,0.0
23707,0.0
23708,0.0
23709,0.0
23710,0.0
23711,0.0
23712,0.0
23713,0.0
23714,0.0
23715,0.0
23716,0.0
23717,0.0
23718,0.0
23719,0.0
23720,0.0
23721,0.0
23722,0.0
23723,0.0
23724,0.0
23725,0.0
23726,0.0
23727,0.0
23728,0.0
23729,0.0
23730,0.0
23731,0.0
23732,0.0
23733,0.0
23734,0.0
23735,0.0
23736,0.0
23737,0.0
23738,0.0
23739,0.0
23740,0.0
23741,0.0
23742,0.0
23743,0.0
23744,0.0
23745,0.0
23746,0.0
23747,0.0
23748,0.0
23749,0.0
23750,0.0
23751,0.0
23752,0.0
23753,0.0
23754,0.0
23755,0.0
23756,0.0
23757,0.0
23758,0.0
23759,0.0
23760,0.0
23761,0.0
23762,0.0
23763,0.0
23764,0.0
23765,0.0
23766,0.0
23767,0.0
23768,0.0
23769,0.0
23770,0.0
23771,0.0
23772,0.0
23773,0.0
23774,0.0
23775,0.0
23776,0.0
23777,0.0
23778,0.0
23779,0.0
23780,0.0
23781,0.0
23782,0.0
23783,0.0
23784,0.0
23785,0.0
23786,0.0
23787,0.0
23788,0.0
23789,0.0
23790,0.0
23791,0.0
23792,0.0
23793,0.0
23794,0.0
23795,0.0
23796,0.0
23797,0.0
23798,0.0
23799,0.0
23800,0.0
23801,0.0
23802,0.0
23803,0.0
23804,0.0
23805,0.0
23806,0.0
23807,0.0
23808,0.0
23809,0.0
23810,0.0
23811,0.0
23812,0.0
23813,0.0
23814,0.0
23815,0.0
23816,0.0
23817,0.0
23818,0.0
23819,0.0
23820,0.0
23821,0.0
23822,0.0
23823,0.0
23824,0.0
23825,0.0
23826,0.0
23827,0.0
23828,0.0
23829,0.0
23830,0.0
23831,0.0
23832,0.0
23833,0.0
23834,0.0
23835,0.0
23836,0.0
23837,0.0
23838,0.0
23839,0.0
23840,0.0
23841,0.0
23842,0.0
23843,0.0
23844,0.0
23845,0.0
23846,0.0
23847,0.0
23848,0.0
23849,0.0
23850,0.0
23851,0.0
23852,0.0
23853,0.0
23854,0.0
23855,0.0
23856,0.0
23857,0.0
23858,0.0
23859,0.0
23860,0.0
23861,0.0
23862,0.0
23863,0.0
23864,0.0
23865,0.0
23866,0.0
23867,0.0
23868,0.0
23869,0.0
23870,0.0
23871,0.0
23872,0.0
23873,0.0
23874,0.0
23875,0.0
23876,0.0
23877,0.0
23878,0.0
23879,0.0
23880,0.0
23881,0.0
23882,0.0
23883,0.0
23884,0.0
23885,0.0
23886,0.0
23887,0.0
23888,0.0
23889,0.0
23890,0.0
23891,0.0
23892,0.0
23893,0.0
23894,0.0
23895,0.0
23896,0.0
23897,0.0
23898,0.0
23899,0.0
23900,0.0
23901,0.0
23902,0.0
23903,0.0
23904,0.0
23905,0.0
23906,0.0
23907,0.0
23908,0.0
23909,0.0
23910,0.0
23911,0.0
23912,0.0
23913,0.0
23914,0.0
23915,0.0
23916,0.0
23917,0.0
23918,0.0
23919,0.0
23920,0.0
23921,0.0
23922,0.0
23923,0.0
23924,0.0
23925,0.0
23926,0.0
23927,0.0
23928,0.0
23929,0.0
23930,0.0
23931,0.0
23932,0.0
23933,0.0
23934,0.0
23935,0.0
23936,0.0
23937,0.0
23938,0.0
23939,0.0
23940,0.0
23941,0.0
23942,0.0
23943,0.0
23944,0.0
23945,0.0
23946,0.0
23947,0.0
23948,0.0
23949,0.0
23950,0.0
23951,0.0
23952,0.0
23953,0.0
23954,0.0
23955,0.0
23956,0.0
23957,0.0
23958,0.0
23959,0.0
23960,0.0
23961,0.0
23962,0.0
23963,0.0
23964,0.0
23965,0.0
23966,0.0
23967,0.0
23968,0.0
23969,0.0
23970,0.0
23971,0.0
23972,0.0
23973,0.0
23974,0.0
23975,0.0
23976,0.0
23977,0.0
23978,0.0
23979,0.0
23980,0.0
23981,0.0
23982,0.0
23983,0.0
23984,0.0
23985,0.0
23986,0.0
23987,0.0
23988,0.0
23989,0.0
23990,0.0
23991,0.0
23992,0.0
23993,0.0
23994,0.0
23995,0.0
23996,0.0
23997,0.0
23998,0.0
23999,0.0
24000,0.0
24001,0.0
24002,0.0
24003,0.0
24004,0.0
24005,0.0
24006,0.0
24007,0.0
24008,0.0
24009,0.0
24010,0.0
24011,0.0
24012,0.0
24013,0.0
24014,0.0
24015,0.0
24016,0.0
24017,0.0
24018,0.0
24019,0.0
24020,0.0
24021,0.0
24022,0.0
24023,0.0
24024,0.0
24025,0.0
24026,0.0
24027,0.0
24028,0.0
24029,0.0
24030,0.0
24031,0.0
24032,0.0
24033,0.0
24034,0.0
24035,0.0
24036,0.0
24037,0.0
24038,0.0
24039,0.0
24040,0.0
24041,0.0
24042,0.0
24043,0.0
24044,0.0
24045,0.0
24046,0.0
24047,0.0
24048,0.0
24049,0.0
24050,0.0
24051,0.0
24052,0.0
24053,0.0
24054,0.0
24055,0.0
24056,0.0
24057,0.0
24058,0.0
24059,0.0
24060,0.0
24061,0.0
24062,0.0
24063,0.0
24064,0.0
24065,0.0
24066,0.0
24067,0.0
24068,0.0
24069,0.0
24070,0.0
24071,0.0
24072,0.0
24073,0.0
24074,0.0
24075,0.0
24076,0.0
24077,0.0
24078,0.0
24079,0.0
24080,0.0
24081,0.0
24082,0.0
24083,0.0
24084,0.0
24085,0.0
24086,0.0
24087,0.0
24088,0.0
24089,0.0
24090,0.0
24091,0.0
24092,0.0
24093,0.0
24094,0.0
24095,0.0
24096,0.0
24097,0.0
24098,0.0
24099,0.0
24100,0.0
24101,0.0
24102,0.0
24103,0.0
24104,0.0
24105,0.0
24106,0.0
24107,0.0
24108,0.0
24109,0.0
24110,0.0
24111,0.0
24112,0.0
24113,0.0
24114,0.0
24115,0.0
24116,0.0
24117,0.0
24118,0.0
24119,0.0
24120,0.0
24121,0.0
24122,0.0
24123,0.0
24124,0.0
24125,0.0
24126,0.0
24127,0.0
24128,0.0
24129,0.0
24130,0.0
24131,0.0
24132,0.0
24133,0.0
24134,0.0
24135,0.0
24136,0.0
24137,0.0
24138,0.0
24139,0.0
24140,0.0
24141,0.0
24142,0.0
24143,0.0
24144,0.0
24145,0.0
24146,0.0
24147,0.0
24148,0.0
24149,0.0
24150,0.0
24151,0.0
24152,0.0
24153,0.0
24154,0.0
24155,0.0
24156,0.0
24157,0.0
24158,0.0
24159,0.0
24160,0.0
24161,0.0
24162,0.0
24163,0.0
24164,0.0
24165,0.0
24166,0.0
24167,0.0
24168,0.0
24169,0.0
24170,0.0
24171,0.0
24172,0.0
24173,0.0
24174,0.0
24175,0.0
24176,0.0
24177,0.0
24178,0.0
24179,0.0
24180,0.0
24181,0.0
24182,0.0
24183,0.0
24184,0.0
24185,0.0
24186,0.0
24187,0.0
24188,0.0
24189,0.0
24190,0.0
24191,0.0
24192,0.0
24193,0.0
24194,0.0
24195,0.0
24196,0.0
24197,0.0
24198,0.0
24199,0.0
24200,0.0
24201,0.0
24202,0.0
24203,0.0
24204,0.0
24205,0.0
24206,0.0
24207,0.0
24208,0.0
24209,0.0
24210,0.0
24211,0.0
24212,0.0
24213,0.0
24214,0.0
24215,0.0
24216,0.0
24217,0.0
24218,0.0
24219,0.0
24220,0.0
24221,0.0
24222,0.0
24223,0.0
24224,0.0
24225,0.0
24226,0.0
24227,0.0
24228,0.0
24229,0.0
24230,0.0
24231,0.0
24232,0.0
24233,0.0
24234,0.0
24235,0.0
24236,0.0
24237,0.0
24238,0.0
24239,0.0
24240,0.0
24241,0.0
24242,0.0
24243,0.0
24244,0.0
24245,0.0
24246,0.0
24247,0.0
24248,0.0
24249,0.0
24250,0.0
24251,0.0
24252,0.0
24253,0.0
24254,0.0
24255,0.0
24256,0.0
24257,0.0
24258,0.0
24259,0.0
24260,0.0
24261,0.0
24262,0.0
24263,0.0
24264,0.0
24265,0.0
24266,0.0
24267,0.0
24268,0.0
24269,0.0
24270,0.0
24271,0.0
24272,0.0
24273,0.0
24274,0.0
24275,0.0
24276,0.0
24277,0.0
24278,0.0
24279,0.0
24280,0.0
24281,0.0
24282,0.0
24283,0.0
24284,0.0
24285,0.0
24286,0.0
24287,0.0
24288,0.0
24289,0.0
24290,0.0
24291,0.0
24292,0.0
24293,0.0
24294,0.0
24295,0.0
24296,0.0
24297,0.0
24298,0.0
24299,0.0
24300,0.0
24301,0.0
24302,0.0
24303,0.0
24304,0.0
24305,0.0
24306,0.0
24307,0.0
24308,0.0
24309,0.0
24310,0.0
24311,0.0
24312,0.0
24313,0.0
24314,0.0
24315,0.0
24316,0.0
24317,0.0
24318,0.0
24319,0.0
24320,0.0
24321,0.0
24322,0.0
24323,0.0
24324,0.0
24325,0.0
24326,0.0
24327,0.0
24328,0.0
24329,0.0
24330,0.0
24331,0.0
24332,0.0
24333,0.0
24334,0.0
24335,0.0
24336,0.0
24337,0.0
24338,0.0
24339,0.0
24340,0.0
24341,0.0
24342,0.0
24343,0.0
24344,0.0
24345,0.0
24346,0.0
24347,0.0
24348,0.0
24349,0.0
24350,0.0
24351,0.0
24352,0.0
24353,0.0
24354,0.0
24355,0.0
24356,0.0
24357,0.0
24358,0.0
24359,0.0
24360,0.0
24361,0.0
24362,0.0
24363,0.0
24364,0.0
24365,0.0
24366,0.0
24367,0.0
24368,0.0
24369,0.0
24370,0.0
24371,0.0
24372,0.0
24373,0.0
24374,0.0
24375,0.0
24376,0.0
24377,0.0
24378,0.0
24379,0.0
24380,0.0
24381,0.0
24382,0.0
24383,0.0
24384,0.0
24385,0.0
24386,0.0
24387,0.0
24388,0.0
24389,0.0
24390,0.0
24391,0.0
24392,0.0
24393,0.0
24394,0.0
24395,0.0
24396,0.0
24397,0.0
24398,0.0
24399,0.0
24400,0.0
24401,0.0
24402,0.0
24403,0.0
24404,0.0
24405,0.0
24406,0.0
24407,0.0
24408,0.0
24409,0.0
24410,0.0
24411,0.0
24412,0.0
24413,0.0
24414,0.0
24415,0.0
24416,0.0
24417,0.0
24418,0.0
24419,0.0
24420,0.0
24421,0.0
24422,0.0
24423,0.0
24424,0.0
24425,0.0
24426,0.0
24427,0.0
24428,0.0
24429,0.0
24430,0.0
24431,0.0
24432,0.0
24433,0.0
24434,0.0
24435,0.0
24436,0.0
24437,0.0
24438,0.0
24439,0.0
24440,0.0
24441,0.0
24442,0.0
24443,0.0
24444,0.0
24445,0.0
24446,0.0
24447,0.0
24448,0.0
24449,0.0
24450,0.0
24451,0.0
24452,0.0
24453,0.0
24454,0.0
24455,0.0
24456,0.0
24457,0.0
24458,0.0
24459,0.0
24460,0.0
24461,0.0
24462,0.0
24463,0.0
24464,0.0
24465,0.0
24466,0.0
24467,0.0
24468,0.0
24469,0.0
24470,0.0
24471,0.0
24472,0.0
24473,0.0
24474,0.0
24475,0.0
24476,0.0
24477,0.0
24478,0.0
24479,0.0
24480,0.0
24481,0.0
24482,0.0
24483,0.0
24484,0.0
24485,0.0
24486,0.0
24487,0.0
24488,0.0
24489,0.0
24490,0.0
24491,0.0
24492,0.0
24493,0.0
24494,0.0
24495,0.0
24496,0.0
24497,0.0
24498,0.0
24499,0.0
24500,0.0
24501,0.0
24502,0.0
24503,0.0
24504,0.0
24505,0.0
24506,0.0
24507,0.0
24508,0.0
24509,0.0
24510,0.0
24511,0.0
24512,0.0
24513,0.0
24514,0.0
24515,0.0
24516,0.0
24517,0.0
24518,0.0
24519,0.0
24520,0.0
24521,0.0
24522,0.0
24523,0.0
24524,0.0
24525,0.0
24526,0.0
24527,0.0
24528,0.0
24529,0.0
24530,0.0
24531,0.0
24532,0.0
24533,0.0
24534,0.0
24535,0.0
24536,0.0
24537,0.0
24538,0.0
24539,0.0
24540,0.0
24541,0.0
24542,0.0
24543,0.0
24544,0.0
24545,0.0
24546,0.0
24547,0.0
24548,0.0
24549,0.0
24550,0.0
24551,0.0
24552,0.0
24553,0.0
24554,0.0
24555,0.0
24556,0.0
24557,0.0
24558,0.0
24559,0.0
24560,0.0
24561,0.0
24562,0.0
24563,0.0
24564,0.0
24565,0.0
24566,0.0
24567,0.0
24568,0.0
24569,0.0
24570,0.0
24571,0.0
24572,0.0
24573,0.0
24574,0.0
24575,0.0
24576,0.0
24577,0.0
24578,0.0
24579,0.0
24580,0.0
24581,0.0
24582,0.0
24583,0.0
24584,0.0
24585,0.0
24586,0.0
24587,0.0
24588,0.0
24589,0.0
24590,0.0
24591,0.0
24592,0.0
24593,0.0
24594,0.0
24595,0.0
24596,0.0
24597,0.0
24598,0.0
24599,0.0
24600,0.0
24601,0.0
24602,0.0
24603,0.0
24604,0.0
24605,0.0
24606,0.0
24607,0.0
24608,0.0
24609,0.0
24610,0.0
24611,0.0
24612,0.0
24613,0.0
24614,0.0
24615,0.0
24616,0.0
24617,0.0
24618,0.0
24619,0.0
24620,0.0
24621,0.0
24622,0.0
24623,0.0
24624,0.0
24625,0.0
24626,0.0
24627,0.0
24628,0.0
24629,0.0
24630,0.0
24631,0.0
24632,0.0
24633,0.0
24634,0.0
24635,0.0
24636,0.0
24637,0.0
24638,0.0
24639,0.0
24640,0.0
24641,0.0
24642,0.0
24643,0.0
24644,0.0
24645,0.0
24646,0.0
24647,0.0
24648,0.0
24649,0.0
24650,0.0
24651,0.0
24652,0.0
24653,0.0
24654,0.0
24655,0.0
24656,0.0
24657,0.0
24658,0.0
24659,0.0
24660,0.0
24661,0.0
24662,0.0
24663,0.0
24664,0.0
24665,0.0
24666,0.0
24667,0.0
24668,0.0
24669,0.0
24670,0.0
24671,0.0
24672,0.0
24673,0.0
24674,0.0
24675,0.0
24676,0.0
24677,0.0
24678,0.0
24679,0.0
24680,0.0
24681,0.0
24682,0.0
24683,0.0
24684,0.0
24685,0.0
24686,0.0
24687,0.0
24688,0.0
24689,0.0
24690,0.0
24691,0.0
24692,0.0
24693,0.0
24694,0.0
24695,0.0
24696,0.0
24697,0.0
24698,0.0
24699,0.0
24700,0.0
24701,0.0
24702,0.0
24703,0.0
24704,0.0
24705,0.0
24706,0.0
24707,0.0
24708,0.0
24709,0.0
24710,0.0
24711,0.0
24712,0.0
24713,0.0
24714,0.0
24715,0.0
24716,0.0
24717,0.0
24718,0.0
24719,0.0
24720,0.0
24721,0.0
24722,0.0
24723,0.0
24724,0.0
24725,0.0
24726,0.0
24727,0.0
24728,0.0
24729,0.0
24730,0.0
24731,0.0
24732,0.0
24733,0.0
24734,0.0
24735,0.0
24736,0.0
24737,0.0
24738,0.0
24739,0.0
24740,0.0
24741,0.0
24742,0.0
24743,0.0
24744,0.0
24745,0.0
24746,0.0
24747,0.0
24748,0.0
24749,0.0
24750,0.0
24751,0.0
24752,0.0
24753,0.0
24754,0.0
24755,0.0
24756,0.0
24757,0.0
24758,0.0
24759,0.0
24760,0.0
24761,0.0
24762,0.0
24763,0.0
24764,0.0
24765,0.0
24766,0.0
24767,0.0
24768,0.0
24769,0.0
24770,0.0
24771,0.0
24772,0.0
24773,0.0
24774,0.0
24775,0.0
24776,0.0
24777,0.0
24778,0.0
24779,0.0
24780,0.0
24781,0.0
24782,0.0
24783,0.0
24784,0.0
24785,0.0
24786,0.0
24787,0.0
24788,0.0
24789,0.0
24790,0.0
24791,0.0
24792,0.0
24793,0.0
24794,0.0
24795,0.0
24796,0.0
24797,0.0
24798,0.0
24799,0.0
24800,0.0
24801,0.0
24802,0.0
24803,0.0
24804,0.0
24805,0.0
24806,0.0
24807,0.0
24808,0.0
24809,0.0
24810,0.0
24811,0.0
24812,0.0
24813,0.0
24814,0.0
24815,0.0
24816,0.0
24817,0.0
24818,0.0
24819,0.0
24820,0.0
24821,0.0
24822,0.0
24823,0.0
24824,0.0
24825,0.0
24826,0.0
24827,0.0
24828,0.0
24829,0.0
24830,0.0
24831,0.0
24832,0.0
24833,0.0
24834,0.0
24835,0.0
24836,0.0
24837,0.0
24838,0.0
24839,0.0
24840,0.0
24841,0.0
24842,0.0
24843,0.0
24844,0.0
24845,0.0
24846,0.0
24847,0.0
24848,0.0
24849,0.0
24850,0.0
24851,0.0
24852,0.0
24853,0.0
24854,0.0
24855,0.0
24856,0.0
24857,0.0
24858,0.0
24859,0.0
24860,0.0
24861,0.0
24862,0.0
24863,0.0
24864,0.0
24865,0.0
24866,0.0
24867,0.0
24868,0.0
24869,0.0
24870,0.0
24871,0.0
24872,0.0
24873,0.0
24874,0.0
24875,0.0
24876,0.0
24877,0.0
24878,0.0
24879,0.0
24880,0.0
24881,0.0
24882,0.0
24883,0.0
24884,0.0
24885,0.0
24886,0.0
24887,0.0
24888,0.0
24889,0.0
24890,0.0
24891,0.0
24892,0.0
24893,0.0
24894,0.0
24895,0.0
24896,0.0
24897,0.0
24898,0.0
24899,0.0
24900,0.0
24901,0.0
24902,0.0
24903,0.0
24904,0.0
24905,0.0
24906,0.0
24907,0.0
24908,0.0
24909,0.0
24910,0.0
24911,0.0
24912,0.0
24913,0.0
24914,0.0
24915,0.0
24916,0.0
24917,0.0
24918,0.0
24919,0.0
24920,0.0
24921,0.0
24922,0.0
24923,0.0
24924,0.0
24925,0.0
24926,0.0
24927,0.0
24928,0.0
24929,0.0
24930,0.0
24931,0.0
24932,0.0
24933,0.0
24934,0.0
24935,0.0
24936,0.0
24937,0.0
24938,0.0
24939,0.0
24940,0.0
24941,0.0
24942,0.0
24943,0.0
24944,0.0
24945,0.0
24946,0.0
24947,0.0
24948,0.0
24949,0.0
24950,0.0
24951,0.0
24952,0.0
24953,0.0
24954,0.0
24955,0.0
24956,0.0
24957,0.0
24958,0.0
24959,0.0
24960,0.0
24961,0.0
24962,0.0
24963,0.0
24964,0.0
24965,0.0
24966,0.0
24967,0.0
24968,0.0
24969,0.0
24970,0.0
24971,0.0
24972,0.0
24973,0.0
24974,0.0
24975,0.0
24976,0.0
24977,0.0
24978,0.0
24979,0.0
24980,0.0
24981,0.0
24982,0.0
24983,0.0
24984,0.0
24985,0.0
24986,0.0
24987,0.0
24988,0.0
24989,0.0
24990,0.0
24991,0.0
24992,0.0
24993,0.0
24994,0.0
24995,0.0
24996,0.0
24997,0.0
24998,0.0
24999,0.0
25000,0.0
25001,0.0
25002,0.0
25003,0.0
25004,0.0
25005,0.0
25006,0.0
25007,0.0
25008,0.0
25009,0.0
25010,0.0
25011,0.0
25012,0.0
25013,0.0
25014,0.0
25015,0.0
25016,0.0
25017,0.0
25018,0.0
25019,0.0
25020,0.0
25021,0.0
25022,0.0
25023,0.0
25024,0.0
25025,0.0
25026,0.0
25027,0.0
25028,0.0
25029,0.0
25030,0.0
25031,0.0
25032,0.0
25033,0.0
25034,0.0
25035,0.0
25036,0.0
25037,0.0
25038,0.0
25039,0.0
25040,0.0
25041,0.0
25042,0.0
25043,0.0
25044,0.0
25045,0.0
25046,0.0
25047,0.0
25048,0.0
25049,0.0
25050,0.0
25051,0.0
25052,0.0
25053,0.0
25054,0.0
25055,0.0
25056,0.0
25057,0.0
25058,0.0
25059,0.0
25060,0.0
25061,0.0
25062,0.0
25063,0.0
25064,0.0
25065,0.0
25066,0.0
25067,0.0
25068,0.0
25069,0.0
25070,0.0
25071,0.0
25072,0.0
25073,0.0
25074,0.0
25075,0.0
25076,0.0
25077,0.0
25078,0.0
25079,0.0
25080,0.0
25081,0.0
25082,0.0
25083,0.0
25084,0.0
25085,0.0
25086,0.0
25087,0.0
25088,0.0
25089,0.0
25090,0.0
25091,0.0
25092,0.0
25093,0.0
25094,0.0
25095,0.0
25096,0.0
25097,0.0
25098,0.0
25099,0.0
25100,0.0
25101,0.0
25102,0.0
25103,0.0
25104,0.0
25105,0.0
25106,0.0
25107,0.0
25108,0.0
25109,0.0
25110,0.0
25111,0.0
25112,0.0
25113,0.0
25114,0.0
25115,0.0
25116,0.0
25117,0.0
25118,0.0
25119,0.0
25120,0.0
25121,0.0
25122,0.0
25123,0.0
25124,0.0
25125,0.0
25126,0.0
25127,0.0
25128,0.0
25129,0.0
25130,0.0
25131,0.0
25132,0.0
25133,0.0
25134,0.0
25135,0.0
25136,0.0
25137,0.0
25138,0.0
25139,0.0
25140,0.0
25141,0.0
25142,0.0
25143,0.0
25144,0.0
25145,0.0
25146,0.0
25147,0.0
25148,0.0
25149,0.0
25150,0.0
25151,0.0
25152,0.0
25153,0.0
25154,0.0
25155,0.0
25156,0.0
25157,0.0
25158,0.0
25159,0.0
25160,0.0
25161,0.0
25162,0.0
25163,0.0
25164,0.0
25165,0.0
25166,0.0
25167,0.0
25168,0.0
25169,0.0
25170,0.0
25171,0.0
25172,0.0
25173,0.0
25174,0.0
25175,0.0
25176,0.0
25177,0.0
25178,0.0
25179,0.0
25180,0.0
25181,0.0
25182,0.0
25183,0.0
25184,0.0
25185,0.0
25186,0.0
25187,0.0
25188,0.0
25189,0.0
25190,0.0
25191,0.0
25192,0.0
25193,0.0
25194,0.0
25195,0.0
25196,0.0
25197,0.0
25198,0.0
25199,0.0
25200,0.0
25201,0.0
25202,0.0
25203,0.0
25204,0.0
25205,0.0
25206,0.0
25207,0.0
25208,0.0
25209,0.0
25210,0.0
25211,0.0
25212,0.0
25213,0.0
25214,0.0
25215,0.0
25216,0.0
25217,0.0
25218,0.0
25219,0.0
25220,0.0
25221,0.0
25222,0.0
25223,0.0
25224,0.0
25225,0.0
25226,0.0
25227,0.0
25228,0.0
25229,0.0
25230,0.0
25231,0.0
25232,0.0
25233,0.0
25234,0.0
25235,0.0
25236,0.0
25237,0.0
25238,0.0
25239,0.0
25240,0.0
25241,0.0
25242,0.0
25243,0.0
25244,0.0
25245,0.0
25246,0.0
25247,0.0
25248,0.0
25249,0.0
25250,0.0
25251,0.0
25252,0.0
25253,0.0
25254,0.0
25255,0.0
25256,0.0
25257,0.0
25258,0.0
25259,0.0
25260,0.0
25261,0.0
25262,0.0
25263,0.0
25264,0.0
25265,0.0
25266,0.0
25267,0.0
25268,0.0
25269,0.0
25270,0.0
25271,0.0
25272,0.0
25273,0.0
25274,0.0
25275,0.0
25276,0.0
25277,0.0
25278,0.0
25279,0.0
25280,0.0
25281,0.0
25282,0.0
25283,0.0
25284,0.0
25285,0.0
25286,0.0
25287,0.0
25288,0.0
25289,0.0
25290,0.0
25291,0.0
25292,0.0
25293,0.0
25294,0.0
25295,0.0
25296,0.0
25297,0.0
25298,0.0
25299,0.0
25300,0.0
25301,0.0
25302,0.0
25303,0.0
25304,0.0
25305,0.0
25306,0.0
25307,0.0
25308,0.0
25309,0.0
25310,0.0
25311,0.0
25312,0.0
25313,0.0
25314,0.0
25315,0.0
25316,0.0
25317,0.0
25318,0.0
25319,0.0
25320,0.0
25321,0.0
25322,0.0
25323,0.0
25324,0.0
25325,0.0
25326,0.0
25327,0.0
25328,0.0
25329,0.0
25330,0.0
25331,0.0
25332,0.0
25333,0.0
25334,0.0
25335,0.0
25336,0.0
25337,0.0
25338,0.0
25339,0.0
25340,0.0
25341,0.0
25342,0.0
25343,0.0
25344,0.0
25345,0.0
25346,0.0
25347,0.0
25348,0.0
25349,0.0
25350,0.0
25351,0.0
25352,0.0
25353,0.0
25354,0.0
25355,0.0
25356,0.0
25357,0.0
25358,0.0
25359,0.0
25360,0.0
25361,0.0
25362,0.0
25363,0.0
25364,0.0
25365,0.0
25366,0.0
25367,0.0
25368,0.0
25369,0.0
25370,0.0
25371,0.0
25372,0.0
25373,0.0
25374,0.0
25375,0.0
25376,0.0
25377,0.0
25378,0.0
25379,0.0
25380,0.0
25381,0.0
25382,0.0
25383,0.0
25384,0.0
25385,0.0
25386,0.0
25387,0.0
25388,0.0
25389,0.0
25390,0.0
25391,0.0
25392,0.0
25393,0.0
25394,0.0
25395,0.0
25396,0.0
25397,0.0
25398,0.0
25399,0.0
25400,0.0
25401,0.0
25402,0.0
25403,0.0
25404,0.0
25405,0.0
25406,0.0
25407,0.0
25408,0.0
25409,0.0
25410,0.0
25411,0.0
25412,0.0
25413,0.0
25414,0.0
25415,0.0
25416,0.0
25417,0.0
25418,0.0
25419,0.0
25420,0.0
25421,0.0
25422,0.0
25423,0.0
25424,0.0
25425,0.0
25426,0.0
25427,0.0
25428,0.0
25429,0.0
25430,0.0
25431,0.0
25432,0.0
25433,0.0
25434,0.0
25435,0.0
25436,0.0
25437,0.0
25438,0.0
25439,0.0
25440,0.0
25441,0.0
25442,0.0
25443,0.0
25444,0.0
25445,0.0
25446,0.0
25447,0.0
25448,0.0
25449,0.0
25450,0.0
25451,0.0
25452,0.0
25453,0.0
25454,0.0
25455,0.0
25456,0.0
25457,0.0
25458,0.0
25459,0.0
25460,0.0
25461,0.0
25462,0.0
25463,0.0
25464,0.0
25465,0.0
25466,0.0
25467,0.0
25468,0.0
25469,0.0
25470,0.0
25471,0.0
25472,0.0
25473,0.0
25474,0.0
25475,0.0
25476,0.0
25477,0.0
25478,0.0
25479,0.0
25480,0.0
25481,0.0
25482,0.0
25483,0.0
25484,0.0
25485,0.0
25486,0.0
25487,0.0
25488,0.0
25489,0.0
25490,0.0
25491,0.0
25492,0.0
25493,0.0
25494,0.0
25495,0.0
25496,0.0
25497,0.0
25498,0.0
25499,0.0
25500,0.0
25501,0.0
25502,0.0
25503,0.0
25504,0.0
25505,0.0
25506,0.0
25507,0.0
25508,0.0
25509,0.0
25510,0.0
25511,0.0
25512,0.0
25513,0.0
25514,0.0
25515,0.0
25516,0.0
25517,0.0
25518,0.0
25519,0.0
25520,0.0
25521,0.0
25522,0.0
25523,0.0
25524,0.0
25525,0.0
25526,0.0
25527,0.0
25528,0.0
25529,0.0
25530,0.0
25531,0.0
25532,0.0
25533,0.0
25534,0.0
25535,0.0
25536,0.0
25537,0.0
25538,0.0
25539,0.0
25540,0.0
25541,0.0
25542,0.0
25543,0.0
25544,0.0
25545,0.0
25546,0.0
25547,0.0
25548,0.0
25549,0.0
25550,0.0
25551,0.0
25552,0.0
25553,0.0
25554,0.0
25555,0.0
25556,0.0
25557,0.0
25558,0.0
25559,0.0
25560,0.0
25561,0.0
25562,0.0
25563,0.0
25564,0.0
25565,0.0
25566,0.0
25567,0.0
25568,0.0
25569,0.0
25570,0.0
25571,0.0
25572,0.0
25573,0.0
25574,0.0
25575,0.0
25576,0.0
25577,0.0
25578,0.0
25579,0.0
25580,0.0
25581,0.0
25582,0.0
25583,0.0
25584,0.0
25585,0.0
25586,0.0
25587,0.0
25588,0.0
25589,0.0
25590,0.0
25591,0.0
25592,0.0
25593,0.0
25594,0.0
25595,0.0
25596,0.0
25597,0.0
25598,0.0
25599,0.0
25600,0.0
25601,0.0
25602,0.0
25603,0.0
25604,0.0
25605,0.0
25606,0.0
25607,0.0
25608,0.0
25609,0.0
25610,0.0
25611,0.0
25612,0.0
25613,0.0
25614,0.0
25615,0.0
25616,0.0
25617,0.0
25618,0.0
25619,0.0
25620,0.0
25621,0.0
25622,0.0
25623,0.0
25624,0.0
25625,0.0
25626,0.0
25627,0.0
25628,0.0
25629,0.0
25630,0.0
25631,0.0
25632,0.0
25633,0.0
25634,0.0
25635,0.0
25636,0.0
25637,0.0
25638,0.0
25639,0.0
25640,0.0
25641,0.0
25642,0.0
25643,0.0
25644,0.0
25645,0.0
25646,0.0
25647,0.0
25648,0.0
25649,0.0
25650,0.0
25651,0.0
25652,0.0
25653,0.0
25654,0.0
25655,0.0
25656,0.0
25657,0.0
25658,0.0
25659,0.0
25660,0.0
25661,0.0
25662,0.0
25663,0.0
25664,0.0
25665,0.0
25666,0.0
25667,0.0
25668,0.0
25669,0.0
25670,0.0
25671,0.0
25672,0.0
25673,0.0
25674,0.0
25675,0.0
25676,0.0
25677,0.0
25678,0.0
25679,0.0
25680,0.0
25681,0.0
25682,0.0
25683,0.0
25684,0.0
25685,0.0
25686,0.0
25687,0.0
25688,0.0
25689,0.0
25690,0.0
25691,0.0
25692,0.0
25693,0.0
25694,0.0
25695,0.0
25696,0.0
25697,0.0
25698,0.0
25699,0.0
25700,0.0
25701,0.0
25702,0.0
25703,0.0
25704,0.0
25705,0.0
25706,0.0
25707,0.0
25708,0.0
25709,0.0
25710,0.0
25711,0.0
25712,0.0
25713,0.0
25714,0.0
25715,0.0
25716,0.0
25717,0.0
25718,0.0
25719,0.0
25720,0.0
25721,0.0
25722,0.0
25723,0.0
25724,0.0
25725,0.0
25726,0.0
25727,0.0
25728,0.0
25729,0.0
25730,0.0
25731,0.0
25732,0.0
25733,0.0
25734,0.0
25735,0.0
25736,0.0
25737,0.0
25738,0.0
25739,0.0
25740,0.0
25741,0.0
25742,0.0
25743,0.0
25744,0.0
25745,0.0
25746,0.0
25747,0.0
25748,0.0
25749,0.0
25750,0.0
25751,0.0
25752,0.0
25753,0.0
25754,0.0
25755,0.0
25756,0.0
25757,0.0
25758,0.0
25759,0.0
25760,0.0
25761,0.0
25762,0.0
25763,0.0
25764,0.0
25765,0.0
25766,0.0
25767,0.0
25768,0.0
25769,0.0
25770,0.0
25771,0.0
25772,0.0
25773,0.0
25774,0.0
25775,0.0
25776,0.0
25777,0.0
25778,0.0
25779,0.0
25780,0.0
25781,0.0
25782,0.0
25783,0.0
25784,0.0
25785,0.0
25786,0.0
25787,0.0
25788,0.0
25789,0.0
25790,0.0
25791,0.0
25792,0.0
25793,0.0
25794,0.0
25795,0.0
25796,0.0
25797,0.0
25798,0.0
25799,0.0
25800,0.0
25801,0.0
25802,0.0
25803,0.0
25804,0.0
25805,0.0
25806,0.0
25807,0.0
25808,0.0
25809,0.0
25810,0.0
25811,0.0
25812,0.0
25813,0.0
25814,0.0
25815,0.0
25816,0.0
25817,0.0
25818,0.0
25819,0.0
25820,0.0
25821,0.0
25822,0.0
25823,0.0
25824,0.0
25825,0.0
25826,0.0
25827,0.0
25828,0.0
25829,0.0
25830,0.0
25831,0.0
25832,0.0
25833,0.0
25834,0.0
25835,0.0
25836,0.0
25837,0.0
25838,0.0
25839,0.0
25840,0.0
25841,0.0
25842,0.0
25843,0.0
25844,0.0
25845,0.0
25846,0.0
25847,0.0
25848,0.0
25849,0.0
25850,0.0
25851,0.0
25852,0.0
25853,0.0
25854,0.0
25855,0.0
25856,0.0
25857,0.0
25858,0.0
25859,0.0
25860,0.0
25861,0.0
25862,0.0
25863,0.0
25864,0.0
25865,0.0
25866,0.0
25867,0.0
25868,0.0
25869,0.0
25870,0.0
25871,0.0
25872,0.0
25873,0.0
25874,0.0
25875,0.0
25876,0.0
25877,0.0
25878,0.0
25879,0.0
25880,0.0
25881,0.0
25882,0.0
25883,0.0
25884,0.0
25885,0.0
25886,0.0
25887,0.0
25888,0.0
25889,0.0
25890,0.0
25891,0.0
25892,0.0
25893,0.0
25894,0.0
25895,0.0
25896,0.0
25897,0.0
25898,0.0
25899,0.0
25900,0.0
25901,0.0
25902,0.0
25903,0.0
25904,0.0
25905,0.0
25906,0.0
25907,0.0
25908,0.0
25909,0.0
25910,0.0
25911,0.0
25912,0.0
25913,0.0
25914,0.0
25915,0.0
25916,0.0
25917,0.0
25918,0.0
25919,0.0
25920,0.0
25921,0.0
25922,0.0
25923,0.0
25924,0.0
25925,0.0
25926,0.0
25927,0.0
25928,0.0
25929,0.0
25930,0.0
25931,0.0
25932,0.0
25933,0.0
25934,0.0
25935,0.0
25936,0.0
25937,0.0
25938,0.0
25939,0.0
25940,0.0
25941,0.0
25942,0.0
25943,0.0
25944,0.0
25945,0.0
25946,0.0
25947,0.0
25948,0.0
25949,0.0
25950,0.0
25951,0.0
25952,0.0
25953,0.0
25954,0.0
25955,0.0
25956,0.0
25957,0.0
25958,0.0
25959,0.0
25960,0.0
25961,0.0
25962,0.0
25963,0.0
25964,0.0
25965,0.0
25966,0.0
25967,0.0
25968,0.0
25969,0.0
25970,0.0
25971,0.0
25972,0.0
25973,0.0
25974,0.0
25975,0.0
25976,0.0
25977,0.0
25978,0.0
25979,0.0
25980,0.0
25981,0.0
25982,0.0
25983,0.0
25984,0.0
25985,0.0
25986,0.0
25987,0.0
25988,0.0
25989,0.0
25990,0.0
25991,0.0
25992,0.0
25993,0.0
25994,0.0
25995,0.0
25996,0.0
25997,0.0
25998,0.0
25999,0.0
26000,0.0
26001,0.0
26002,0.0
26003,0.0
26004,0.0
26005,0.0
26006,0.0
26007,0.0
26008,0.0
26009,0.0
26010,0.0
26011,0.0
26012,0.0
26013,0.0
26014,0.0
26015,0.0
26016,0.0
26017,0.0
26018,0.0
26019,0.0
26020,0.0
26021,0.0
26022,0.0
26023,0.0
26024,0.0
26025,0.0
26026,0.0
26027,0.0
26028,0.0
26029,0.0
26030,0.0
26031,0.0
26032,0.0
26033,0.0
26034,0.0
26035,0.0
26036,0.0
26037,0.0
26038,0.0
26039,0.0
26040,0.0
26041,0.0
26042,0.0
26043,0.0
26044,0.0
26045,0.0
26046,0.0
26047,0.0
26048,0.0
26049,0.0
26050,0.0
26051,0.0
26052,0.0
26053,0.0
26054,0.0
26055,0.0
26056,0.0
26057,0.0
26058,0.0
26059,0.0
26060,0.0
26061,0.0
26062,0.0
26063,0.0
26064,0.0
26065,0.0
26066,0.0
26067,0.0
26068,0.0
26069,0.0
26070,0.0
26071,0.0
26072,0.0
26073,0.0
26074,0.0
26075,0.0
26076,0.0
26077,0.0
26078,0.0
26079,0.0
26080,0.0
26081,0.0
26082,0.0
26083,0.0
26084,0.0
26085,0.0
26086,0.0
26087,0.0
26088,0.0
26089,0.0
26090,0.0
26091,0.0
26092,0.0
26093,0.0
26094,0.0
26095,0.0
26096,0.0
26097,0.0
26098,0.0
26099,0.0
26100,0.0
26101,0.0
26102,0.0
26103,0.0
26104,0.0
26105,0.0
26106,0.0
26107,0.0
26108,0.0
26109,0.0
26110,0.0
26111,0.0
26112,0.0
26113,0.0
26114,0.0
26115,0.0
26116,0.0
26117,0.0
26118,0.0
26119,0.0
26120,0.0
26121,0.0
26122,0.0
26123,0.0
26124,0.0
26125,0.0
26126,0.0
26127,0.0
26128,0.0
26129,0.0
26130,0.0
26131,0.0
26132,0.0
26133,0.0
26134,0.0
26135,0.0
26136,0.0
26137,0.0
26138,0.0
26139,0.0
26140,0.0
26141,0.0
26142,0.0
26143,0.0
26144,0.0
26145,0.0
26146,0.0
26147,0.0
26148,0.0
26149,0.0
26150,0.0
26151,0.0
26152,0.0
26153,0.0
26154,0.0
26155,0.0
26156,0.0
26157,0.0
26158,0.0
26159,0.0
26160,0.0
26161,0.0
26162,0.0
26163,0.0
26164,0.0
26165,0.0
26166,0.0
26167,0.0
26168,0.0
26169,0.0
26170,0.0
26171,0.0
26172,0.0
26173,0.0
26174,0.0
26175,0.0
26176,0.0
26177,0.0
26178,0.0
26179,0.0
26180,0.0
26181,0.0
26182,0.0
26183,0.0
26184,0.0
26185,0.0
26186,0.0
26187,0.0
26188,0.0
26189,0.0
26190,0.0
26191,0.0
26192,0.0
26193,0.0
26194,0.0
26195,0.0
26196,0.0
26197,0.0
26198,0.0
26199,0.0
26200,0.0
26201,0.0
26202,0.0
26203,0.0
26204,0.0
26205,0.0
26206,0.0
26207,0.0
26208,0.0
26209,0.0
26210,0.0
26211,0.0
26212,0.0
26213,0.0
26214,0.0
26215,0.0
26216,0.0
26217,0.0
26218,0.0
26219,0.0
26220,0.0
26221,0.0
26222,0.0
26223,0.0
26224,0.0
26225,0.0
26226,0.0
26227,0.0
26228,0.0
26229,0.0
26230,0.0
26231,0.0
26232,0.0
26233,0.0
26234,0.0
26235,0.0
26236,0.0
26237,0.0
26238,0.0
26239,0.0
26240,0.0
26241,0.0
26242,0.0
26243,0.0
26244,0.0
26245,0.0
26246,0.0
26247,0.0
26248,0.0
26249,0.0
26250,0.0
26251,0.0
26252,0.0
26253,0.0
26254,0.0
26255,0.0
26256,0.0
26257,0.0
26258,0.0
26259,0.0
26260,0.0
26261,0.0
26262,0.0
26263,0.0
26264,0.0
26265,0.0
26266,0.0
26267,0.0
26268,0.0
26269,0.0
26270,0.0
26271,0.0
26272,0.0
26273,0.0
26274,0.0
26275,0.0
26276,0.0
26277,0.0
26278,0.0
26279,0.0
26280,0.0
26281,0.0
26282,0.0
26283,0.0
26284,0.0
26285,0.0
26286,0.0
26287,0.0
26288,0.0
26289,0.0
26290,0.0
26291,0.0
26292,0.0
26293,0.0
26294,0.0
26295,0.0
26296,0.0
26297,0.0
26298,0.0
26299,0.0
26300,0.0
26301,0.0
26302,0.0
26303,0.0
26304,0.0
26305,0.0
26306,0.0
26307,0.0
26308,0.0
26309,0.0
26310,0.0
26311,0.0
26312,0.0
26313,0.0
26314,0.0
26315,0.0
26316,0.0
26317,0.0
26318,0.0
26319,0.0
26320,0.0
26321,0.0
26322,0.0
26323,0.0
26324,0.0
26325,0.0
26326,0.0
26327,0.0
26328,0.0
26329,0.0
26330,0.0
26331,0.0
26332,0.0
26333,0.0
26334,0.0
26335,0.0
26336,0.0
26337,0.0
26338,0.0
26339,0.0
26340,0.0
26341,0.0
26342,0.0
26343,0.0
26344,0.0
26345,0.0
26346,0.0
26347,0.0
26348,0.0
26349,0.0
26350,0.0
26351,0.0
26352,0.0
26353,0.0
26354,0.0
26355,0.0
26356,0.0
26357,0.0
26358,0.0
26359,0.0
26360,0.0
26361,0.0
26362,0.0
26363,0.0
26364,0.0
26365,0.0
26366,0.0
26367,0.0
26368,0.0
26369,0.0
26370,0.0
26371,0.0
26372,0.0
26373,0.0
26374,0.0
26375,0.0
26376,0.0
26377,0.0
26378,0.0
26379,0.0
26380,0.0
26381,0.0
26382,0.0
26383,0.0
26384,0.0
26385,0.0
26386,0.0
26387,0.0
26388,0.0
26389,0.0
26390,0.0
26391,0.0
26392,0.0
26393,0.0
26394,0.0
26395,0.0
26396,0.0
26397,0.0
26398,0.0
26399,0.0
26400,0.0
26401,0.0
26402,0.0
26403,0.0
26404,0.0
26405,0.0
26406,0.0
26407,0.0
26408,0.0
26409,0.0
26410,0.0
26411,0.0
26412,0.0
26413,0.0
26414,0.0
26415,0.0
26416,0.0
26417,0.0
26418,0.0
26419,0.0
26420,0.0
26421,0.0
26422,0.0
26423,0.0
26424,0.0
26425,0.0
26426,0.0
26427,0.0
26428,0.0
26429,0.0
26430,0.0
26431,0.0
26432,0.0
26433,0.0
26434,0.0
26435,0.0
26436,0.0
26437,0.0
26438,0.0
26439,0.0
26440,0.0
26441,0.0
26442,0.0
26443,0.0
26444,0.0
26445,0.0
26446,0.0
26447,0.0
26448,0.0
26449,0.0
26450,0.0
26451,0.0
26452,0.0
26453,0.0
26454,0.0
26455,0.0
26456,0.0
26457,0.0
26458,0.0
26459,0.0
26460,0.0
26461,0.0
26462,0.0
26463,0.0
26464,0.0
26465,0.0
26466,0.0
26467,0.0
26468,0.0
26469,0.0
26470,0.0
26471,0.0
26472,0.0
26473,0.0
26474,0.0
26475,0.0
26476,0.0
26477,0.0
26478,0.0
26479,0.0
26480,0.0
26481,0.0
26482,0.0
26483,0.0
26484,0.0
26485,0.0
26486,0.0
26487,0.0
26488,0.0
26489,0.0
26490,0.0
26491,0.0
26492,0.0
26493,0.0
26494,0.0
26495,0.0
26496,0.0
26497,0.0
26498,0.0
26499,0.0
26500,0.0
26501,0.0
26502,0.0
26503,0.0
26504,0.0
26505,0.0
26506,0.0
26507,0.0
26508,0.0
26509,0.0
26510,0.0
26511,0.0
26512,0.0
26513,0.0
26514,0.0
26515,0.0
26516,0.0
26517,0.0
26518,0.0
26519,0.0
26520,0.0
26521,0.0
26522,0.0
26523,0.0
26524,0.0
26525,0.0
26526,0.0
26527,0.0
26528,0.0
26529,0.0
26530,0.0
26531,0.0
26532,0.0
26533,0.0
26534,0.0
26535,0.0
26536,0.0
26537,0.0
26538,0.0
26539,0.0
26540,0.0
26541,0.0
26542,0.0
26543,0.0
26544,0.0
26545,0.0
26546,0.0
26547,0.0
26548,0.0
26549,0.0
26550,0.0
26551,0.0
26552,0.0
26553,0.0
26554,0.0
26555,0.0
26556,0.0
26557,0.0
26558,0.0
26559,0.0
26560,0.0
26561,0.0
26562,0.0
26563,0.0
26564,0.0
26565,0.0
26566,0.0
26567,0.0
26568,0.0
26569,0.0
26570,0.0
26571,0.0
26572,0.0
26573,0.0
26574,0.0
26575,0.0
26576,0.0
26577,0.0
26578,0.0
26579,0.0
26580,0.0
26581,0.0
26582,0.0
26583,0.0
26584,0.0
26585,0.0
26586,0.0
26587,0.0
26588,0.0
26589,0.0
26590,0.0
26591,0.0
26592,0.0
26593,0.0
26594,0.0
26595,0.0
26596,0.0
26597,0.0
26598,0.0
26599,0.0
26600,0.0
26601,0.0
26602,0.0
26603,0.0
26604,0.0
26605,0.0
26606,0.0
26607,0.0
26608,0.0
26609,0.0
26610,0.0
26611,0.0
26612,0.0
26613,0.0
26614,0.0
26615,0.0
26616,0.0
26617,0.0
26618,0.0
26619,0.0
26620,0.0
26621,0.0
26622,0.0
26623,0.0
26624,0.0
26625,0.0
26626,0.0
26627,0.0
26628,0.0
26629,0.0
26630,0.0
26631,0.0
26632,0.0
26633,0.0
26634,0.0
26635,0.0
26636,0.0
26637,0.0
26638,0.0
26639,0.0
26640,0.0
26641,0.0
26642,0.0
26643,0.0
26644,0.0
26645,0.0
26646,0.0
26647,0.0
26648,0.0
26649,0.0
26650,0.0
26651,0.0
26652,0.0
26653,0.0
26654,0.0
26655,0.0
26656,0.0
26657,0.0
26658,0.0
26659,0.0
26660,0.0
26661,0.0
26662,0.0
26663,0.0
26664,0.0
26665,0.0
26666,0.0
26667,0.0
26668,0.0
26669,0.0
26670,0.0
26671,0.0
26672,0.0
26673,0.0
26674,0.0
26675,0.0
26676,0.0
26677,0.0
26678,0.0
26679,0.0
26680,0.0
26681,0.0
26682,0.0
26683,0.0
26684,0.0
26685,0.0
26686,0.0
26687,0.0
26688,0.0
26689,0.0
26690,0.0
26691,0.0
26692,0.0
26693,0.0
26694,0.0
26695,0.0
26696,0.0
26697,0.0
26698,0.0
26699,0.0
26700,0.0
26701,0.0
26702,0.0
26703,0.0
26704,0.0
26705,0.0
26706,0.0
26707,0.0
26708,0.0
26709,0.0
26710,0.0
26711,0.0
26712,0.0
26713,0.0
26714,0.0
26715,0.0
26716,0.0
26717,0.0
26718,0.0
26719,0.0
26720,0.0
26721,0.0
26722,0.0
26723,0.0
26724,0.0
26725,0.0
26726,0.0
26727,0.0
26728,0.0
26729,0.0
26730,0.0
26731,0.0
26732,0.0
26733,0.0
26734,0.0
26735,0.0
26736,0.0
26737,0.0
26738,0.0
26739,0.0
26740,0.0
26741,0.0
26742,0.0
26743,0.0
26744,0.0
26745,0.0
26746,0.0
26747,0.0
26748,0.0
26749,0.0
26750,0.0
26751,0.0
26752,0.0
26753,0.0
26754,0.0
26755,0.0
26756,0.0
26757,0.0
26758,0.0
26759,0.0
26760,0.0
26761,0.0
26762,0.0
26763,0.0
26764,0.0
26765,0.0
26766,0.0
26767,0.0
26768,0.0
26769,0.0
26770,0.0
26771,0.0
26772,0.0
26773,0.0
26774,0.0
26775,0.0
26776,0.0
26777,0.0
26778,0.0
26779,0.0
26780,0.0
26781,0.0
26782,0.0
26783,0.0
26784,0.0
26785,0.0
26786,0.0
26787,0.0
26788,0.0
26789,0.0
26790,0.0
26791,0.0
26792,0.0
26793,0.0
26794,0.0
26795,0.0
26796,0.0
26797,0.0
26798,0.0
26799,0.0
26800,0.0
26801,0.0
26802,0.0
26803,0.0
26804,0.0
26805,0.0
26806,0.0
26807,0.0
26808,0.0
26809,0.0
26810,0.0
26811,0.0
26812,0.0
26813,0.0
26814,0.0
26815,0.0
26816,0.0
26817,0.0
26818,0.0
26819,0.0
26820,0.0
26821,0.0
26822,0.0
26823,0.0
26824,0.0
26825,0.0
26826,0.0
26827,0.0
26828,0.0
26829,0.0
26830,0.0
26831,0.0
26832,0.0
26833,0.0
26834,0.0
26835,0.0
26836,0.0
26837,0.0
26838,0.0
26839,0.0
26840,0.0
26841,0.0
26842,0.0
26843,0.0
26844,0.0
26845,0.0
26846,0.0
26847,0.0
26848,0.0
26849,0.0
26850,0.0
26851,0.0
26852,0.0
26853,0.0
26854,0.0
26855,0.0
26856,0.0
26857,0.0
26858,0.0
26859,0.0
26860,0.0
26861,0.0
26862,0.0
26863,0.0
26864,0.0
26865,0.0
26866,0.0
26867,0.0
26868,0.0
26869,0.0
26870,0.0
26871,0.0
26872,0.0
26873,0.0
26874,0.0
26875,0.0
26876,0.0
26877,0.0
26878,0.0
26879,0.0
26880,0.0
26881,0.0
26882,0.0
26883,0.0
26884,0.0
26885,0.0
26886,0.0
26887,0.0
26888,0.0
26889,0.0
26890,0.0
26891,0.0
26892,0.0
26893,0.0
26894,0.0
26895,0.0
26896,0.0
26897,0.0
26898,0.0
26899,0.0
26900,0.0
26901,0.0
26902,0.0
26903,0.0
26904,0.0
26905,0.0
26906,0.0
26907,0.0
26908,0.0
26909,0.0
26910,0.0
26911,0.0
26912,0.0
26913,0.0
26914,0.0
26915,0.0
26916,0.0
26917,0.0
26918,0.0
26919,0.0
26920,0.0
26921,0.0
26922,0.0
26923,0.0
26924,0.0
26925,0.0
26926,0.0
26927,0.0
26928,0.0
26929,0.0
26930,0.0
26931,0.0
26932,0.0
26933,0.0
26934,0.0
26935,0.0
26936,0.0
26937,0.0
26938,0.0
26939,0.0
26940,0.0
26941,0.0
26942,0.0
26943,0.0
26944,0.0
26945,0.0
26946,0.0
26947,0.0
26948,0.0
26949,0.0
26950,0.0
26951,0.0
26952,0.0
26953,0.0
26954,0.0
26955,0.0
26956,0.0
26957,0.0
26958,0.0
26959,0.0
26960,0.0
26961,0.0
26962,0.0
26963,0.0
26964,0.0
26965,0.0
26966,0.0
26967,0.0
26968,0.0
26969,0.0
26970,0.0
26971,0.0
26972,0.0
26973,0.0
26974,0.0
26975,0.0
26976,0.0
26977,0.0
26978,0.0
26979,0.0
26980,0.0
26981,0.0
26982,0.0
26983,0.0
26984,0.0
26985,0.0
26986,0.0
26987,0.0
26988,0.0
26989,0.0
26990,0.0
26991,0.0
26992,0.0
26993,0.0
26994,0.0
26995,0.0
26996,0.0
26997,0.0
26998,0.0
26999,0.0
27000,0.0
27001,0.0
27002,0.0
27003,0.0
27004,0.0
27005,0.0
27006,0.0
27007,0.0
27008,0.0
27009,0.0
27010,0.0
27011,0.0
27012,0.0
27013,0.0
27014,0.0
27015,0.0
27016,0.0
27017,0.0
27018,0.0
27019,0.0
27020,0.0
27021,0.0
27022,0.0
27023,0.0
27024,0.0
27025,0.0
27026,0.0
27027,0.0
27028,0.0
27029,0.0
27030,0.0
27031,0.0
27032,0.0
27033,0.0
27034,0.0
27035,0.0
27036,0.0
27037,0.0
27038,0.0
27039,0.0
27040,0.0
27041,0.0
27042,0.0
27043,0.0
27044,0.0
27045,0.0
27046,0.0
27047,0.0
27048,0.0
27049,0.0
27050,0.0
27051,0.0
27052,0.0
27053,0.0
27054,0.0
27055,0.0
27056,0.0
27057,0.0
27058,0.0
27059,0.0
27060,0.0
27061,0.0
27062,0.0
27063,0.0
27064,0.0
27065,0.0
27066,0.0
27067,0.0
27068,0.0
27069,0.0
27070,0.0
27071,0.0
27072,0.0
27073,0.0
27074,0.0
27075,0.0
27076,0.0
27077,0.0
27078,0.0
27079,0.0
27080,0.0
27081,0.0
27082,0.0
27083,0.0
27084,0.0
27085,0.0
27086,0.0
27087,0.0
27088,0.0
27089,0.0
27090,0.0
27091,0.0
27092,0.0
27093,0.0
27094,0.0
27095,0.0
27096,0.0
27097,0.0
27098,0.0
27099,0.0
27100,0.0
27101,0.0
27102,0.0
27103,0.0
27104,0.0
27105,0.0
27106,0.0
27107,0.0
27108,0.0
27109,0.0
27110,0.0
27111,0.0
27112,0.0
27113,0.0
27114,0.0
27115,0.0
27116,0.0
27117,0.0
27118,0.0
27119,0.0
27120,0.0
27121,0.0
27122,0.0
27123,0.0
27124,0.0
27125,0.0
27126,0.0
27127,0.0
27128,0.0
27129,0.0
27130,0.0
27131,0.0
27132,0.0
27133,0.0
27134,0.0
27135,0.0
27136,0.0
27137,0.0
27138,0.0
27139,0.0
27140,0.0
27141,0.0
27142,0.0
27143,0.0
27144,0.0
27145,0.0
27146,0.0
27147,0.0
27148,0.0
27149,0.0
27150,0.0
27151,0.0
27152,0.0
27153,0.0
27154,0.0
27155,0.0
27156,0.0
27157,0.0
27158,0.0
27159,0.0
27160,0.0
27161,0.0
27162,0.0
27163,0.0
27164,0.0
27165,0.0
27166,0.0
27167,0.0
27168,0.0
27169,0.0
27170,0.0
27171,0.0
27172,0.0
27173,0.0
27174,0.0
27175,0.0
27176,0.0
27177,0.0
27178,0.0
27179,0.0
27180,0.0
27181,0.0
27182,0.0
27183,0.0
27184,0.0
27185,0.0
27186,0.0
27187,0.0
27188,0.0
27189,0.0
27190,0.0
27191,0.0
27192,0.0
27193,0.0
27194,0.0
27195,0.0
27196,0.0
27197,0.0
27198,0.0
27199,0.0
27200,0.0
27201,0.0
27202,0.0
27203,0.0
27204,0.0
27205,0.0
27206,0.0
27207,0.0
27208,0.0
27209,0.0
27210,0.0
27211,0.0
27212,0.0
27213,0.0
27214,0.0
27215,0.0
27216,0.0
27217,0.0
27218,0.0
27219,0.0
27220,0.0
27221,0.0
27222,0.0
27223,0.0
27224,0.0
27225,0.0
27226,0.0
27227,0.0
27228,0.0
27229,0.0
27230,0.0
27231,0.0
27232,0.0
27233,0.0
27234,0.0
27235,0.0
27236,0.0
27237,0.0
27238,0.0
27239,0.0
27240,0.0
27241,0.0
27242,0.0
27243,0.0
27244,0.0
27245,0.0
27246,0.0
27247,0.0
27248,0.0
27249,0.0
27250,0.0
27251,0.0
27252,0.0
27253,0.0
27254,0.0
27255,0.0
27256,0.0
27257,0.0
27258,0.0
27259,0.0
27260,0.0
27261,0.0
27262,0.0
27263,0.0
27264,0.0
27265,0.0
27266,0.0
27267,0.0
27268,0.0
27269,0.0
27270,0.0
27271,0.0
27272,0.0
27273,0.0
27274,0.0
27275,0.0
27276,0.0
27277,0.0
27278,0.0
27279,0.0
27280,0.0
27281,0.0
27282,0.0
27283,0.0
27284,0.0
27285,0.0
27286,0.0
27287,0.0
27288,0.0
27289,0.0
27290,0.0
27291,0.0
27292,0.0
27293,0.0
27294,0.0
27295,0.0
27296,0.0
27297,0.0
27298,0.0
27299,0.0
27300,0.0
27301,0.0
27302,0.0
27303,0.0
27304,0.0
27305,0.0
27306,0.0
27307,0.0
27308,0.0
27309,0.0
27310,0.0
27311,0.0
27312,0.0
27313,0.0
27314,0.0
27315,0.0
27316,0.0
27317,0.0
27318,0.0
27319,0.0
27320,0.0
27321,0.0
27322,0.0
27323,0.0
27324,0.0
27325,0.0
27326,0.0
27327,0.0
27328,0.0
27329,0.0
27330,0.0
27331,0.0
27332,0.0
27333,0.0
27334,0.0
27335,0.0
27336,0.0
27337,0.0
27338,0.0
27339,0.0
27340,0.0
27341,0.0
27342,0.0
27343,0.0
27344,0.0
27345,0.0
27346,0.0
27347,0.0
27348,0.0
27349,0.0
27350,0.0
27351,0.0
27352,0.0
27353,0.0
27354,0.0
27355,0.0
27356,0.0
27357,0.0
27358,0.0
27359,0.0
27360,0.0
27361,0.0
27362,0.0
27363,0.0
27364,0.0
27365,0.0
27366,0.0
27367,0.0
27368,0.0
27369,0.0
27370,0.0
27371,0.0
27372,0.0
27373,0.0
27374,0.0
27375,0.0
27376,0.0
27377,0.0
27378,0.0
27379,0.0
27380,0.0
27381,0.0
27382,0.0
27383,0.0
27384,0.0
27385,0.0
27386,0.0
27387,0.0
27388,0.0
27389,0.0
27390,0.0
27391,0.0
27392,0.0
27393,0.0
27394,0.0
27395,0.0
27396,0.0
27397,0.0
27398,0.0
27399,0.0
27400,0.0
27401,0.0
27402,0.0
27403,0.0
27404,0.0
27405,0.0
27406,0.0
27407,0.0
27408,0.0
27409,0.0
27410,0.0
27411,0.0
27412,0.0
27413,0.0
27414,0.0
27415,0.0
27416,0.0
27417,0.0
27418,0.0
27419,0.0
27420,0.0
27421,0.0
27422,0.0
27423,0.0
27424,0.0
27425,0.0
27426,0.0
27427,0.0
27428,0.0
27429,0.0
27430,0.0
27431,0.0
27432,0.0
27433,0.0
27434,0.0
27435,0.0
27436,0.0
27437,0.0
27438,0.0
27439,0.0
27440,0.0
27441,0.0
27442,0.0
27443,0.0
27444,0.0
27445,0.0
27446,0.0
27447,0.0
27448,0.0
27449,0.0
27450,0.0
27451,0.0
27452,0.0
27453,0.0
27454,0.0
27455,0.0
27456,0.0
27457,0.0
27458,0.0
27459,0.0
27460,0.0
27461,0.0
27462,0.0
27463,0.0
27464,0.0
27465,0.0
27466,0.0
27467,0.0
27468,0.0
27469,0.0
27470,0.0
27471,0.0
27472,0.0
27473,0.0
27474,0.0
27475,0.0
27476,0.0
27477,0.0
27478,0.0
27479,0.0
27480,0.0
27481,0.0
27482,0.0
27483,0.0
27484,0.0
27485,0.0
27486,0.0
27487,0.0
27488,0.0
27489,0.0
27490,0.0
27491,0.0
27492,0.0
27493,0.0
27494,0.0
27495,0.0
27496,0.0
27497,0.0
27498,0.0
27499,0.0
27500,0.0
27501,0.0
27502,0.0
27503,0.0
27504,0.0
27505,0.0
27506,0.0
27507,0.0
27508,0.0
27509,0.0
27510,0.0
27511,0.0
27512,0.0
27513,0.0
27514,0.0
27515,0.0
27516,0.0
27517,0.0
27518,0.0
27519,0.0
27520,0.0
27521,0.0
27522,0.0
27523,0.0
27524,0.0
27525,0.0
27526,0.0
27527,0.0
27528,0.0
27529,0.0
27530,0.0
27531,0.0
27532,0.0
27533,0.0
27534,0.0
27535,0.0
27536,0.0
27537,0.0
27538,0.0
27539,0.0
27540,0.0
27541,0.0
27542,0.0
27543,0.0
27544,0.0
27545,0.0
27546,0.0
27547,0.0
27548,0.0
27549,0.0
27550,0.0
27551,0.0
27552,0.0
27553,0.0
27554,0.0
27555,0.0
27556,0.0
27557,0.0
27558,0.0
27559,0.0
27560,0.0
27561,0.0
27562,0.0
27563,0.0
27564,0.0
27565,0.0
27566,0.0
27567,0.0
27568,0.0
27569,0.0
27570,0.0
27571,0.0
27572,0.0
27573,0.0
27574,0.0
27575,0.0
27576,0.0
27577,0.0
27578,0.0
27579,0.0
27580,0.0
27581,0.0
27582,0.0
27583,0.0
27584,0.0
27585,0.0
27586,0.0
27587,0.0
27588,0.0
27589,0.0
27590,0.0
27591,0.0
27592,0.0
27593,0.0
27594,0.0
27595,0.0
27596,0.0
27597,0.0
27598,0.0
27599,0.0
27600,0.0
27601,0.0
27602,0.0
27603,0.0
27604,0.0
27605,0.0
27606,0.0
27607,0.0
27608,0.0
27609,0.0
27610,0.0
27611,0.0
27612,0.0
27613,0.0
27614,0.0
27615,0.0
27616,0.0
27617,0.0
27618,0.0
27619,0.0
27620,0.0
27621,0.0
27622,0.0
27623,0.0
27624,0.0
27625,0.0
27626,0.0
27627,0.0
27628,0.0
27629,0.0
27630,0.0
27631,0.0
27632,0.0
27633,0.0
27634,0.0
27635,0.0
27636,0.0
27637,0.0
27638,0.0
27639,0.0
27640,0.0
27641,0.0
27642,0.0
27643,0.0
27644,0.0
27645,0.0
27646,0.0
27647,0.0
27648,0.0
27649,0.0
27650,0.0
27651,0.0
27652,0.0
27653,0.0
27654,0.0
27655,0.0
27656,0.0
27657,0.0
27658,0.0
27659,0.0
27660,0.0
27661,0.0
27662,0.0
27663,0.0
27664,0.0
27665,0.0
27666,0.0
27667,0.0
27668,0.0
27669,0.0
27670,0.0
27671,0.0
27672,0.0
27673,0.0
27674,0.0
27675,0.0
27676,0.0
27677,0.0
27678,0.0
27679,0.0
27680,0.0
27681,0.0
27682,0.0
27683,0.0
27684,0.0
27685,0.0
27686,0.0
27687,0.0
27688,0.0
27689,0.0
27690,0.0
27691,0.0
27692,0.0
27693,0.0
27694,0.0
27695,0.0
27696,0.0
27697,0.0
27698,0.0
27699,0.0
27700,0.0
27701,0.0
27702,0.0
27703,0.0
27704,0.0
27705,0.0
27706,0.0
27707,0.0
27708,0.0
27709,0.0
27710,0.0
27711,0.0
27712,0.0
27713,0.0
27714,0.0
27715,0.0
27716,0.0
27717,0.0
27718,0.0
27719,0.0
27720,0.0
27721,0.0
27722,0.0
27723,0.0
27724,0.0
27725,0.0
27726,0.0
27727,0.0
27728,0.0
27729,0.0
27730,0.0
27731,0.0
27732,0.0
27733,0.0
27734,0.0
27735,0.0
27736,0.0
27737,0.0
27738,0.0
27739,0.0
27740,0.0
27741,0.0
27742,0.0
27743,0.0
27744,0.0
27745,0.0
27746,0.0
27747,0.0
27748,0.0
27749,0.0
27750,0.0
27751,0.0
27752,0.0
27753,0.0
27754,0.0
27755,0.0
27756,0.0
27757,0.0
27758,0.0
27759,0.0
27760,0.0
27761,0.0
27762,0.0
27763,0.0
27764,0.0
27765,0.0
27766,0.0
27767,0.0
27768,0.0
27769,0.0
27770,0.0
27771,0.0
27772,0.0
27773,0.0
27774,0.0
27775,0.0
27776,0.0
27777,0.0
27778,0.0
27779,0.0
27780,0.0
27781,0.0
27782,0.0
27783,0.0
27784,0.0
27785,0.0
27786,0.0
27787,0.0
27788,0.0
27789,0.0
27790,0.0
27791,0.0
27792,0.0
27793,0.0
27794,0.0
27795,0.0
27796,0.0
27797,0.0
27798,0.0
27799,0.0
27800,0.0
27801,0.0
27802,0.0
27803,0.0
27804,0.0
27805,0.0
27806,0.0
27807,0.0
27808,0.0
27809,0.0
27810,0.0
27811,0.0
27812,0.0
27813,0.0
27814,0.0
27815,0.0
27816,0.0
27817,0.0
27818,0.0
27819,0.0
27820,0.0
27821,0.0
27822,0.0
27823,0.0
27824,0.0
27825,0.0
27826,0.0
27827,0.0
27828,0.0
27829,0.0
27830,0.0
27831,0.0
27832,0.0
27833,0.0
27834,0.0
27835,0.0
27836,0.0
27837,0.0
27838,0.0
27839,0.0
27840,0.0
27841,0.0
27842,0.0
27843,0.0
27844,0.0
27845,0.0
27846,0.0
27847,0.0
27848,0.0
27849,0.0
27850,0.0
27851,0.0
27852,0.0
27853,0.0
27854,0.0
27855,0.0
27856,0.0
27857,0.0
27858,0.0
27859,0.0
27860,0.0
27861,0.0
27862,0.0
27863,0.0
27864,0.0
27865,0.0
27866,0.0
27867,0.0
27868,0.0
27869,0.0
27870,0.0
27871,0.0
27872,0.0
27873,0.0
27874,0.0
27875,0.0
27876,0.0
27877,0.0
27878,0.0
27879,0.0
27880,0.0
27881,0.0
27882,0.0
27883,0.0
27884,0.0
27885,0.0
27886,0.0
27887,0.0
27888,0.0
27889,0.0
27890,0.0
27891,0.0
27892,0.0
27893,0.0
27894,0.0
27895,0.0
27896,0.0
27897,0.0
27898,0.0
27899,0.0
27900,0.0
27901,0.0
27902,0.0
27903,0.0
27904,0.0
27905,0.0
27906,0.0
27907,0.0
27908,0.0
27909,0.0
27910,0.0
27911,0.0
27912,0.0
27913,0.0
27914,0.0
27915,0.0
27916,0.0
27917,0.0
27918,0.0
27919,0.0
27920,0.0
27921,0.0
27922,0.0
27923,0.0
27924,0.0
27925,0.0
27926,0.0
27927,0.0
27928,0.0
27929,0.0
27930,0.0
27931,0.0
27932,0.0
27933,0.0
27934,0.0
27935,0.0
27936,0.0
27937,0.0
27938,0.0
27939,0.0
27940,0.0
27941,0.0
27942,0.0
27943,0.0
27944,0.0
27945,0.0
27946,0.0
27947,0.0
27948,0.0
27949,0.0
27950,0.0
27951,0.0
27952,0.0
27953,0.0
27954,0.0
27955,0.0
27956,0.0
27957,0.0
27958,0.0
27959,0.0
27960,0.0
27961,0.0
27962,0.0
27963,0.0
27964,0.0
27965,0.0
27966,0.0
27967,0.0
27968,0.0
27969,0.0
27970,0.0
27971,0.0
27972,0.0
27973,0.0
27974,0.0
27975,0.0
27976,0.0
27977,0.0
27978,0.0
27979,0.0
27980,0.0
27981,0.0
27982,0.0
27983,0.0
27984,0.0
27985,0.0
27986,0.0
27987,0.0
27988,0.0
27989,0.0
27990,0.0
27991,0.0
27992,0.0
27993,0.0
27994,0.0
27995,0.0
27996,0.0
27997,0.0
27998,0.0
27999,0.0
28000,0.0
28001,0.0
28002,0.0
28003,0.0
28004,0.0
28005,0.0
28006,0.0
28007,0.0
28008,0.0
28009,0.0
28010,0.0
28011,0.0
28012,0.0
28013,0.0
28014,0.0
28015,0.0
28016,0.0
28017,0.0
28018,0.0
28019,0.0
28020,0.0
28021,0.0
28022,0.0
28023,0.0
28024,0.0
28025,0.0
28026,0.0
28027,0.0
28028,0.0
28029,0.0
28030,0.0
28031,0.0
28032,0.0
28033,0.0
28034,0.0
28035,0.0
28036,0.0
28037,0.0
28038,0.0
28039,0.0
28040,0.0
28041,0.0
28042,0.0
28043,0.0
28044,0.0
28045,0.0
28046,0.0
28047,0.0
28048,0.0
28049,0.0
28050,0.0
28051,0.0
28052,0.0
28053,0.0
28054,0.0
28055,0.0
28056,0.0
28057,0.0
28058,0.0
28059,0.0
28060,0.0
28061,0.0
28062,0.0
28063,0.0
28064,0.0
28065,0.0
28066,0.0
28067,0.0
28068,0.0
28069,0.0
28070,0.0
28071,0.0
28072,0.0
28073,0.0
28074,0.0
28075,0.0
28076,0.0
28077,0.0
28078,0.0
28079,0.0
28080,0.0
28081,0.0
28082,0.0
28083,0.0
28084,0.0
28085,0.0
28086,0.0
28087,0.0
28088,0.0
28089,0.0
28090,0.0
28091,0.0
28092,0.0
28093,0.0
28094,0.0
28095,0.0
28096,0.0
28097,0.0
28098,0.0
28099,0.0
28100,0.0
28101,0.0
28102,0.0
28103,0.0
28104,0.0
28105,0.0
28106,0.0
28107,0.0
28108,0.0
28109,0.0
28110,0.0
28111,0.0
28112,0.0
28113,0.0
28114,0.0
28115,0.0
28116,0.0
28117,0.0
28118,0.0
28119,0.0
28120,0.0
28121,0.0
28122,0.0
28123,0.0
28124,0.0
28125,0.0
28126,0.0
28127,0.0
28128,0.0
28129,0.0
28130,0.0
28131,0.0
28132,0.0
28133,0.0
28134,0.0
28135,0.0
28136,0.0
28137,0.0
28138,0.0
28139,0.0
28140,0.0
28141,0.0
28142,0.0
28143,0.0
28144,0.0
28145,0.0
28146,0.0
28147,0.0
28148,0.0
28149,0.0
28150,0.0
28151,0.0
28152,0.0
28153,0.0
28154,0.0
28155,0.0
28156,0.0
28157,0.0
28158,0.0
28159,0.0
28160,0.0
28161,0.0
28162,0.0
28163,0.0
28164,0.0
28165,0.0
28166,0.0
28167,0.0
28168,0.0
28169,0.0
28170,0.0
28171,0.0
28172,0.0
28173,0.0
28174,0.0
28175,0.0
28176,0.0
28177,0.0
28178,0.0
28179,0.0
28180,0.0
28181,0.0
28182,0.0
28183,0.0
28184,0.0
28185,0.0
28186,0.0
28187,0.0
28188,0.0
28189,0.0
28190,0.0
28191,0.0
28192,0.0
28193,0.0
28194,0.0
28195,0.0
28196,0.0
28197,0.0
28198,0.0
28199,0.0
28200,0.0
28201,0.0
28202,0.0
28203,0.0
28204,0.0
28205,0.0
28206,0.0
28207,0.0
28208,0.0
28209,0.0
28210,0.0
28211,0.0
28212,0.0
28213,0.0
28214,0.0
28215,0.0
28216,0.0
28217,0.0
28218,0.0
28219,0.0
28220,0.0
28221,0.0
28222,0.0
28223,0.0
28224,0.0
28225,0.0
28226,0.0
28227,0.0
28228,0.0
28229,0.0
28230,0.0
28231,0.0
28232,0.0
28233,0.0
28234,0.0
28235,0.0
28236,0.0
28237,0.0
28238,0.0
28239,0.0
28240,0.0
28241,0.0
28242,0.0
28243,0.0
28244,0.0
28245,0.0
28246,0.0
28247,0.0
28248,0.0
28249,0.0
28250,0.0
28251,0.0
28252,0.0
28253,0.0
28254,0.0
28255,0.0
28256,0.0
28257,0.0
28258,0.0
28259,0.0
28260,0.0
28261,0.0
28262,0.0
28263,0.0
28264,0.0
28265,0.0
28266,0.0
28267,0.0
28268,0.0
28269,0.0
28270,0.0
28271,0.0
28272,0.0
28273,0.0
28274,0.0
28275,0.0
28276,0.0
28277,0.0
28278,0.0
28279,0.0
28280,0.0
28281,0.0
28282,0.0
28283,0.0
28284,0.0
28285,0.0
28286,0.0
28287,0.0
28288,0.0
28289,0.0
28290,0.0
28291,0.0
28292,0.0
28293,0.0
28294,0.0
28295,0.0
28296,0.0
28297,0.0
28298,0.0
28299,0.0
28300,0.0
28301,0.0
28302,0.0
28303,0.0
28304,0.0
28305,0.0
28306,0.0
28307,0.0
28308,0.0
28309,0.0
28310,0.0
28311,0.0
28312,0.0
28313,0.0
28314,0.0
28315,0.0
28316,0.0
28317,0.0
28318,0.0
28319,0.0
28320,0.0
28321,0.0
28322,0.0
28323,0.0
28324,0.0
28325,0.0
28326,0.0
28327,0.0
28328,0.0
28329,0.0
28330,0.0
28331,0.0
28332,0.0
28333,0.0
28334,0.0
28335,0.0
28336,0.0
28337,0.0
28338,0.0
28339,0.0
28340,0.0
28341,0.0
28342,0.0
28343,0.0
28344,0.0
28345,0.0
28346,0.0
28347,0.0
28348,0.0
28349,0.0
28350,0.0
28351,0.0
28352,0.0
28353,0.0
28354,0.0
28355,0.0
28356,0.0
28357,0.0
28358,0.0
28359,0.0
28360,0.0
28361,0.0
28362,0.0
28363,0.0
28364,0.0
28365,0.0
28366,0.0
28367,0.0
28368,0.0
28369,0.0
28370,0.0
28371,0.0
28372,0.0
28373,0.0
28374,0.0
28375,0.0
28376,0.0
28377,0.0
28378,0.0
28379,0.0
28380,0.0
28381,0.0
28382,0.0
28383,0.0
28384,0.0
28385,0.0
28386,0.0
28387,0.0
28388,0.0
28389,0.0
28390,0.0
28391,0.0
28392,0.0
28393,0.0
28394,0.0
28395,0.0
28396,0.0
28397,0.0
28398,0.0
28399,0.0
28400,0.0
28401,0.0
28402,0.0
28403,0.0
28404,0.0
28405,0.0
28406,0.0
28407,0.0
28408,0.0
28409,0.0
28410,0.0
28411,0.0
28412,0.0
28413,0.0
28414,0.0
28415,0.0
28416,0.0
28417,0.0
28418,0.0
28419,0.0
28420,0.0
28421,0.0
28422,0.0
28423,0.0
28424,0.0
28425,0.0
28426,0.0
28427,0.0
28428,0.0
28429,0.0
28430,0.0
28431,0.0
28432,0.0
28433,0.0
28434,0.0
28435,0.0
28436,0.0
28437,0.0
28438,0.0
28439,0.0
28440,0.0
28441,0.0
28442,0.0
28443,0.0
28444,0.0
28445,0.0
28446,0.0
28447,0.0
28448,0.0
28449,0.0
28450,0.0
28451,0.0
28452,0.0
28453,0.0
28454,0.0
28455,0.0
28456,0.0
28457,0.0
28458,0.0
28459,0.0
28460,0.0
28461,0.0
28462,0.0
28463,0.0
28464,0.0
28465,0.0
28466,0.0
28467,0.0
28468,0.0
28469,0.0
28470,0.0
28471,0.0
28472,0.0
28473,0.0
28474,0.0
28475,0.0
28476,0.0
28477,0.0
28478,0.0
28479,0.0
28480,0.0
28481,0.0
28482,0.0
28483,0.0
28484,0.0
28485,0.0
28486,0.0
28487,0.0
28488,0.0
28489,0.0
28490,0.0
28491,0.0
28492,0.0
28493,0.0
28494,0.0
28495,0.0
28496,0.0
28497,0.0
28498,0.0
28499,0.0
28500,0.0
28501,0.0
28502,0.0
28503,0.0
28504,0.0
28505,0.0
28506,0.0
28507,0.0
28508,0.0
28509,0.0
28510,0.0
28511,0.0
28512,0.0
28513,0.0
28514,0.0
28515,0.0
28516,0.0
28517,0.0
28518,0.0
28519,0.0
28520,0.0
28521,0.0
28522,0.0
28523,0.0
28524,0.0
28525,0.0
28526,0.0
28527,0.0
28528,0.0
28529,0.0
28530,0.0
28531,0.0
28532,0.0
28533,0.0
28534,0.0
28535,0.0
28536,0.0
28537,0.0
28538,0.0
28539,0.0
28540,0.0
28541,0.0
28542,0.0
28543,0.0
28544,0.0
28545,0.0
28546,0.0
28547,0.0
28548,0.0
28549,0.0
28550,0.0
28551,0.0
28552,0.0
28553,0.0
28554,0.0
28555,0.0
28556,0.0
28557,0.0
28558,0.0
28559,0.0
28560,0.0
28561,0.0
28562,0.0
28563,0.0
28564,0.0
28565,0.0
28566,0.0
28567,0.0
28568,0.0
28569,0.0
28570,0.0
28571,0.0
28572,0.0
28573,0.0
28574,0.0
28575,0.0
28576,0.0
28577,0.0
28578,0.0
28579,0.0
28580,0.0
28581,0.0
28582,0.0
28583,0.0
28584,0.0
28585,0.0
28586,0.0
28587,0.0
28588,0.0
28589,0.0
28590,0.0
28591,0.0
28592,0.0
28593,0.0
28594,0.0
28595,0.0
28596,0.0
28597,0.0
28598,0.0
28599,0.0
28600,0.0
28601,0.0
28602,0.0
28603,0.0
28604,0.0
28605,0.0
28606,0.0
28607,0.0
28608,0.0
28609,0.0
28610,0.0
28611,0.0
28612,0.0
28613,0.0
28614,0.0
28615,0.0
28616,0.0
28617,0.0
28618,0.0
28619,0.0
28620,0.0
28621,0.0
28622,0.0
28623,0.0
28624,0.0
28625,0.0
28626,0.0
28627,0.0
28628,0.0
28629,0.0
28630,0.0
28631,0.0
28632,0.0
28633,0.0
28634,0.0
28635,0.0
28636,0.0
28637,0.0
28638,0.0
28639,0.0
28640,0.0
28641,0.0
28642,0.0
28643,0.0
28644,0.0
28645,0.0
28646,0.0
28647,0.0
28648,0.0
28649,0.0
28650,0.0
28651,0.0
28652,0.0
28653,0.0
28654,0.0
28655,0.0
28656,0.0
28657,0.0
28658,0.0
28659,0.0
28660,0.0
28661,0.0
28662,0.0
28663,0.0
28664,0.0
28665,0.0
28666,0.0
28667,0.0
28668,0.0
28669,0.0
28670,0.0
28671,0.0
28672,0.0
28673,0.0
28674,0.0
28675,0.0
28676,0.0
28677,0.0
28678,0.0
28679,0.0
28680,0.0
28681,0.0
28682,0.0
28683,0.0
28684,0.0
28685,0.0
28686,0.0
28687,0.0
28688,0.0
28689,0.0
28690,0.0
28691,0.0
28692,0.0
28693,0.0
28694,0.0
28695,0.0
28696,0.0
28697,0.0
28698,0.0
28699,0.0
28700,0.0
28701,0.0
28702,0.0
28703,0.0
28704,0.0
28705,0.0
28706,0.0
28707,0.0
28708,0.0
28709,0.0
28710,0.0
28711,0.0
28712,0.0
28713,0.0
28714,0.0
28715,0.0
28716,0.0
28717,0.0
28718,0.0
28719,0.0
28720,0.0
28721,0.0
28722,0.0
28723,0.0
28724,0.0
28725,0.0
28726,0.0
28727,0.0
28728,0.0
28729,0.0
28730,0.0
28731,0.0
28732,0.0
28733,0.0
28734,0.0
28735,0.0
28736,0.0
28737,0.0
28738,0.0
28739,0.0
28740,0.0
28741,0.0
28742,0.0
28743,0.0
28744,0.0
28745,0.0
28746,0.0
28747,0.0
28748,0.0
28749,0.0
28750,0.0
28751,0.0
28752,0.0
28753,0.0
28754,0.0
28755,0.0
28756,0.0
28757,0.0
28758,0.0
28759,0.0
28760,0.0
28761,0.0
28762,0.0
28763,0.0
28764,0.0
28765,0.0
28766,0.0
28767,0.0
28768,0.0
28769,0.0
28770,0.0
28771,0.0
28772,0.0
28773,0.0
28774,0.0
28775,0.0
28776,0.0
28777,0.0
28778,0.0
28779,0.0
28780,0.0
28781,0.0
28782,0.0
28783,0.0
28784,0.0
28785,0.0
28786,0.0
28787,0.0
28788,0.0
28789,0.0
28790,0.0
28791,0.0
28792,0.0
28793,0.0
28794,0.0
28795,0.0
28796,0.0
28797,0.0
28798,0.0
28799,0.0
28800,0.0
28801,0.0
28802,0.0
28803,0.0
28804,0.0
28805,0.0
28806,0.0
28807,0.0
28808,0.0
28809,0.0
28810,0.0
28811,0.0
28812,0.0
28813,0.0
28814,0.0
28815,0.0
28816,0.0
28817,0.0
28818,0.0
28819,0.0
28820,0.0
28821,0.0
28822,0.0
28823,0.0
28824,0.0
28825,0.0
28826,0.0
28827,0.0
28828,0.0
28829,0.0
28830,0.0
28831,0.0
28832,0.0
28833,0.0
28834,0.0
28835,0.0
28836,0.0
28837,0.0
28838,0.0
28839,0.0
28840,0.0
28841,0.0
28842,0.0
28843,0.0
28844,0.0
28845,0.0
28846,0.0
28847,0.0
28848,0.0
28849,0.0
28850,0.0
28851,0.0
28852,0.0
28853,0.0
28854,0.0
28855,0.0
28856,0.0
28857,0.0
28858,0.0
28859,0.0
28860,0.0
28861,0.0
28862,0.0
28863,0.0
28864,0.0
28865,0.0
28866,0.0
28867,0.0
28868,0.0
28869,0.0
28870,0.0
28871,0.0
28872,0.0
28873,0.0
28874,0.0
28875,0.0
28876,0.0
28877,0.0
28878,0.0
28879,0.0
28880,0.0
28881,0.0
28882,0.0
28883,0.0
28884,0.0
28885,0.0
28886,0.0
28887,0.0
28888,0.0
28889,0.0
28890,0.0
28891,0.0
28892,0.0
28893,0.0
28894,0.0
28895,0.0
28896,0.0
28897,0.0
28898,0.0
28899,0.0
28900,0.0
28901,0.0
28902,0.0
28903,0.0
28904,0.0
28905,0.0
28906,0.0
28907,0.0
28908,0.0
28909,0.0
28910,0.0
28911,0.0
28912,0.0
28913,0.0
28914,0.0
28915,0.0
28916,0.0
28917,0.0
28918,0.0
28919,0.0
28920,0.0
28921,0.0
28922,0.0
28923,0.0
28924,0.0
28925,0.0
28926,0.0
28927,0.0
28928,0.0
28929,0.0
28930,0.0
28931,0.0
28932,0.0
28933,0.0
28934,0.0
28935,0.0
28936,0.0
28937,0.0
28938,0.0
28939,0.0
28940,0.0
28941,0.0
28942,0.0
28943,0.0
28944,0.0
28945,0.0
28946,0.0
28947,0.0
28948,0.0
28949,0.0
28950,0.0
28951,0.0
28952,0.0
28953,0.0
28954,0.0
28955,0.0
28956,0.0
28957,0.0
28958,0.0
28959,0.0
28960,0.0
28961,0.0
28962,0.0
28963,0.0
28964,0.0
28965,0.0
28966,0.0
28967,0.0
28968,0.0
28969,0.0
28970,0.0
28971,0.0
28972,0.0
28973,0.0
28974,0.0
28975,0.0
28976,0.0
28977,0.0
28978,0.0
28979,0.0
28980,0.0
28981,0.0
28982,0.0
28983,0.0
28984,0.0
28985,0.0
28986,0.0
28987,0.0
28988,0.0
28989,0.0
28990,0.0
28991,0.0
28992,0.0
28993,0.0
28994,0.0
28995,0.0
28996,0.0
28997,0.0
28998,0.0
28999,0.0
29000,0.0
29001,0.0
29002,0.0
29003,0.0
29004,0.0
29005,0.0
29006,0.0
29007,0.0
29008,0.0
29009,0.0
29010,0.0
29011,0.0
29012,0.0
29013,0.0
29014,0.0
29015,0.0
29016,0.0
29017,0.0
29018,0.0
29019,0.0
29020,0.0
29021,0.0
29022,0.0
29023,0.0
29024,0.0
29025,0.0
29026,0.0
29027,0.0
29028,0.0
29029,0.0
29030,0.0
29031,0.0
29032,0.0
29033,0.0
29034,0.0
29035,0.0
29036,0.0
29037,0.0
29038,0.0
29039,0.0
29040,0.0
29041,0.0
29042,0.0
29043,0.0
29044,0.0
29045,0.0
29046,0.0
29047,0.0
29048,0.0
29049,0.0
29050,0.0
29051,0.0
29052,0.0
29053,0.0
29054,0.0
29055,0.0
29056,0.0
29057,0.0
29058,0.0
29059,0.0
29060,0.0
29061,0.0
29062,0.0
29063,0.0
29064,0.0
29065,0.0
29066,0.0
29067,0.0
29068,0.0
29069,0.0
29070,0.0
29071,0.0
29072,0.0
29073,0.0
29074,0.0
29075,0.0
29076,0.0
29077,0.0
29078,0.0
29079,0.0
29080,0.0
29081,0.0
29082,0.0
29083,0.0
29084,0.0
29085,0.0
29086,0.0
29087,0.0
29088,0.0
29089,0.0
29090,0.0
29091,0.0
29092,0.0
29093,0.0
29094,0.0
29095,0.0
29096,0.0
29097,0.0
29098,0.0
29099,0.0
29100,0.0
29101,0.0
29102,0.0
29103,0.0
29104,0.0
29105,0.0
29106,0.0
29107,0.0
29108,0.0
29109,0.0
29110,0.0
29111,0.0
29112,0.0
29113,0.0
29114,0.0
29115,0.0
29116,0.0
29117,0.0
29118,0.0
29119,0.0
29120,0.0
29121,0.0
29122,0.0
29123,0.0
29124,0.0
29125,0.0
29126,0.0
29127,0.0
29128,0.0
29129,0.0
29130,0.0
29131,0.0
29132,0.0
29133,0.0
29134,0.0
29135,0.0
29136,0.0
29137,0.0
29138,0.0
29139,0.0
29140,0.0
29141,0.0
29142,0.0
29143,0.0
29144,0.0
29145,0.0
29146,0.0
29147,0.0
29148,0.0
29149,0.0
29150,0.0
29151,0.0
29152,0.0
29153,0.0
29154,0.0
29155,0.0
29156,0.0
29157,0.0
29158,0.0
29159,0.0
29160,0.0
29161,0.0
29162,0.0
29163,0.0
29164,0.0
29165,0.0
29166,0.0
29167,0.0
29168,0.0
29169,0.0
29170,0.0
29171,0.0
29172,0.0
29173,0.0
29174,0.0
29175,0.0
29176,0.0
29177,0.0
29178,0.0
29179,0.0
29180,0.0
29181,0.0
29182,0.0
29183,0.0
29184,0.0
29185,0.0
29186,0.0
29187,0.0
29188,0.0
29189,0.0
29190,0.0
29191,0.0
29192,0.0
29193,0.0
29194,0.0
29195,0.0
29196,0.0
29197,0.0
29198,0.0
29199,0.0
29200,0.0
29201,0.0
29202,0.0
29203,0.0
29204,0.0
29205,0.0
29206,0.0
29207,0.0
29208,0.0
29209,0.0
29210,0.0
29211,0.0
29212,0.0
29213,0.0
29214,0.0
29215,0.0
29216,0.0
29217,0.0
29218,0.0
29219,0.0
29220,0.0
29221,0.0
29222,0.0
29223,0.0
29224,0.0
29225,0.0
29226,0.0
29227,0.0
29228,0.0
29229,0.0
29230,0.0
29231,0.0
29232,0.0
29233,0.0
29234,0.0
29235,0.0
29236,0.0
29237,0.0
29238,0.0
29239,0.0
29240,0.0
29241,0.0
29242,0.0
29243,0.0
29244,0.0
29245,0.0
29246,0.0
29247,0.0
29248,0.0
29249,0.0
29250,0.0
29251,0.0
29252,0.0
29253,0.0
29254,0.0
29255,0.0
29256,0.0
29257,0.0
29258,0.0
29259,0.0
29260,0.0
29261,0.0
29262,0.0
29263,0.0
29264,0.0
29265,0.0
29266,0.0
29267,0.0
29268,0.0
29269,0.0
29270,0.0
29271,0.0
29272,0.0
29273,0.0
29274,0.0
29275,0.0
29276,0.0
29277,0.0
29278,0.0
29279,0.0
29280,0.0
29281,0.0
29282,0.0
29283,0.0
29284,0.0
29285,0.0
29286,0.0
29287,0.0
29288,0.0
29289,0.0
29290,0.0
29291,0.0
29292,0.0
29293,0.0
29294,0.0
29295,0.0
29296,0.0
29297,0.0
29298,0.0
29299,0.0
29300,0.0
29301,0.0
29302,0.0
29303,0.0
29304,0.0
29305,0.0
29306,0.0
29307,0.0
29308,0.0
29309,0.0
29310,0.0
29311,0.0
29312,0.0
29313,0.0
29314,0.0
29315,0.0
29316,0.0
29317,0.0
29318,0.0
29319,0.0
29320,0.0
29321,0.0
29322,0.0
29323,0.0
29324,0.0
29325,0.0
29326,0.0
29327,0.0
29328,0.0
29329,0.0
29330,0.0
29331,0.0
29332,0.0
29333,0.0
29334,0.0
29335,0.0
29336,0.0
29337,0.0
29338,0.0
29339,0.0
29340,0.0
29341,0.0
29342,0.0
29343,0.0
29344,0.0
29345,0.0
29346,0.0
29347,0.0
29348,0.0
29349,0.0
29350,0.0
29351,0.0
29352,0.0
29353,0.0
29354,0.0
29355,0.0
29356,0.0
29357,0.0
29358,0.0
29359,0.0
29360,0.0
29361,0.0
29362,0.0
29363,0.0
29364,0.0
29365,0.0
29366,0.0
29367,0.0
29368,0.0
29369,0.0
29370,0.0
29371,0.0
29372,0.0
29373,0.0
29374,0.0
29375,0.0
29376,0.0
29377,0.0
29378,0.0
29379,0.0
29380,0.0
29381,0.0
29382,0.0
29383,0.0
29384,0.0
29385,0.0
29386,0.0
29387,0.0
29388,0.0
29389,0.0
29390,0.0
29391,0.0
29392,0.0
29393,0.0
29394,0.0
29395,0.0
29396,0.0
29397,0.0
29398,0.0
29399,0.0
29400,0.0
29401,0.0
29402,0.0
29403,0.0
29404,0.0
29405,0.0
29406,0.0
29407,0.0
29408,0.0
29409,0.0
29410,0.0
29411,0.0
29412,0.0
29413,0.0
29414,0.0
29415,0.0
29416,0.0
29417,0.0
29418,0.0
29419,0.0
29420,0.0
29421,0.0
29422,0.0
29423,0.0
29424,0.0
29425,0.0
29426,0.0
29427,0.0
29428,0.0
29429,0.0
29430,0.0
29431,0.0
29432,0.0
29433,0.0
29434,0.0
29435,0.0
29436,0.0
29437,0.0
29438,0.0
29439,0.0
29440,0.0
29441,0.0
29442,0.0
29443,0.0
29444,0.0
29445,0.0
29446,0.0
29447,0.0
29448,0.0
29449,0.0
29450,0.0
29451,0.0
29452,0.0
29453,0.0
29454,0.0
29455,0.0
29456,0.0
29457,0.0
29458,0.0
29459,0.0
29460,0.0
29461,0.0
29462,0.0
29463,0.0
29464,0.0
29465,0.0
29466,0.0
29467,0.0
29468,0.0
29469,0.0
29470,0.0
29471,0.0
29472,0.0
29473,0.0
29474,0.0
29475,0.0
29476,0.0
29477,0.0
29478,0.0
29479,0.0
29480,0.0
29481,0.0
29482,0.0
29483,0.0
29484,0.0
29485,0.0
29486,0.0
29487,0.0
29488,0.0
29489,0.0
29490,0.0
29491,0.0
29492,0.0
29493,0.0
29494,0.0
29495,0.0
29496,0.0
29497,0.0
29498,0.0
29499,0.0
29500,0.0
29501,0.0
29502,0.0
29503,0.0
29504,0.0
29505,0.0
29506,0.0
29507,0.0
29508,0.0
29509,0.0
29510,0.0
29511,0.0
29512,0.0
29513,0.0
29514,0.0
29515,0.0
29516,0.0
29517,0.0
29518,0.0
29519,0.0
29520,0.0
29521,0.0
29522,0.0
29523,0.0
29524,0.0
29525,0.0
29526,0.0
29527,0.0
29528,0.0
29529,0.0
29530,0.0
29531,0.0
29532,0.0
29533,0.0
29534,0.0
29535,0.0
29536,0.0
29537,0.0
29538,0.0
29539,0.0
29540,0.0
29541,0.0
29542,0.0
29543,0.0
29544,0.0
29545,0.0
29546,0.0
29547,0.0
29548,0.0
29549,0.0
29550,0.0
29551,0.0
29552,0.0
29553,0.0
29554,0.0
29555,0.0
29556,0.0
29557,0.0
29558,0.0
29559,0.0
29560,0.0
29561,0.0
29562,0.0
29563,0.0
29564,0.0
29565,0.0
29566,0.0
29567,0.0
29568,0.0
29569,0.0
29570,0.0
29571,0.0
29572,0.0
29573,0.0
29574,0.0
29575,0.0
29576,0.0
29577,0.0
29578,0.0
29579,0.0
29580,0.0
29581,0.0
29582,0.0
29583,0.0
29584,0.0
29585,0.0
29586,0.0
29587,0.0
29588,0.0
29589,0.0
29590,0.0
29591,0.0
29592,0.0
29593,0.0
29594,0.0
29595,0.0
29596,0.0
29597,0.0
29598,0.0
29599,0.0
29600,0.0
29601,0.0
29602,0.0
29603,0.0
29604,0.0
29605,0.0
29606,0.0
29607,0.0
29608,0.0
29609,0.0
29610,0.0
29611,0.0
29612,0.0
29613,0.0
29614,0.0
29615,0.0
29616,0.0
29617,0.0
29618,0.0
29619,0.0
29620,0.0
29621,0.0
29622,0.0
29623,0.0
29624,0.0
29625,0.0
29626,0.0
29627,0.0
29628,0.0
29629,0.0
29630,0.0
29631,0.0
29632,0.0
29633,0.0
29634,0.0
29635,0.0
29636,0.0
29637,0.0
29638,0.0
29639,0.0
29640,0.0
29641,0.0
29642,0.0
29643,0.0
29644,0.0
29645,0.0
29646,0.0
29647,0.0
29648,0.0
29649,0.0
29650,0.0
29651,0.0
29652,0.0
29653,0.0
29654,0.0
29655,0.0
29656,0.0
29657,0.0
29658,0.0
29659,0.0
29660,0.0
29661,0.0
29662,0.0
29663,0.0
29664,0.0
29665,0.0
29666,0.0
29667,0.0
29668,0.0
29669,0.0
29670,0.0
29671,0.0
29672,0.0
29673,0.0
29674,0.0
29675,0.0
29676,0.0
29677,0.0
29678,0.0
29679,0.0
29680,0.0
29681,0.0
29682,0.0
29683,0.0
29684,0.0
29685,0.0
29686,0.0
29687,0.0
29688,0.0
29689,0.0
29690,0.0
29691,0.0
29692,0.0
29693,0.0
29694,0.0
29695,0.0
29696,0.0
29697,0.0
29698,0.0
29699,0.0
29700,0.0
29701,0.0
29702,0.0
29703,0.0
29704,0.0
29705,0.0
29706,0.0
29707,0.0
29708,0.0
29709,0.0
29710,0.0
29711,0.0
29712,0.0
29713,0.0
29714,0.0
29715,0.0
29716,0.0
29717,0.0
29718,0.0
29719,0.0
29720,0.0
29721,0.0
29722,0.0
29723,0.0
29724,0.0
29725,0.0
29726,0.0
29727,0.0
29728,0.0
29729,0.0
29730,0.0
29731,0.0
29732,0.0
29733,0.0
29734,0.0
29735,0.0
29736,0.0
29737,0.0
29738,0.0
29739,0.0
29740,0.0
29741,0.0
29742,0.0
29743,0.0
29744,0.0
29745,0.0
29746,0.0
29747,0.0
29748,0.0
29749,0.0
29750,0.0
29751,0.0
29752,0.0
29753,0.0
29754,0.0
29755,0.0
29756,0.0
29757,0.0
29758,0.0
29759,0.0
29760,0.0
29761,0.0
29762,0.0
29763,0.0
29764,0.0
29765,0.0
29766,0.0
29767,0.0
29768,0.0
29769,0.0
29770,0.0
29771,0.0
29772,0.0
29773,0.0
29774,0.0
29775,0.0
29776,0.0
29777,0.0
29778,0.0
29779,0.0
29780,0.0
29781,0.0
29782,0.0
29783,0.0
29784,0.0
29785,0.0
29786,0.0
29787,0.0
29788,0.0
29789,0.0
29790,0.0
29791,0.0
29792,0.0
29793,0.0
29794,0.0
29795,0.0
29796,0.0
29797,0.0
29798,0.0
29799,0.0
29800,0.0
29801,0.0
29802,0.0
29803,0.0
29804,0.0
29805,0.0
29806,0.0
29807,0.0
29808,0.0
29809,0.0
29810,0.0
29811,0.0
29812,0.0
29813,0.0
29814,0.0
29815,0.0
29816,0.0
29817,0.0
29818,0.0
29819,0.0
29820,0.0
29821,0.0
29822,0.0
29823,0.0
29824,0.0
29825,0.0
29826,0.0
29827,0.0
29828,0.0
29829,0.0
29830,0.0
29831,0.0
29832,0.0
29833,0.0
29834,0.0
29835,0.0
29836,0.0
29837,0.0
29838,0.0
29839,0.0
29840,0.0
29841,0.0
29842,0.0
29843,0.0
29844,0.0
29845,0.0
29846,0.0
29847,0.0
29848,0.0
29849,0.0
29850,0.0
29851,0.0
29852,0.0
29853,0.0
29854,0.0
29855,0.0
29856,0.0
29857,0.0
29858,0.0
29859,0.0
29860,0.0
29861,0.0
29862,0.0
29863,0.0
29864,0.0
29865,0.0
29866,0.0
29867,0.0
29868,0.0
29869,0.0
29870,0.0
29871,0.0
29872,0.0
29873,0.0
29874,0.0
29875,0.0
29876,0.0
29877,0.0
29878,0.0
29879,0.0
29880,0.0
29881,0.0
29882,0.0
29883,0.0
29884,0.0
29885,0.0
29886,0.0
29887,0.0
29888,0.0
29889,0.0
29890,0.0
29891,0.0
29892,0.0
29893,0.0
29894,0.0
29895,0.0
29896,0.0
29897,0.0
29898,0.0
29899,0.0
29900,0.0
29901,0.0
29902,0.0
29903,0.0
29904,0.0
29905,0.0
29906,0.0
29907,0.0
29908,0.0
29909,0.0
29910,0.0
29911,0.0
29912,0.0
29913,0.0
29914,0.0
29915,0.0
29916,0.0
29917,0.0
29918,0.0
29919,0.0
29920,0.0
29921,0.0
29922,0.0
29923,0.0
29924,0.0
29925,0.0
29926,0.0
29927,0.0
29928,0.0
29929,0.0
29930,0.0
29931,0.0
29932,0.0
29933,0.0
29934,0.0
29935,0.0
29936,0.0
29937,0.0
29938,0.0
29939,0.0
29940,0.0
29941,0.0
29942,0.0
29943,0.0
29944,0.0
29945,0.0
29946,0.0
29947,0.0
29948,0.0
29949,0.0
29950,0.0
29951,0.0
29952,0.0
29953,0.0
29954,0.0
29955,0.0
29956,0.0
29957,0.0
29958,0.0
29959,0.0
29960,0.0
29961,0.0
29962,0.0
29963,0.0
29964,0.0
29965,0.0
29966,0.0
29967,0.0
29968,0.0
29969,0.0
29970,0.0
29971,0.0
29972,0.0
29973,0.0
29974,0.0
29975,0.0
29976,0.0
29977,0.0
29978,0.0
29979,0.0
29980,0.0
29981,0.0
29982,0.0
29983,0.0
29984,0.0
29985,0.0
29986,0.0
29987,0.0
29988,0.0
29989,0.0
29990,0.0
29991,0.0
29992,0.0
29993,0.0
29994,0.0
29995,0.0
29996,0.0
29997,0.0
29998,0.0
29999,0.0
30000,0.0
30001,0.0
30002,0.0
30003,0.0
30004,0.0
30005,0.0
30006,0.0
30007,0.0
30008,0.0
30009,0.0
30010,0.0
30011,0.0
30012,0.0
30013,0.0
30014,0.0
30015,0.0
30016,0.0
30017,0.0
30018,0.0
30019,0.0
30020,0.0
30021,0.0
30022,0.0
30023,0.0
30024,0.0
30025,0.0
30026,0.0
30027,0.0
30028,0.0
30029,0.0
30030,0.0
30031,0.0
30032,0.0
30033,0.0
30034,0.0
30035,0.0
30036,0.0
30037,0.0
30038,0.0
30039,0.0
30040,0.0
30041,0.0
30042,0.0
30043,0.0
30044,0.0
30045,0.0
30046,0.0
30047,0.0
30048,0.0
30049,0.0
30050,0.0
30051,0.0
30052,0.0
30053,0.0
30054,0.0
30055,0.0
30056,0.0
30057,0.0
30058,0.0
30059,0.0
30060,0.0
30061,0.0
30062,0.0
30063,0.0
30064,0.0
30065,0.0
30066,0.0
30067,0.0
30068,0.0
30069,0.0
30070,0.0
30071,0.0
30072,0.0
30073,0.0
30074,0.0
30075,0.0
30076,0.0
30077,0.0
30078,0.0
30079,0.0
30080,0.0
30081,0.0
30082,0.0
30083,0.0
30084,0.0
30085,0.0
30086,0.0
30087,0.0
30088,0.0
30089,0.0
30090,0.0
30091,0.0
30092,0.0
30093,0.0
30094,0.0
30095,0.0
30096,0.0
30097,0.0
30098,0.0
30099,0.0
30100,0.0
30101,0.0
30102,0.0
30103,0.0
30104,0.0
30105,0.0
30106,0.0
30107,0.0
30108,0.0
30109,0.0
30110,0.0
30111,0.0
30112,0.0
30113,0.0
30114,0.0
30115,0.0
30116,0.0
30117,0.0
30118,0.0
30119,0.0
30120,0.0
30121,0.0
30122,0.0
30123,0.0
30124,0.0
30125,0.0
30126,0.0
30127,0.0
30128,0.0
30129,0.0
30130,0.0
30131,0.0
30132,0.0
30133,0.0
30134,0.0
30135,0.0
30136,0.0
30137,0.0
30138,0.0
30139,0.0
30140,0.0
30141,0.0
30142,0.0
30143,0.0
30144,0.0
30145,0.0
30146,0.0
30147,0.0
30148,0.0
30149,0.0
30150,0.0
30151,0.0
30152,0.0
30153,0.0
30154,0.0
30155,0.0
30156,0.0
30157,0.0
30158,0.0
30159,0.0
30160,0.0
30161,0.0
30162,0.0
30163,0.0
30164,0.0
30165,0.0
30166,0.0
30167,0.0
30168,0.0
30169,0.0
30170,0.0
30171,0.0
30172,0.0
30173,0.0
30174,0.0
30175,0.0
30176,0.0
30177,0.0
30178,0.0
30179,0.0
30180,0.0
30181,0.0
30182,0.0
30183,0.0
30184,0.0
30185,0.0
30186,0.0
30187,0.0
30188,0.0
30189,0.0
30190,0.0
30191,0.0
30192,0.0
30193,0.0
30194,0.0
30195,0.0
30196,0.0
30197,0.0
30198,0.0
30199,0.0
30200,0.0
30201,0.0
30202,0.0
30203,0.0
30204,0.0
30205,0.0
30206,0.0
30207,0.0
30208,0.0
30209,0.0
30210,0.0
30211,0.0
30212,0.0
30213,0.0
30214,0.0
30215,0.0
30216,0.0
30217,0.0
30218,0.0
30219,0.0
30220,0.0
30221,0.0
30222,0.0
30223,0.0
30224,0.0
30225,0.0
30226,0.0
30227,0.0
30228,0.0
30229,0.0
30230,0.0
30231,0.0
30232,0.0
30233,0.0
30234,0.0
30235,0.0
30236,0.0
30237,0.0
30238,0.0
30239,0.0
30240,0.0
30241,0.0
30242,0.0
30243,0.0
30244,0.0
30245,0.0
30246,0.0
30247,0.0
30248,0.0
30249,0.0
30250,0.0
30251,0.0
30252,0.0
30253,0.0
30254,0.0
30255,0.0
30256,0.0
30257,0.0
30258,0.0
30259,0.0
30260,0.0
30261,0.0
30262,0.0
30263,0.0
30264,0.0
30265,0.0
30266,0.0
30267,0.0
30268,0.0
30269,0.0
30270,0.0
30271,0.0
30272,0.0
30273,0.0
30274,0.0
30275,0.0
30276,0.0
30277,0.0
30278,0.0
30279,0.0
30280,0.0
30281,0.0
30282,0.0
30283,0.0
30284,0.0
30285,0.0
30286,0.0
30287,0.0
30288,0.0
30289,0.0
30290,0.0
30291,0.0
30292,0.0
30293,0.0
30294,0.0
30295,0.0
30296,0.0
30297,0.0
30298,0.0
30299,0.0
30300,0.0
30301,0.0
30302,0.0
30303,0.0
30304,0.0
30305,0.0
30306,0.0
30307,0.0
30308,0.0
30309,0.0
30310,0.0
30311,0.0
30312,0.0
30313,0.0
30314,0.0
30315,0.0
30316,0.0
30317,0.0
30318,0.0
30319,0.0
30320,0.0
30321,0.0
30322,0.0
30323,0.0
30324,0.0
30325,0.0
30326,0.0
30327,0.0
30328,0.0
30329,0.0
30330,0.0
30331,0.0
30332,0.0
30333,0.0
30334,0.0
30335,0.0
30336,0.0
30337,0.0
30338,0.0
30339,0.0
30340,0.0
30341,0.0
30342,0.0
30343,0.0
30344,0.0
30345,0.0
30346,0.0
30347,0.0
30348,0.0
30349,0.0
30350,0.0
30351,0.0
30352,0.0
30353,0.0
30354,0.0
30355,0.0
30356,0.0
30357,0.0
30358,0.0
30359,0.0
30360,0.0
30361,0.0
30362,0.0
30363,0.0
30364,0.0
30365,0.0
30366,0.0
30367,0.0
30368,0.0
30369,0.0
30370,0.0
30371,0.0
30372,0.0
30373,0.0
30374,0.0
30375,0.0
30376,0.0
30377,0.0
30378,0.0
30379,0.0
30380,0.0
30381,0.0
30382,0.0
30383,0.0
30384,0.0
30385,0.0
30386,0.0
30387,0.0
30388,0.0
30389,0.0
30390,0.0
30391,0.0
30392,0.0
30393,0.0
30394,0.0
30395,0.0
30396,0.0
30397,0.0
30398,0.0
30399,0.0
30400,0.0
30401,0.0
30402,0.0
30403,0.0
30404,0.0
30405,0.0
30406,0.0
30407,0.0
30408,0.0
30409,0.0
30410,0.0
30411,0.0
30412,0.0
30413,0.0
30414,0.0
30415,0.0
30416,0.0
30417,0.0
30418,0.0
30419,0.0
30420,0.0
30421,0.0
30422,0.0
30423,0.0
30424,0.0
30425,0.0
30426,0.0
30427,0.0
30428,0.0
30429,0.0
30430,0.0
30431,0.0
30432,0.0
30433,0.0
30434,0.0
30435,0.0
30436,0.0
30437,0.0
30438,0.0
30439,0.0
30440,0.0
30441,0.0
30442,0.0
30443,0.0
30444,0.0
30445,0.0
30446,0.0
30447,0.0
30448,0.0
30449,0.0
30450,0.0
30451,0.0
30452,0.0
30453,0.0
30454,0.0
30455,0.0
30456,0.0
30457,0.0
30458,0.0
30459,0.0
30460,0.0
30461,0.0
30462,0.0
30463,0.0
30464,0.0
30465,0.0
30466,0.0
30467,0.0
30468,0.0
30469,0.0
30470,0.0
30471,0.0
30472,0.0
30473,0.0
30474,0.0
30475,0.0
30476,0.0
30477,0.0
30478,0.0
30479,0.0
30480,0.0
30481,0.0
30482,0.0
30483,0.0
30484,0.0
30485,0.0
30486,0.0
30487,0.0
30488,0.0
30489,0.0
30490,0.0
30491,0.0
30492,0.0
30493,0.0
30494,0.0
30495,0.0
30496,0.0
30497,0.0
30498,0.0
30499,0.0
30500,0.0
30501,0.0
30502,0.0
30503,0.0
30504,0.0
30505,0.0
30506,0.0
30507,0.0
30508,0.0
30509,0.0
30510,0.0
30511,0.0
30512,0.0
30513,0.0
30514,0.0
30515,0.0
30516,0.0
30517,0.0
30518,0.0
30519,0.0
30520,0.0
30521,0.0
30522,0.0
30523,0.0
30524,0.0
30525,0.0
30526,0.0
30527,0.0
30528,0.0
30529,0.0
30530,0.0
30531,0.0
30532,0.0
30533,0.0
30534,0.0
30535,0.0
30536,0.0
30537,0.0
30538,0.0
30539,0.0
30540,0.0
30541,0.0
30542,0.0
30543,0.0
30544,0.0
30545,0.0
30546,0.0
30547,0.0
30548,0.0
30549,0.0
30550,0.0
30551,0.0
30552,0.0
30553,0.0
30554,0.0
30555,0.0
30556,0.0
30557,0.0
30558,0.0
30559,0.0
30560,0.0
30561,0.0
30562,0.0
30563,0.0
30564,0.0
30565,0.0
30566,0.0
30567,0.0
30568,0.0
30569,0.0
30570,0.0
30571,0.0
30572,0.0
30573,0.0
30574,0.0
30575,0.0
30576,0.0
30577,0.0
30578,0.0
30579,0.0
30580,0.0
30581,0.0
30582,0.0
30583,0.0
30584,0.0
30585,0.0
30586,0.0
30587,0.0
30588,0.0
30589,0.0
30590,0.0
30591,0.0
30592,0.0
30593,0.0
30594,0.0
30595,0.0
30596,0.0
30597,0.0
30598,0.0
30599,0.0
30600,0.0
30601,0.0
30602,0.0
30603,0.0
30604,0.0
30605,0.0
30606,0.0
30607,0.0
30608,0.0
30609,0.0
30610,0.0
30611,0.0
30612,0.0
30613,0.0
30614,0.0
30615,0.0
30616,0.0
30617,0.0
30618,0.0
30619,0.0
30620,0.0
30621,0.0
30622,0.0
30623,0.0
30624,0.0
30625,0.0
30626,0.0
30627,0.0
30628,0.0
30629,0.0
30630,0.0
30631,0.0
30632,0.0
30633,0.0
30634,0.0
30635,0.0
30636,0.0
30637,0.0
30638,0.0
30639,0.0
30640,0.0
30641,0.0
30642,0.0
30643,0.0
30644,0.0
30645,0.0
30646,0.0
30647,0.0
30648,0.0
30649,0.0
30650,0.0
30651,0.0
30652,0.0
30653,0.0
30654,0.0
30655,0.0
30656,0.0
30657,0.0
30658,0.0
30659,0.0
30660,0.0
30661,0.0
30662,0.0
30663,0.0
30664,0.0
30665,0.0
30666,0.0
30667,0.0
30668,0.0
30669,0.0
30670,0.0
30671,0.0
30672,0.0
30673,0.0
30674,0.0
30675,0.0
30676,0.0
30677,0.0
30678,0.0
30679,0.0
30680,0.0
30681,0.0
30682,0.0
30683,0.0
30684,0.0
30685,0.0
30686,0.0
30687,0.0
30688,0.0
30689,0.0
30690,0.0
30691,0.0
30692,0.0
30693,0.0
30694,0.0
30695,0.0
30696,0.0
30697,0.0
30698,0.0
30699,0.0
30700,0.0
30701,0.0
30702,0.0
30703,0.0
30704,0.0
30705,0.0
30706,0.0
30707,0.0
30708,0.0
30709,0.0
30710,0.0
30711,0.0
30712,0.0
30713,0.0
30714,0.0
30715,0.0
30716,0.0
30717,0.0
30718,0.0
30719,0.0
30720,0.0
30721,0.0
30722,0.0
30723,0.0
30724,0.0
30725,0.0
30726,0.0
30727,0.0
30728,0.0
30729,0.0
30730,0.0
30731,0.0
30732,0.0
30733,0.0
30734,0.0
30735,0.0
30736,0.0
30737,0.0
30738,0.0
30739,0.0
30740,0.0
30741,0.0
30742,0.0
30743,0.0
30744,0.0
30745,0.0
30746,0.0
30747,0.0
30748,0.0
30749,0.0
30750,0.0
30751,0.0
30752,0.0
30753,0.0
30754,0.0
30755,0.0
30756,0.0
30757,0.0
30758,0.0
30759,0.0
30760,0.0
30761,0.0
30762,0.0
30763,0.0
30764,0.0
30765,0.0
30766,0.0
30767,0.0
30768,0.0
30769,0.0
30770,0.0
30771,0.0
30772,0.0
30773,0.0
30774,0.0
30775,0.0
30776,0.0
30777,0.0
30778,0.0
30779,0.0
30780,0.0
30781,0.0
30782,0.0
30783,0.0
30784,0.0
30785,0.0
30786,0.0
30787,0.0
30788,0.0
30789,0.0
30790,0.0
30791,0.0
30792,0.0
30793,0.0
30794,0.0
30795,0.0
30796,0.0
30797,0.0
30798,0.0
30799,0.0
30800,0.0
30801,0.0
30802,0.0
30803,0.0
30804,0.0
30805,0.0
30806,0.0
30807,0.0
30808,0.0
30809,0.0
30810,0.0
30811,0.0
30812,0.0
30813,0.0
30814,0.0
30815,0.0
30816,0.0
30817,0.0
30818,0.0
30819,0.0
30820,0.0
30821,0.0
30822,0.0
30823,0.0
30824,0.0
30825,0.0
30826,0.0
30827,0.0
30828,0.0
30829,0.0
30830,0.0
30831,0.0
30832,0.0
30833,0.0
30834,0.0
30835,0.0
30836,0.0
30837,0.0
30838,0.0
30839,0.0
30840,0.0
30841,0.0
30842,0.0
30843,0.0
30844,0.0
30845,0.0
30846,0.0
30847,0.0
30848,0.0
30849,0.0
30850,0.0
30851,0.0
30852,0.0
30853,0.0
30854,0.0
30855,0.0
30856,0.0
30857,0.0
30858,0.0
30859,0.0
30860,0.0
30861,0.0
30862,0.0
30863,0.0
30864,0.0
30865,0.0
30866,0.0
30867,0.0
30868,0.0
30869,0.0
30870,0.0
30871,0.0
30872,0.0
30873,0.0
30874,0.0
30875,0.0
30876,0.0
30877,0.0
30878,0.0
30879,0.0
30880,0.0
30881,0.0
30882,0.0
30883,0.0
30884,0.0
30885,0.0
30886,0.0
30887,0.0
30888,0.0
30889,0.0
30890,0.0
30891,0.0
30892,0.0
30893,0.0
30894,0.0
30895,0.0
30896,0.0
30897,0.0
30898,0.0
30899,0.0
30900,0.0
30901,0.0
30902,0.0
30903,0.0
30904,0.0
30905,0.0
30906,0.0
30907,0.0
30908,0.0
30909,0.0
30910,0.0
30911,0.0
30912,0.0
30913,0.0
30914,0.0
30915,0.0
30916,0.0
30917,0.0
30918,0.0
30919,0.0
30920,0.0
30921,0.0
30922,0.0
30923,0.0
30924,0.0
30925,0.0
30926,0.0
30927,0.0
30928,0.0
30929,0.0
30930,0.0
30931,0.0
30932,0.0
30933,0.0
30934,0.0
30935,0.0
30936,0.0
30937,0.0
30938,0.0
30939,0.0
30940,0.0
30941,0.0
30942,0.0
30943,0.0
30944,0.0
30945,0.0
30946,0.0
30947,0.0
30948,0.0
30949,0.0
30950,0.0
30951,0.0
30952,0.0
30953,0.0
30954,0.0
30955,0.0
30956,0.0
30957,0.0
30958,0.0
30959,0.0
30960,0.0
30961,0.0
30962,0.0
30963,0.0
30964,0.0
30965,0.0
30966,0.0
30967,0.0
30968,0.0
30969,0.0
30970,0.0
30971,0.0
30972,0.0
30973,0.0
30974,0.0
30975,0.0
30976,0.0
30977,0.0
30978,0.0
30979,0.0
30980,0.0
30981,0.0
30982,0.0
30983,0.0
30984,0.0
30985,0.0
30986,0.0
30987,0.0
30988,0.0
30989,0.0
30990,0.0
30991,0.0
30992,0.0
30993,0.0
30994,0.0
30995,0.0
30996,0.0
30997,0.0
30998,0.0
30999,0.0
31000,0.0
31001,0.0
31002,0.0
31003,0.0
31004,0.0
31005,0.0
31006,0.0
31007,0.0
31008,0.0
31009,0.0
31010,0.0
31011,0.0
31012,0.0
31013,0.0
31014,0.0
31015,0.0
31016,0.0
31017,0.0
31018,0.0
31019,0.0
31020,0.0
31021,0.0
31022,0.0
31023,0.0
31024,0.0
31025,0.0
31026,0.0
31027,0.0
31028,0.0
31029,0.0
31030,0.0
31031,0.0
31032,0.0
31033,0.0
31034,0.0
31035,0.0
31036,0.0
31037,0.0
31038,0.0
31039,0.0
31040,0.0
31041,0.0
31042,0.0
31043,0.0
31044,0.0
31045,0.0
31046,0.0
31047,0.0
31048,0.0
31049,0.0
31050,0.0
31051,0.0
31052,0.0
31053,0.0
31054,0.0
31055,0.0
31056,0.0
31057,0.0
31058,0.0
31059,0.0
31060,0.0
31061,0.0
31062,0.0
31063,0.0
31064,0.0
31065,0.0
31066,0.0
31067,0.0
31068,0.0
31069,0.0
31070,0.0
31071,0.0
31072,0.0
31073,0.0
31074,0.0
31075,0.0
31076,0.0
31077,0.0
31078,0.0
31079,0.0
31080,0.0
31081,0.0
31082,0.0
31083,0.0
31084,0.0
31085,0.0
31086,0.0
31087,0.0
31088,0.0
31089,0.0
31090,0.0
31091,0.0
31092,0.0
31093,0.0
31094,0.0
31095,0.0
31096,0.0
31097,0.0
31098,0.0
31099,0.0
31100,0.0
31101,0.0
31102,0.0
31103,0.0
31104,0.0
31105,0.0
31106,0.0
31107,0.0
31108,0.0
31109,0.0
31110,0.0
31111,0.0
31112,0.0
31113,0.0
31114,0.0
31115,0.0
31116,0.0
31117,0.0
31118,0.0
31119,0.0
31120,0.0
31121,0.0
31122,0.0
31123,0.0
31124,0.0
31125,0.0
31126,0.0
31127,0.0
31128,0.0
31129,0.0
31130,0.0
31131,0.0
31132,0.0
31133,0.0
31134,0.0
31135,0.0
31136,0.0
31137,0.0
31138,0.0
31139,0.0
31140,0.0
31141,0.0
31142,0.0
31143,0.0
31144,0.0
31145,0.0
31146,0.0
31147,0.0
31148,0.0
31149,0.0
31150,0.0
31151,0.0
31152,0.0
31153,0.0
31154,0.0
31155,0.0
31156,0.0
31157,0.0
31158,0.0
31159,0.0
31160,0.0
31161,0.0
31162,0.0
31163,0.0
31164,0.0
31165,0.0
31166,0.0
31167,0.0
31168,0.0
31169,0.0
31170,0.0
31171,0.0
31172,0.0
31173,0.0
31174,0.0
31175,0.0
31176,0.0
31177,0.0
31178,0.0
31179,0.0
31180,0.0
31181,0.0
31182,0.0
31183,0.0
31184,0.0
31185,0.0
31186,0.0
31187,0.0
31188,0.0
31189,0.0
31190,0.0
31191,0.0
31192,0.0
31193,0.0
31194,0.0
31195,0.0
31196,0.0
31197,0.0
31198,0.0
31199,0.0
31200,0.0
31201,0.0
31202,0.0
31203,0.0
31204,0.0
31205,0.0
31206,0.0
31207,0.0
31208,0.0
31209,0.0
31210,0.0
31211,0.0
31212,0.0
31213,0.0
31214,0.0
31215,0.0
31216,0.0
31217,0.0
31218,0.0
31219,0.0
31220,0.0
31221,0.0
31222,0.0
31223,0.0
31224,0.0
31225,0.0
31226,0.0
31227,0.0
31228,0.0
31229,0.0
31230,0.0
31231,0.0
31232,0.0
31233,0.0
31234,0.0
31235,0.0
31236,0.0
31237,0.0
31238,0.0
31239,0.0
31240,0.0
31241,0.0
31242,0.0
31243,0.0
31244,0.0
31245,0.0
31246,0.0
31247,0.0
31248,0.0
31249,0.0
31250,0.0
31251,0.0
31252,0.0
31253,0.0
31254,0.0
31255,0.0
31256,0.0
31257,0.0
31258,0.0
31259,0.0
31260,0.0
31261,0.0
31262,0.0
31263,0.0
31264,0.0
31265,0.0
31266,0.0
31267,0.0
31268,0.0
31269,0.0
31270,0.0
31271,0.0
31272,0.0
31273,0.0
31274,0.0
31275,0.0
31276,0.0
31277,0.0
31278,0.0
31279,0.0
31280,0.0
31281,0.0
31282,0.0
31283,0.0
31284,0.0
31285,0.0
31286,0.0
31287,0.0
31288,0.0
31289,0.0
31290,0.0
31291,0.0
31292,0.0
31293,0.0
31294,0.0
31295,0.0
31296,0.0
31297,0.0
31298,0.0
31299,0.0
31300,0.0
31301,0.0
31302,0.0
31303,0.0
31304,0.0
31305,0.0
31306,0.0
31307,0.0
31308,0.0
31309,0.0
31310,0.0
31311,0.0
31312,0.0
31313,0.0
31314,0.0
31315,0.0
31316,0.0
31317,0.0
31318,0.0
31319,0.0
31320,0.0
31321,0.0
31322,0.0
31323,0.0
31324,0.0
31325,0.0
31326,0.0
31327,0.0
31328,0.0
31329,0.0
31330,0.0
31331,0.0
31332,0.0
31333,0.0
31334,0.0
31335,0.0
31336,0.0
31337,0.0
31338,0.0
31339,0.0
31340,0.0
31341,0.0
31342,0.0
31343,0.0
31344,0.0
31345,0.0
31346,0.0
31347,0.0
31348,0.0
31349,0.0
31350,0.0
31351,0.0
31352,0.0
31353,0.0
31354,0.0
31355,0.0
31356,0.0
31357,0.0
31358,0.0
31359,0.0
31360,0.0
31361,0.0
31362,0.0
31363,0.0
31364,0.0
31365,0.0
31366,0.0
31367,0.0
31368,0.0
31369,0.0
31370,0.0
31371,0.0
31372,0.0
31373,0.0
31374,0.0
31375,0.0
31376,0.0
31377,0.0
31378,0.0
31379,0.0
31380,0.0
31381,0.0
31382,0.0
31383,0.0
31384,0.0
31385,0.0
31386,0.0
31387,0.0
31388,0.0
31389,0.0
31390,0.0
31391,0.0
31392,0.0
31393,0.0
31394,0.0
31395,0.0
31396,0.0
31397,0.0
31398,0.0
31399,0.0
31400,0.0
31401,0.0
31402,0.0
31403,0.0
31404,0.0
31405,0.0
31406,0.0
31407,0.0
31408,0.0
31409,0.0
31410,0.0
31411,0.0
31412,0.0
31413,0.0
31414,0.0
31415,0.0
31416,0.0
31417,0.0
31418,0.0
31419,0.0
31420,0.0
31421,0.0
31422,0.0
31423,0.0
31424,0.0
31425,0.0
31426,0.0
31427,0.0
31428,0.0
31429,0.0
31430,0.0
31431,0.0
31432,0.0
31433,0.0
31434,0.0
31435,0.0
31436,0.0
31437,0.0
31438,0.0
31439,0.0
31440,0.0
31441,0.0
31442,0.0
31443,0.0
31444,0.0
31445,0.0
31446,0.0
31447,0.0
31448,0.0
31449,0.0
31450,0.0
31451,0.0
31452,0.0
31453,0.0
31454,0.0
31455,0.0
31456,0.0
31457,0.0
31458,0.0
31459,0.0
31460,0.0
31461,0.0
31462,0.0
31463,0.0
31464,0.0
31465,0.0
31466,0.0
31467,0.0
31468,0.0
31469,0.0
31470,0.0
31471,0.0
31472,0.0
31473,0.0
31474,0.0
31475,0.0
31476,0.0
31477,0.0
31478,0.0
31479,0.0
31480,0.0
31481,0.0
31482,0.0
31483,0.0
31484,0.0
31485,0.0
31486,0.0
31487,0.0
31488,0.0
31489,0.0
31490,0.0
31491,0.0
31492,0.0
31493,0.0
31494,0.0
31495,0.0
31496,0.0
31497,0.0
31498,0.0
31499,0.0
31500,0.0
31501,0.0
31502,0.0
31503,0.0
31504,0.0
31505,0.0
31506,0.0
31507,0.0
31508,0.0
31509,0.0
31510,0.0
31511,0.0
31512,0.0
31513,0.0
31514,0.0
31515,0.0
31516,0.0
31517,0.0
31518,0.0
31519,0.0
31520,0.0
31521,0.0
31522,0.0
31523,0.0
31524,0.0
31525,0.0
31526,0.0
31527,0.0
31528,0.0
31529,0.0
31530,0.0
31531,0.0
31532,0.0
31533,0.0
31534,0.0
31535,0.0
31536,0.0
31537,0.0
31538,0.0
31539,0.0
31540,0.0
31541,0.0
31542,0.0
31543,0.0
31544,0.0
31545,0.0
31546,0.0
31547,0.0
31548,0.0
31549,0.0
31550,0.0
31551,0.0
31552,0.0
31553,0.0
31554,0.0
31555,0.0
31556,0.0
31557,0.0
31558,0.0
31559,0.0
31560,0.0
31561,0.0
31562,0.0
31563,0.0
31564,0.0
31565,0.0
31566,0.0
31567,0.0
31568,0.0
31569,0.0
31570,0.0
31571,0.0
31572,0.0
31573,0.0
31574,0.0
31575,0.0
31576,0.0
31577,0.0
31578,0.0
31579,0.0
31580,0.0
31581,0.0
31582,0.0
31583,0.0
31584,0.0
31585,0.0
31586,0.0
31587,0.0
31588,0.0
31589,0.0
31590,0.0
31591,0.0
31592,0.0
31593,0.0
31594,0.0
31595,0.0
31596,0.0
31597,0.0
31598,0.0
31599,0.0
31600,0.0
31601,0.0
31602,0.0
31603,0.0
31604,0.0
31605,0.0
31606,0.0
31607,0.0
31608,0.0
31609,0.0
31610,0.0
31611,0.0
31612,0.0
31613,0.0
31614,0.0
31615,0.0
31616,0.0
31617,0.0
31618,0.0
31619,0.0
31620,0.0
31621,0.0
31622,0.0
31623,0.0
31624,0.0
31625,0.0
31626,0.0
31627,0.0
31628,0.0
31629,0.0
31630,0.0
31631,0.0
31632,0.0
31633,0.0
31634,0.0
31635,0.0
31636,0.0
31637,0.0
31638,0.0
31639,0.0
31640,0.0
31641,0.0
31642,0.0
31643,0.0
31644,0.0
31645,0.0
31646,0.0
31647,0.0
31648,0.0
31649,0.0
31650,0.0
31651,0.0
31652,0.0
31653,0.0
31654,0.0
31655,0.0
31656,0.0
31657,0.0
31658,0.0
31659,0.0
31660,0.0
31661,0.0
31662,0.0
31663,0.0
31664,0.0
31665,0.0
31666,0.0
31667,0.0
31668,0.0
31669,0.0
31670,0.0
31671,0.0
31672,0.0
31673,0.0
31674,0.0
31675,0.0
31676,0.0
31677,0.0
31678,0.0
31679,0.0
31680,0.0
31681,0.0
31682,0.0
31683,0.0
31684,0.0
31685,0.0
31686,0.0
31687,0.0
31688,0.0
31689,0.0
31690,0.0
31691,0.0
31692,0.0
31693,0.0
31694,0.0
31695,0.0
31696,0.0
31697,0.0
31698,0.0
31699,0.0
31700,0.0
31701,0.0
31702,0.0
31703,0.0
31704,0.0
31705,0.0
31706,0.0
31707,0.0
31708,0.0
31709,0.0
31710,0.0
31711,0.0
31712,0.0
31713,0.0
31714,0.0
31715,0.0
31716,0.0
31717,0.0
31718,0.0
31719,0.0
31720,0.0
31721,0.0
31722,0.0
31723,0.0
31724,0.0
31725,0.0
31726,0.0
31727,0.0
31728,0.0
31729,0.0
31730,0.0
31731,0.0
31732,0.0
31733,0.0
31734,0.0
31735,0.0
31736,0.0
31737,0.0
31738,0.0
31739,0.0
31740,0.0
31741,0.0
31742,0.0
31743,0.0
31744,0.0
31745,0.0
31746,0.0
31747,0.0
31748,0.0
31749,0.0
31750,0.0
31751,0.0
31752,0.0
31753,0.0
31754,0.0
31755,0.0
31756,0.0
31757,0.0
31758,0.0
31759,0.0
31760,0.0
31761,0.0
31762,0.0
31763,0.0
31764,0.0
31765,0.0
31766,0.0
31767,0.0
31768,0.0
31769,0.0
31770,0.0
31771,0.0
31772,0.0
31773,0.0
31774,0.0
31775,0.0
31776,0.0
31777,0.0
31778,0.0
31779,0.0
31780,0.0
31781,0.0
31782,0.0
31783,0.0
31784,0.0
31785,0.0
31786,0.0
31787,0.0
31788,0.0
31789,0.0
31790,0.0
31791,0.0
31792,0.0
31793,0.0
31794,0.0
31795,0.0
31796,0.0
31797,0.0
31798,0.0
31799,0.0
31800,0.0
31801,0.0
31802,0.0
31803,0.0
31804,0.0
31805,0.0
31806,0.0
31807,0.0
31808,0.0
31809,0.0
31810,0.0
31811,0.0
31812,0.0
31813,0.0
31814,0.0
31815,0.0
31816,0.0
31817,0.0
31818,0.0
31819,0.0
31820,0.0
31821,0.0
31822,0.0
31823,0.0
31824,0.0
31825,0.0
31826,0.0
31827,0.0
31828,0.0
31829,0.0
31830,0.0
31831,0.0
31832,0.0
31833,0.0
31834,0.0
31835,0.0
31836,0.0
31837,0.0
31838,0.0
31839,0.0
31840,0.0
31841,0.0
31842,0.0
31843,0.0
31844,0.0
31845,0.0
31846,0.0
31847,0.0
31848,0.0
31849,0.0
31850,0.0
31851,0.0
31852,0.0
31853,0.0
31854,0.0
31855,0.0
31856,0.0
31857,0.0
31858,0.0
31859,0.0
31860,0.0
31861,0.0
31862,0.0
31863,0.0
31864,0.0
31865,0.0
31866,0.0
31867,0.0
31868,0.0
31869,0.0
31870,0.0
31871,0.0
31872,0.0
31873,0.0
31874,0.0
31875,0.0
31876,0.0
31877,0.0
31878,0.0
31879,0.0
31880,0.0
31881,0.0
31882,0.0
31883,0.0
31884,0.0
31885,0.0
31886,0.0
31887,0.0
31888,0.0
31889,0.0
31890,0.0
31891,0.0
31892,0.0
31893,0.0
31894,0.0
31895,0.0
31896,0.0
31897,0.0
31898,0.0
31899,0.0
31900,0.0
31901,0.0
31902,0.0
31903,0.0
31904,0.0
31905,0.0
31906,0.0
31907,0.0
31908,0.0
31909,0.0
31910,0.0
31911,0.0
31912,0.0
31913,0.0
31914,0.0
31915,0.0
31916,0.0
31917,0.0
31918,0.0
31919,0.0
31920,0.0
31921,0.0
31922,0.0
31923,0.0
31924,0.0
31925,0.0
31926,0.0
31927,0.0
31928,0.0
31929,0.0
31930,0.0
31931,0.0
31932,0.0
31933,0.0
31934,0.0
31935,0.0
31936,0.0
31937,0.0
31938,0.0
31939,0.0
31940,0.0
31941,0.0
31942,0.0
31943,0.0
31944,0.0
31945,0.0
31946,0.0
31947,0.0
31948,0.0
31949,0.0
31950,0.0
31951,0.0
31952,0.0
31953,0.0
31954,0.0
31955,0.0
31956,0.0
31957,0.0
31958,0.0
31959,0.0
31960,0.0
31961,0.0
31962,0.0
31963,0.0
31964,0.0
31965,0.0
31966,0.0
31967,0.0
31968,0.0
31969,0.0
31970,0.0
31971,0.0
31972,0.0
31973,0.0
31974,0.0
31975,0.0
31976,0.0
31977,0.0
31978,0.0
31979,0.0
31980,0.0
31981,0.0
31982,0.0
31983,0.0
31984,0.0
31985,0.0
31986,0.0
31987,0.0
31988,0.0
31989,0.0
31990,0.0
31991,0.0
31992,0.0
31993,0.0
31994,0.0
31995,0.0
31996,0.0
31997,0.0
31998,0.0
31999,0.0
32000,0.0
32001,0.0
32002,0.0
32003,0.0
32004,0.0
32005,0.0
32006,0.0
32007,0.0
32008,0.0
32009,0.0
32010,0.0
32011,0.0
32012,0.0
32013,0.0
32014,0.0
32015,0.0
32016,0.0
32017,0.0
32018,0.0
32019,0.0
32020,0.0
32021,0.0
32022,0.0
32023,0.0
32024,0.0
32025,0.0
32026,0.0
32027,0.0
32028,0.0
32029,0.0
32030,0.0
32031,0.0
32032,0.0
32033,0.0
32034,0.0
32035,0.0
32036,0.0
32037,0.0
32038,0.0
32039,0.0
32040,0.0
32041,0.0
32042,0.0
32043,0.0
32044,0.0
32045,0.0
32046,0.0
32047,0.0
32048,0.0
32049,0.0
32050,0.0
32051,0.0
32052,0.0
32053,0.0
32054,0.0
32055,0.0
32056,0.0
32057,0.0
32058,0.0
32059,0.0
32060,0.0
32061,0.0
32062,0.0
32063,0.0
32064,0.0
32065,0.0
32066,0.0
32067,0.0
32068,0.0
32069,0.0
32070,0.0
32071,0.0
32072,0.0
32073,0.0
32074,0.0
32075,0.0
32076,0.0
32077,0.0
32078,0.0
32079,0.0
32080,0.0
32081,0.0
32082,0.0
32083,0.0
32084,0.0
32085,0.0
32086,0.0
32087,0.0
32088,0.0
32089,0.0
32090,0.0
32091,0.0
32092,0.0
32093,0.0
32094,0.0
32095,0.0
32096,0.0
32097,0.0
32098,0.0
32099,0.0
32100,0.0
32101,0.0
32102,0.0
32103,0.0
32104,0.0
32105,0.0
32106,0.0
32107,0.0
32108,0.0
32109,0.0
32110,0.0
32111,0.0
32112,0.0
32113,0.0
32114,0.0
32115,0.0
32116,0.0
32117,0.0
32118,0.0
32119,0.0
32120,0.0
32121,0.0
32122,0.0
32123,0.0
32124,0.0
32125,0.0
32126,0.0
32127,0.0
32128,0.0
32129,0.0
32130,0.0
32131,0.0
32132,0.0
32133,0.0
32134,0.0
32135,0.0
32136,0.0
32137,0.0
32138,0.0
32139,0.0
32140,0.0
32141,0.0
32142,0.0
32143,0.0
32144,0.0
32145,0.0
32146,0.0
32147,0.0
32148,0.0
32149,0.0
32150,0.0
32151,0.0
32152,0.0
32153,0.0
32154,0.0
32155,0.0
32156,0.0
32157,0.0
32158,0.0
32159,0.0
32160,0.0
32161,0.0
32162,0.0
32163,0.0
32164,0.0
32165,0.0
32166,0.0
32167,0.0
32168,0.0
32169,0.0
32170,0.0
32171,0.0
32172,0.0
32173,0.0
32174,0.0
32175,0.0
32176,0.0
32177,0.0
32178,0.0
32179,0.0
32180,0.0
32181,0.0
32182,0.0
32183,0.0
32184,0.0
32185,0.0
32186,0.0
32187,0.0
32188,0.0
32189,0.0
32190,0.0
32191,0.0
32192,0.0
32193,0.0
32194,0.0
32195,0.0
32196,0.0
32197,0.0
32198,0.0
32199,0.0
32200,0.0
32201,0.0
32202,0.0
32203,0.0
32204,0.0
32205,0.0
32206,0.0
32207,0.0
32208,0.0
32209,0.0
32210,0.0
32211,0.0
32212,0.0
32213,0.0
32214,0.0
32215,0.0
32216,0.0
32217,0.0
32218,0.0
32219,0.0
32220,0.0
32221,0.0
32222,0.0
32223,0.0
32224,0.0
32225,0.0
32226,0.0
32227,0.0
32228,0.0
32229,0.0
32230,0.0
32231,0.0
32232,0.0
32233,0.0
32234,0.0
32235,0.0
32236,0.0
32237,0.0
32238,0.0
32239,0.0
32240,0.0
32241,0.0
32242,0.0
32243,0.0
32244,0.0
32245,0.0
32246,0.0
32247,0.0
32248,0.0
32249,0.0
32250,0.0
32251,0.0
32252,0.0
32253,0.0
32254,0.0
32255,0.0
32256,0.0
32257,0.0
32258,0.0
32259,0.0
32260,0.0
32261,0.0
32262,0.0
32263,0.0
32264,0.0
32265,0.0
32266,0.0
32267,0.0
32268,0.0
32269,0.0
32270,0.0
32271,0.0
32272,0.0
32273,0.0
32274,0.0
32275,0.0
32276,0.0
32277,0.0
32278,0.0
32279,0.0
32280,0.0
32281,0.0
32282,0.0
32283,0.0
32284,0.0
32285,0.0
32286,0.0
32287,0.0
32288,0.0
32289,0.0
32290,0.0
32291,0.0
32292,0.0
32293,0.0
32294,0.0
32295,0.0
32296,0.0
32297,0.0
32298,0.0
32299,0.0
32300,0.0
32301,0.0
32302,0.0
32303,0.0
32304,0.0
32305,0.0
32306,0.0
32307,0.0
32308,0.0
32309,0.0
32310,0.0
32311,0.0
32312,0.0
32313,0.0
32314,0.0
32315,0.0
32316,0.0
32317,0.0
32318,0.0
32319,0.0
32320,0.0
32321,0.0
32322,0.0
32323,0.0
32324,0.0
32325,0.0
32326,0.0
32327,0.0
32328,0.0
32329,0.0
32330,0.0
32331,0.0
32332,0.0
32333,0.0
32334,0.0
32335,0.0
32336,0.0
32337,0.0
32338,0.0
32339,0.0
32340,0.0
32341,0.0
32342,0.0
32343,0.0
32344,0.0
32345,0.0
32346,0.0
32347,0.0
32348,0.0
32349,0.0
32350,0.0
32351,0.0
32352,0.0
32353,0.0
32354,0.0
32355,0.0
32356,0.0
32357,0.0
32358,0.0
32359,0.0
32360,0.0
32361,0.0
32362,0.0
32363,0.0
32364,0.0
32365,0.0
32366,0.0
32367,0.0
32368,0.0
32369,0.0
32370,0.0
32371,0.0
32372,0.0
32373,0.0
32374,0.0
32375,0.0
32376,0.0
32377,0.0
32378,0.0
32379,0.0
32380,0.0
32381,0.0
32382,0.0
32383,0.0
32384,0.0
32385,0.0
32386,0.0
32387,0.0
32388,0.0
32389,0.0
32390,0.0
32391,0.0
32392,0.0
32393,0.0
32394,0.0
32395,0.0
32396,0.0
32397,0.0
32398,0.0
32399,0.0
32400,13.8678
32401,13.7953
32402,13.7379
32403,13.6986
32404,13.6789
32405,13.6786
32406,13.6966
32407,13.7308
32408,13.7783
32409,13.8357
32410,13.8991
32411,13.9646
32412,14.0287
32413,14.0878
32414,14.1395
32415,14.1816
32416,14.2129
32417,14.2329
32418,14.2415
32419,14.2397
32420,14.2287
32421,14.2105
32422,14.1871
32423,14.1609
32424,14.1344
32425,14.1098
32426,14.0892
32427,14.0746
32428,14.0673
32429,14.068
32430,14.0769
32431,14.0932
32432,14.1156
32433,14.1421
32434,14.1703
32435,14.1978
32436,14.2222
32437,14.2415
32438,14.2542
32439,14.2593
32440,14.2565
32441,14.2462
32442,14.229
32443,14.2064
32444,14.1801
32445,14.152
32446,14.1243
32447,14.0991
32448,14.0786
32449,14.0643
32450,14.0578
32451,14.0597
32452,14.0704
32453,14.0894
32454,14.1157
32455,14.1476
32456,14.1829
32457,14.2191
32458,14.2532
32459,14.2825
32460,14.3045
32461,14.3173
32462,14.3195
32463,14.3108
32464,14.2916
32465,14.2633
32466,14.2278
32467,14.1877
32468,14.1459
32469,14.1055
32470,14.0696
32471,14.0412
32472,14.0229
32473,14.017
32474,14.0249
32475,14.0472
32476,14.0833
32477,14.1313
32478,14.1881
32479,14.2494
32480,14.3104
32481,14.3659
32482,14.4112
32483,14.4422
32484,14.4562
32485,14.4521
32486,14.4302
32487,14.3927
32488,14.3427
32489,14.2846
32490,14.2232
32491,14.1631
32492,14.1085
32493,14.0626
32494,14.0276
32495,14.0041
32496,13.9916
32497,13.9886
32498,13.9931
32499,14.0028
32500,14.0158
32501,14.0304
32502,14.0459
32503,14.0622
32504,14.0793
32505,14.0978
32506,14.1176
32507,14.1385
32508,14.1595
32509,14.179
32510,14.1954
32511,14.207
32512,14.2124
32513,14.2109
32514,14.2028
32515,14.1889
32516,14.1709
32517,14.1509
32518,14.1313
32519,14.1143
32520,14.1017
32521,14.0947
32522,14.0942
32523,14.1003
32524,14.1124
32525,14.1297
32526,14.151
32527,14.1748
32528,14.1994
32529,14.223
32530,14.2439
32531,14.2607
32532,14.2721
32533,14.2777
32534,14.2775
32535,14.2721
32536,14.2625
32537,14.2502
32538,14.2367
32539,14.2238
32540,14.2131
32541,14.2061
32542,14.2042
32543,14.2088
32544,14.2206
32545,14.2395
32546,14.265
32547,14.2953
32548,14.3281
32549,14.3602
32550,14.3881
32551,14.4083
32552,14.4177
32553,14.4141
32554,14.397
32555,14.367
32556,14.3265
32557,14.2791
32558,14.2294
32559,14.1819
32560,14.1409
32561,14.1096
32562,14.0896
32563,14.0812
32564,14.083
32565,14.0924
32566,14.1063
32567,14.1214
32568,14.1349
32569,14.1449
32570,14.1503
32571,14.1514
32572,14.1491
32573,14.1449
32574,14.1405
32575,14.1374
32576,14.1367
32577,14.139
32578,14.1444
32579,14.1528
32580,14.1634
32581,14.1754
32582,14.188
32583,14.2001
32584,14.2107
32585,14.2191
32586,14.2244
32587,14.2261
32588,14.2238
32589,14.2176
32590,14.2083
32591,14.1971
32592,14.1857
32593,14.176
32594,14.1698
32595,14.1683
32596,14.1721
32597,14.1809
32598,14.1934
32599,14.208
32600,14.2226
32601,14.2352
32602,14.2441
32603,14.2481
32604,14.2469
32605,14.2407
32606,14.2301
32607,14.2164
32608,14.2009
32609,14.1847
32610,14.1689
32611,14.1539
32612,14.1395
32613,14.1253
32614,14.1102
32615,14.093
32616,14.0728
32617,14.049
32618,14.0215
32619,13.9909
32620,13.9585
32621,13.9262
32622,13.8961
32623,13.8704
32624,13.851
32625,13.8392
32626,13.8357
32627,13.8403
32628,13.8522
32629,13.8703
32630,13.8931
32631,13.919
32632,13.9465
32633,13.9744
32634,14.0017
32635,14.028
32636,14.0531
32637,14.0771
32638,14.1002
32639,14.1224
32640,14.1434
32641,14.1624
32642,14.1786
32643,14.1904
32644,14.1968
32645,14.1966
32646,14.1894
32647,14.1753
32648,14.1552
32649,14.1308
32650,14.1047
32651,14.0798
32652,14.0592
32653,14.0456
32654,14.0413
32655,14.0472
32656,14.0635
32657,14.0889
32658,14.1214
32659,14.1585
32660,14.1975
32661,14.2357
32662,14.2713
32663,14.3028
32664,14.3297
32665,14.352
32666,14.3702
32667,14.3849
32668,14.3965
32669,14.4052
32670,14.4106
32671,14.4118
32672,14.4075
32673,14.3964
32674,14.3773
32675,14.3496
32676,14.3135
32677,14.2701
32678,14.2217
32679,14.1716
32680,14.1232
32681,14.0807
32682,14.0474
32683,14.0259
32684,14.0176
32685,14.0226
32686,14.0396
32687,14.0663
32688,14.0996
32689,14.1361
32690,14.1722
32691,14.205
32692,14.2319
32693,14.2514
32694,14.2624
32695,14.2648
32696,14.2592
32697,14.2467
32698,14.2286
32699,14.2065
32700,14.1824
32701,14.1577
32702,14.134
32703,14.1123
32704,14.0932
32705,14.0768
32706,14.0626
32707,14.0502
32708,14.0387
32709,14.0277
32710,14.0169
32711,14.0069
32712,13.9984
32713,13.993
32714,13.9925
32715,13.9986
32716,14.013
32717,14.0369
32718,14.0708
32719,14.1145
32720,14.1669
32721,14.226
32722,14.2894
32723,14.3539
32724,14.4164
32725,14.4738
32726,14.5235
32727,14.5634
32728,14.5922
32729,14.6093
32730,14.6148
32731,14.6093
32732,14.5935
32733,14.5684
32734,14.5348
32735,14.4936
32736,14.4456
32737,14.3921
32738,14.3344
32739,14.2741
32740,14.213
32741,14.1527
32742,14.0947
32743,14.0402
32744,13.9904
32745,13.9459
32746,13.9076
32747,13.8765
32748,13.8535
32749,13.8398
32750,13.8367
32751,13.8452
32752,13.8659
32753,13.8988
32754,13.9432
32755,13.9972
32756,14.0583
32757,14.1232
32758,14.1878
32759,14.248
32760,14.2998
32761,14.3399
32762,14.3658
32763,14.3763
32764,14.3715
32765,14.3531
32766,14.3234
32767,14.286
32768,14.2447
32769,14.2036
32770,14.1667
32771,14.1375
32772,14.1187
32773,14.1121
32774,14.1189
32775,14.1388
32776,14.1708
32777,14.2129
32778,14.2626
32779,14.3167
32780,14.3719
32781,14.425
32782,14.4731
32783,14.5142
32784,14.5468
32785,14.5707
32786,14.586
32787,14.5937
32788,14.5949
32789,14.5905
32790,14.5814
32791,14.5681
32792,14.551
32793,14.5302
32794,14.5059
32795,14.4783
32796,14.4475
32797,14.4139
32798,14.3777
32799,14.3392
32800,14.2986
32801,14.2561
32802,14.212
32803,14.1666
32804,14.1202
32805,14.0736
32806,14.0276
32807,13.9833
32808,13.942
32809,13.9049
32810,13.8735
32811,13.8487
32812,13.8313
32813,13.8216
32814,13.8192
32815,13.823
32816,13.8316
32817,13.8427
32818,13.8544
32819,13.8646
32820,13.872
32821,13.8756
32822,13.8756
32823,13.8726
32824,13.8681
32825,13.864
32826,13.8623
32827,13.8652
32828,13.8744
32829,13.8908
32830,13.9144
32831,13.9442
32832,13.978
32833,14.0129
32834,14.0454
32835,14.0722
32836,14.0907
32837,14.0994
32838,14.0985
32839,14.0896
32840,14.0755
32841,14.0601
32842,14.0476
32843,14.0418
32844,14.0457
32845,14.0608
32846,14.0872
32847,14.1238
32848,14.1679
32849,14.216
32850,14.2644
32851,14.3091
32852,14.3472
32853,14.3766
32854,14.3967
32855,14.4083
32856,14.4134
32857,14.4147
32858,14.4152
32859,14.4172
32860,14.4221
32861,14.4301
32862,14.4397
32863,14.4487
32864,14.454
32865,14.4526
32866,14.4419
32867,14.4204
32868,14.388
32869,14.3462
32870,14.298
32871,14.2473
32872,14.1985
32873,14.1561
32874,14.1239
32875,14.1047
32876,14.0997
32877,14.1087
32878,14.1298
32879,14.1596
32880,14.1939
32881,14.2277
32882,14.2561
32883,14.2748
32884,14.2801
32885,14.2696
32886,14.2424
32887,14.1988
32888,14.1405
32889,14.0708
32890,13.9937
32891,13.9144
32892,13.8383
32893,13.771
32894,13.7173
32895,13.6812
32896,13.6651
32897,13.6695
32898,13.6933
32899,13.7331
32900,13.7845
32901,13.8417
32902,13.899
32903,13.9508
32904,13.993
32905,14.0232
32906,14.041
32907,14.0477
32908,14.0462
32909,14.04
32910,14.0329
32911,14.0283
32912,14.0286
32913,14.0354
32914,14.0489
32915,14.0685
32916,14.0928
32917,14.12
32918,14.1477
32919,14.1735
32920,14.1949
32921,14.2094
32922,14.2147
32923,14.2091
32924,14.1919
32925,14.1633
32926,14.1249
32927,14.0795
32928,14.0309
32929,13.9835
32930,13.9419
32931,13.9103
32932,13.8921
32933,13.8897
32934,13.9038
32935,13.9338
32936,13.9775
32937,14.0316
32938,14.0917
32939,14.1531
32940,14.2113
32941,14.262
32942,14.3021
32943,14.3292
32944,14.3422
32945,14.3413
32946,14.3275
32947,14.303
32948,14.2707
32949,14.234
32950,14.1962
32951,14.1607
32952,14.1301
32953,14.1063
32954,14.09
32955,14.0809
32956,14.0777
32957,14.0785
32958,14.0811
32959,14.083
32960,14.0824
32961,14.0776
32962,14.0677
32963,14.0527
32964,14.0333
32965,14.0109
32966,13.9874
32967,13.9655
32968,13.9474
32969,13.9357
32970,13.932
32971,13.9377
32972,13.9528
32973,13.9765
32974,14.007
32975,14.0417
32976,14.0774
32977,14.1109
32978,14.1391
32979,14.1599
32980,14.1718
32981,14.1745
32982,14.1684
32983,14.1547
32984,14.1352
32985,14.1117
32986,14.0861
32987,14.06
32988,14.0348
32989,14.0113
32990,13.99
32991,13.9711
32992,13.9549
32993,13.9416
32994,13.9315
32995,13.9251
32996,13.9228
32997,13.9251
32998,13.932
32999,13.9433
33000,13.9584
33001,13.9757
33002,13.9938
33003,14.0106
33004,14.0243
33005,14.0338
33006,14.0385
33007,14.0387
33008,14.0356
33009,14.0313
33010,14.0281
33011,14.0286
33012,14.0348
33013,14.0483
33014,14.0697
33015,14.0986
33016,14.1337
33017,14.1728
33018,14.2132
33019,14.2519
33020,14.286
33021,14.313
33022,14.331
33023,14.339
33024,14.3369
33025,14.3256
33026,14.3064
33027,14.2816
33028,14.2533
33029,14.224
33030,14.1959
33031,14.1713
33032,14.1524
33033,14.141
33034,14.1384
33035,14.1451
33036,14.161
33037,14.185
33038,14.2152
33039,14.249
33040,14.2833
33041,14.3153
33042,14.3419
33043,14.3606
33044,14.3696
33045,14.3681
33046,14.356
33047,14.3343
33048,14.305
33049,14.2705
33050,14.2336
33051,14.1973
33052,14.164
33053,14.1359
33054,14.1143
33055,14.0999
33056,14.0925
33057,14.0915
33058,14.0955
33059,14.1026
33060,14.1107
33061,14.1176
33062,14.1209
33063,14.1188
33064,14.1096
33065,14.0927
33066,14.0681
33067,14.0369
33068,14.001
33069,13.9631
33070,13.9262
33071,13.8937
33072,13.8688
33073,13.8543
33074,13.8525
33075,13.8647
33076,13.8914
33077,13.9322
33078,13.9855
33079,14.0494
33080,14.1213
33081,14.1983
33082,14.2773
33083,14.3553
33084,14.4294
33085,14.4969
33086,14.5554
33087,14.6027
33088,14.6367
33089,14.6559
33090,14.6585
33091,14.6438
33092,14.6113
33093,14.5617
33094,14.4967
33095,14.4192
33096,14.3329
33097,14.2423
33098,14.1523
33099,14.068
33100,13.994
33101,13.9345
33102,13.8925
33103,13.8701
33104,13.8678
33105,13.885
33106,13.9196
33107,13.9682
33108,14.0266
33109,14.09
33110,14.1533
33111,14.2118
33112,14.2614
33113,14.2994
33114,14.3242
33115,14.3361
33116,14.3369
33117,14.3292
33118,14.3164
33119,14.3019
33120,14.2886
33121,14.2784
33122,14.2721
33123,14.2696
33124,14.2698
33125,14.2711
33126,14.2716
33127,14.2698
33128,14.2642
33129,14.2543
33130,14.2398
33131,14.2209
33132,14.1985
33133,14.1736
33134,14.1476
33135,14.1222
33136,14.0992
33137,14.0803
33138,14.0674
33139,14.0616
33140,14.0638
33141,14.0738
33142,14.0908
33143,14.1127
33144,14.1368
33145,14.1592
33146,14.1757
33147,14.1821
33148,14.1744
33149,14.1498
33150,14.1073
33151,14.0475
33152,13.9733
33153,13.8896
33154,13.8026
33155,13.7192
33156,13.6465
33157,13.5908
33158,13.5567
33159,13.5472
33160,13.5629
33161,13.602
33162,13.6612
33163,13.7355
33164,13.8195
33165,13.9076
33166,13.9948
33167,14.077
33168,14.1513
33169,14.2156
33170,14.2687
33171,14.3101
33172,14.3398
33173,14.3579
33174,14.365
33175,14.3619
33176,14.3499
33177,14.3307
33178,14.3065
33179,14.2798
33180,14.2531
33181,14.229
33182,14.2098
33183,14.1971
33184,14.1919
33185,14.1944
33186,14.2038
33187,14.2184
33188,14.236
33189,14.2539
33190,14.2694
33191,14.2801
33192,14.2846
33193,14.2825
33194,14.2748
33195,14.2638
33196,14.2524
33197,14.2439
33198,14.2416
33199,14.2475
33200,14.2627
33201,14.2868
33202,14.3182
33203,14.3541
33204,14.3914
33205,14.4266
33206,14.4563
33207,14.4777
33208,14.4889
33209,14.4886
33210,14.4764
33211,14.4529
33212,14.4191
33213,14.377
33214,14.3286
33215,14.2765
33216,14.2233
33217,14.1717
33218,14.1238
33219,14.0815
33220,14.0463
33221,14.0189
33222,13.9996
33223,13.9881
33224,13.9837
33225,13.9855
33226,13.9924
33227,14.0035
33228,14.0181
33229,14.036
33230,14.0576
33231,14.0835
33232,14.1147
33233,14.1521
33234,14.1962
33235,14.247
33236,14.304
33237,14.3659
33238,14.4308
33239,14.496
33240,14.5585
33241,14.6146
33242,14.6608
33243,14.6932
33244,14.7082
33245,14.7029
33246,14.675
33247,14.6233
33248,14.5482
33249,14.4517
33250,14.3374
33251,14.2109
33252,14.079
33253,13.9495
33254,13.8303
33255,13.7291
33256,13.6519
33257,13.6032
33258,13.5851
33259,13.5977
33260,13.6386
33261,13.7038
33262,13.7876
33263,13.8834
33264,13.9837
33265,14.0813
33266,14.1692
33267,14.2417
33268,14.294
33269,14.3236
33270,14.3297
33271,14.3133
33272,14.2773
33273,14.2262
33274,14.165
33275,14.0996
33276,14.0354
33277,13.9775
33278,13.9298
33279,13.8951
33280,13.8751
33281,13.87
33282,13.8786
33283,13.8991
33284,13.9285
33285,13.9633
33286,13.9999
33287,14.0348
33288,14.0648
33289,14.0876
33290,14.1017
33291,14.1067
33292,14.1032
33293,14.0926
33294,14.0768
33295,14.0578
33296,14.0379
33297,14.0188
33298,14.0024
33299,13.9899
33300,13.9827
33301,13.9819
33302,13.9885
33303,14.0034
33304,14.0272
33305,14.06
33306,14.1016
33307,14.151
33308,14.2071
33309,14.268
33310,14.3317
33311,14.3958
33312,14.458
33313,14.5162
33314,14.5684
33315,14.613
33316,14.6486
33317,14.6744
33318,14.6903
33319,14.6965
33320,14.694
33321,14.6842
33322,14.669
33323,14.6502
33324,14.6294
33325,14.6078
33326,14.5861
33327,14.5641
33328,14.541
33329,14.5154
33330,14.4857
33331,14.4502
33332,14.4079
33333,14.3585
33334,14.3026
33335,14.2421
33336,14.1802
33337,14.1203
33338,14.0665
33339,14.0225
33340,13.9911
33341,13.974
33342,13.9714
33343,13.9822
33344,14.0042
33345,14.0342
33346,14.0687
33347,14.104
33348,14.1371
33349,14.1656
33350,14.1879
33351,14.2033
33352,14.2117
33353,14.2137
33354,14.21
33355,14.2014
33356,14.1883
33357,14.1713
33358,14.1503
33359,14.1252
33360,14.0959
33361,14.0625
33362,14.0255
33363,13.9858
33364,13.9448
33365,13.9046
33366,13.8674
33367,13.8351
33368,13.8096
33369,13.7921
33370,13.7831
33371,13.7828
33372,13.7909
33373,13.8065
33374,13.8288
33375,13.8566
33376,13.8886
33377,13.9234
33378,13.9594
33379,13.9947
33380,14.0274
33381,14.0558
33382,14.0785
33383,14.0947
33384,14.1047
33385,14.1095
33386,14.1109
33387,14.1112
33388,14.113
33389,14.1184
33390,14.1288
33391,14.1446
33392,14.1651
33393,14.1884
33394,14.2117
33395,14.2318
33396,14.2454
33397,14.2499
33398,14.2434
33399,14.2256
33400,14.1972
33401,14.1605
33402,14.1188
33403,14.0763
33404,14.0372
33405,14.0055
33406,13.9842
33407,13.9752
33408,13.9789
33409,13.9943
33410,14.0192
33411,14.0504
33412,14.0845
33413,14.1176
33414,14.1468
33415,14.1696
33416,14.1846
33417,14.1919
33418,14.1922
33419,14.1876
33420,14.1804
33421,14.1735
33422,14.1693
33423,14.1701
33424,14.1774
33425,14.1921
33426,14.2142
33427,14.2431
33428,14.2777
33429,14.3164
33430,14.3575
33431,14.3991
33432,14.4393
33433,14.4765
33434,14.5091
33435,14.5359
33436,14.5558
33437,14.5679
33438,14.572
33439,14.5678
33440,14.5556
33441,14.536
33442,14.5097
33443,14.478
33444,14.4423
33445,14.4041
33446,14.3655
33447,14.3283
33448,14.2943
33449,14.2651
33450,14.2416
33451,14.2244
33452,14.2134
33453,14.2081
33454,14.2079
33455,14.2118
33456,14.2189
33457,14.2284
33458,14.2393
33459,14.2506
33460,14.261
33461,14.2691
33462,14.2733
33463,14.2718
33464,14.263
33465,14.2453
33466,14.2179
33467,14.18
33468,14.1322
33469,14.0755
33470,14.012
33471,13.9447
33472,13.8774
33473,13.8139
33474,13.7584
33475,13.7146
33476,13.6853
33477,13.6724
33478,13.6765
33479,13.6969
33480,13.7317
33481,13.7781
33482,13.8324
33483,13.8907
33484,13.9491
33485,14.0035
33486,14.0509
33487,14.0886
33488,14.1154
33489,14.1309
33490,14.1363
33491,14.1334
33492,14.1253
33493,14.1154
33494,14.107
33495,14.1033
33496,14.1067
33497,14.1184
33498,14.1385
33499,14.1656
33500,14.1971
33501,14.2295
33502,14.2585
33503,14.2798
33504,14.2894
33505,14.2842
33506,14.2627
33507,14.2248
33508,14.1722
33509,14.1079
33510,14.036
33511,13.9615
33512,13.8894
33513,13.8244
33514,13.7706
33515,13.7311
33516,13.7076
33517,13.7004
33518,13.7085
33519,13.7298
33520,13.7618
33521,13.8014
33522,13.8459
33523,13.8929
33524,13.9404
33525,13.9872
33526,14.0321
33527,14.0745
33528,14.1136
33529,14.1489
33530,14.1795
33531,14.2049
33532,14.2244
33533,14.2374
33534,14.2437
33535,14.2433
33536,14.2367
33537,14.2247
33538,14.209
33539,14.1914
33540,14.1742
33541,14.1599
33542,14.1509
33543,14.1495
33544,14.1574
33545,14.1756
33546,14.2045
33547,14.2434
33548,14.2909
33549,14.3448
33550,14.402
33551,14.4593
33552,14.5129
33553,14.5592
33554,14.595
33555,14.6181
33556,14.6271
33557,14.6219
33558,14.6035
33559,14.5738
33560,14.5352
33561,14.4908
33562,14.4438
33563,14.3973
33564,14.3543
33565,14.3172
33566,14.2879
33567,14.2673
33568,14.2555
33569,14.2518
33570,14.2545
33571,14.2617
33572,14.2709
33573,14.28
33574,14.2872
33575,14.291
33576,14.2912
33577,14.2879
33578,14.2818
33579,14.2738
33580,14.2649
33581,14.2557
33582,14.2464
33583,14.2366
33584,14.2256
33585,14.2125
33586,14.1966
33587,14.1775
33588,14.1558
33589,14.1328
33590,14.1108
33591,14.0928
33592,14.0822
33593,14.0822
33594,14.0952
33595,14.1229
33596,14.1653
33597,14.2209
33598,14.2869
33599,14.3592
33600,14.4329
33601,14.5025
33602,14.5629
33603,14.6096
33604,14.6393
33605,14.6502
33606,14.6421
33607,14.6164
33608,14.5759
33609,14.5245
33610,14.4668
33611,14.4073
33612,14.3502
33613,14.299
33614,14.2563
33615,14.2235
33616,14.2011
33617,14.1886
33618,14.185
33619,14.1886
33620,14.1974
33621,14.2092
33622,14.2218
33623,14.2336
33624,14.2429
33625,14.2489
33626,14.2509
33627,14.2487
33628,14.2422
33629,14.2315
33630,14.217
33631,14.1989
33632,14.1779
33633,14.1547
33634,14.1306
33635,14.1074
33636,14.0872
33637,14.0725
33638,14.0655
33639,14.0682
33640,14.0818
33641,14.1064
33642,14.1412
33643,14.1837
33644,14.2309
33645,14.2786
33646,14.3224
33647,14.3579
33648,14.3812
33649,14.3892
33650,14.38
33651,14.3531
33652,14.3095
33653,14.2514
33654,14.1824
33655,14.107
33656,14.0297
33657,13.9553
33658,13.8877
33659,13.8297
33660,13.7829
33661,13.7476
33662,13.723
33663,13.7076
33664,13.6995
33665,13.697
33666,13.6987
33667,13.7038
33668,13.712
33669,13.7239
33670,13.7404
33671,13.7628
33672,13.7927
33673,13.8313
33674,13.8791
33675,13.9361
33676,14.0011
33677,14.072
33678,14.1457
33679,14.2187
33680,14.2871
33681,14.3474
33682,14.3967
33683,14.4328
33684,14.4545
33685,14.4615
33686,14.4546
33687,14.4351
33688,14.4054
33689,14.3678
33690,14.3252
33691,14.2806
33692,14.2366
33693,14.1955
33694,14.1589
33695,14.1279
33696,14.1026
33697,14.0827
33698,14.0672
33699,14.055
33700,14.0445
33701,14.0345
33702,14.024
33703,14.0124
33704,13.9997
33705,13.9865
33706,13.9742
33707,13.9645
33708,13.9594
33709,13.961
33710,13.9708
33711,13.9901
33712,14.019
33713,14.0571
33714,14.1028
33715,14.1539
33716,14.2071
33717,14.259
33718,14.3056
33719,14.3434
33720,14.3695
33721,14.3815
33722,14.3787
33723,14.3609
33724,14.3294
33725,14.2863
33726,14.2342
33727,14.1765
33728,14.1165
33729,14.0575
33730,14.0025
33731,13.9544
33732,13.9154
33733,13.8874
33734,13.8717
33735,13.8688
33736,13.8787
33737,13.9003
33738,13.9318
33739,13.9708
33740,14.0143
33741,14.0593
33742,14.1025
33743,14.1413
33744,14.1735
33745,14.1975
33746,14.2125
33747,14.2183
33748,14.2155
33749,14.2049
33750,14.1877
33751,14.1654
33752,14.1394
33753,14.1114
33754,14.0831
33755,14.0564
33756,14.0335
33757,14.0165
33758,14.0074
33759,14.008
33760,14.0194
33761,14.042
33762,14.0754
33763,14.118
33764,14.1674
33765,14.2202
33766,14.2721
33767,14.3189
33768,14.3563
33769,14.3809
33770,14.3901
33771,14.3833
33772,14.361
33773,14.3253
33774,14.2796
33775,14.2282
33776,14.1755
33777,14.1256
33778,14.0822
33779,14.0477
33780,14.0236
33781,14.01
33782,14.0062
33783,14.0108
33784,14.022
33785,14.0376
33786,14.0556
33787,14.074
33788,14.0909
33789,14.1047
33790,14.1141
33791,14.1179
33792,14.1155
33793,14.107
33794,14.0928
33795,14.0741
33796,14.0528
33797,14.0314
33798,14.0127
33799,13.9998
33800,13.9951
33801,14.0008
33802,14.0182
33803,14.0472
33804,14.0869
33805,14.1353
33806,14.1895
33807,14.2457
33808,14.3002
33809,14.3491
33810,14.3891
33811,14.4176
33812,14.4328
33813,14.4341
33814,14.422
33815,14.398
33816,14.3648
33817,14.3256
33818,14.284
33819,14.2439
33820,14.2084
33821,14.1804
33822,14.1614
33823,14.1517
33824,14.1508
33825,14.1567
33826,14.167
33827,14.1787
33828,14.1887
33829,14.1946
33830,14.1947
33831,14.188
33832,14.1748
33833,14.1563
33834,14.1343
33835,14.1108
33836,14.0879
33837,14.0671
33838,14.0495
33839,14.0358
33840,14.0259
33841,14.0196
33842,14.0164
33843,14.016
33844,14.0183
33845,14.0231
33846,14.0307
33847,14.0413
33848,14.0551
33849,14.0722
33850,14.0926
33851,14.1158
33852,14.141
33853,14.1672
33854,14.1932
33855,14.2176
33856,14.2391
33857,14.2564
33858,14.2686
33859,14.2745
33860,14.2736
33861,14.2657
33862,14.2509
33863,14.2302
33864,14.2051
33865,14.1777
33866,14.1503
33867,14.1253
33868,14.1052
33869,14.0917
33870,14.0864
33871,14.0899
33872,14.1025
33873,14.1238
33874,14.153
33875,14.1885
33876,14.2289
33877,14.2725
33878,14.3177
33879,14.3629
33880,14.4067
33881,14.4482
33882,14.4864
33883,14.5205
33884,14.55
33885,14.5745
33886,14.5937
33887,14.6072
33888,14.6152
33889,14.6176
33890,14.6148
33891,14.6077
33892,14.5973
33893,14.585
33894,14.572
33895,14.5595
33896,14.5479
33897,14.5371
33898,14.5265
33899,14.5151
33900,14.5016
33901,14.485
33902,14.4649
33903,14.4415
33904,14.4158
33905,14.3896
33906,14.3652
33907,14.3452
33908,14.3318
33909,14.3267
33910,14.331
33911,14.3446
33912,14.3668
33913,14.3958
33914,14.4296
33915,14.4653
33916,14.4999
33917,14.5305
33918,14.5541
33919,14.5683
33920,14.5713
33921,14.5619
33922,14.5399
33923,14.5059
33924,14.4617
33925,14.4095
33926,14.3525
33927,14.2941
33928,14.2377
33929,14.1867
33930,14.1439
33931,14.1113
33932,14.0898
33933,14.0796
33934,14.0798
33935,14.0889
33936,14.1048
33937,14.1252
33938,14.1475
33939,14.1694
33940,14.1885
33941,14.2033
33942,14.2123
33943,14.2151
33944,14.2117
33945,14.203
33946,14.1906
33947,14.1763
33948,14.1622
33949,14.1507
33950,14.1436
33951,14.1423
33952,14.148
33953,14.1609
33954,14.1809
33955,14.2071
33956,14.2387
33957,14.2742
33958,14.3122
33959,14.351
33960,14.3889
33961,14.4241
33962,14.455
33963,14.4802
33964,14.4985
33965,14.5091
33966,14.5116
33967,14.5058
33968,14.492
33969,14.4713
33970,14.4448
33971,14.4146
33972,14.3829
33973,14.3524
33974,14.3253
33975,14.3037
33976,14.2885
33977,14.2801
33978,14.2776
33979,14.2797
33980,14.2843
33981,14.2893
33982,14.2925
33983,14.2922
33984,14.2872
33985,14.277
33986,14.2618
33987,14.2425
33988,14.2206
33989,14.1978
33990,14.1758
33991,14.1565
33992,14.1413
33993,14.1317
33994,14.1287
33995,14.1331
33996,14.1451
33997,14.1645
33998,14.1903
33999,14.2209
34000,14.2541
34001,14.2873
34002,14.3179
34003,14.3433
34004,14.3614
34005,14.3705
34006,14.3698
34007,14.359
34008,14.3386
34009,14.3096
34010,14.2736
34011,14.2325
34012,14.1885
34013,14.1437
34014,14.1003
34015,14.0602
34016,14.0253
34017,13.9971
34018,13.9768
34019,13.9652
34020,13.9626
34021,13.9688
34022,13.9833
34023,14.0051
34024,14.0332
34025,14.066
34026,14.1024
34027,14.1405
34028,14.1789
34029,14.2158
34030,14.25
34031,14.2801
34032,14.3057
34033,14.3266
34034,14.3434
34035,14.3575
34036,14.3704
34037,14.3842
34038,14.4004
34039,14.4202
34040,14.4437
34041,14.4702
34042,14.4977
34043,14.5233
34044,14.5438
34045,14.5556
34046,14.5558
34047,14.5426
34048,14.515
34049,14.4735
34050,14.4198
34051,14.3564
34052,14.2868
34053,14.2145
34054,14.1434
34055,14.077
34056,14.0188
34057,13.9716
34058,13.9377
34059,13.9189
34060,13.9158
34061,13.9284
34062,13.9556
34063,13.9954
34064,14.0451
34065,14.1011
34066,14.1597
34067,14.2172
34068,14.2703
34069,14.3164
34070,14.3538
34071,14.3819
34072,14.4009
34073,14.4115
34074,14.4152
34075,14.4137
34076,14.4087
34077,14.4017
34078,14.3941
34079,14.3868
34080,14.3803
34081,14.3749
34082,14.3702
34083,14.3656
34084,14.3606
34085,14.3541
34086,14.3457
34087,14.3346
34088,14.3207
34089,14.3039
34090,14.2845
34091,14.2633
34092,14.2415
34093,14.2209
34094,14.2034
34095,14.1913
34096,14.1867
34097,14.1913
34098,14.2059
34099,14.2307
34100,14.2645
34101,14.3049
34102,14.3488
34103,14.3919
34104,14.4298
34105,14.4581
34106,14.4729
34107,14.4716
34108,14.4533
34109,14.4185
34110,14.3698
34111,14.3108
34112,14.2464
34113,14.1817
34114,14.1218
34115,14.0709
34116,14.0324
34117,14.0083
34118,13.9994
34119,14.0051
34120,14.0237
34121,14.0527
34122,14.0886
34123,14.1279
34124,14.1669
34125,14.2021
34126,14.2305
34127,14.2502
34128,14.26
34129,14.2595
34130,14.2491
34131,14.23
34132,14.2035
34133,14.1714
34134,14.1354
34135,14.0977
34136,14.0601
34137,14.0245
34138,13.9931
34139,13.9676
34140,13.95
34141,13.9422
34142,13.9458
34143,13.9622
34144,13.992
34145,14.0354
34146,14.0912
34147,14.1575
34148,14.2315
34149,14.3096
34150,14.3875
34151,14.461
34152,14.5263
34153,14.5796
34154,14.6185
34155,14.6413
34156,14.6475
34157,14.6379
34158,14.6142
34159,14.5787
34160,14.5343
34161,14.4839
34162,14.4303
34163,14.3764
34164,14.3243
34165,14.2759
34166,14.2329
34167,14.1961
34168,14.1663
34169,14.1435
34170,14.1278
34171,14.1188
34172,14.116
34173,14.1186
34174,14.1256
34175,14.1361
34176,14.149
34177,14.1632
34178,14.1777
34179,14.1914
34180,14.2031
34181,14.2117
34182,14.2159
34183,14.2145
34184,14.2065
34185,14.1913
34186,14.1687
34187,14.1392
34188,14.104
34189,14.065
34190,14.0246
34191,13.9854
34192,13.9503
34193,13.9216
34194,13.9017
34195,13.8922
34196,13.8941
34197,13.9075
34198,13.9316
34199,13.965
34200,14.0054
34201,14.0499
34202,14.0957
34203,14.1403
34204,14.1812
34205,14.2171
34206,14.247
34207,14.2708
34208,14.2886
34209,14.3011
34210,14.3089
34211,14.3124
34212,14.312
34213,14.3079
34214,14.3
34215,14.2883
34216,14.2726
34217,14.2532
34218,14.2305
34219,14.2052
34220,14.1783
34221,14.1516
34222,14.1267
34223,14.1058
34224,14.0909
34225,14.0838
34226,14.0857
34227,14.0971
34228,14.1179
34229,14.1468
34230,14.1821
34231,14.2213
34232,14.2615
34233,14.2997
34234,14.3331
34235,14.3593
34236,14.3765
34237,14.3839
34238,14.3812
34239,14.3693
34240,14.3496
34241,14.3237
34242,14.2938
34243,14.2617
34244,14.2294
34245,14.1982
34246,14.1693
34247,14.1436
34248,14.1216
34249,14.1038
34250,14.0906
34251,14.0826
34252,14.0801
34253,14.0835
34254,14.093
34255,14.1085
34256,14.1297
34257,14.1561
34258,14.1865
34259,14.2197
34260,14.2541
34261,14.2878
34262,14.3192
34263,14.3467
34264,14.3692
34265,14.3862
34266,14.398
34267,14.4052
34268,14.4092
34269,14.4115
34270,14.4135
34271,14.4163
34272,14.4201
34273,14.4245
34274,14.4283
34275,14.4297
34276,14.4266
34277,14.417
34278,14.3994
34279,14.3733
34280,14.3387
34281,14.2968
34282,14.2494
34283,14.1985
34284,14.1466
34285,14.0961
34286,14.049
34287,14.0069
34288,13.9712
34289,13.9424
34290,13.9209
34291,13.9069
34292,13.9001
34293,13.9004
34294,13.9078
34295,13.9224
34296,13.9441
34297,13.9728
34298,14.0083
34299,14.0497
34300,14.0959
34301,14.1451
34302,14.1954
34303,14.2446
34304,14.2904
34305,14.331
34306,14.3649
34307,14.391
34308,14.4089
34309,14.4187
34310,14.4212
34311,14.4175
34312,14.4092
34313,14.3981
34314,14.3862
34315,14.3752
34316,14.3666
34317,14.3618
34318,14.3613
34319,14.3654
34320,14.3736
34321,14.3849
34322,14.3976
34323,14.4098
34324,14.419
34325,14.4232
34326,14.4202
34327,14.4085
34328,14.387
34329,14.3557
34330,14.3155
34331,14.2683
34332,14.2169
34333,14.1648
34334,14.1155
34335,14.0722
34336,14.0373
34337,14.0123
34338,13.9973
34339,13.9917
34340,13.9942
34341,14.0032
34342,14.0172
34343,14.0346
34344,14.0544
34345,14.0758
34346,14.0982
34347,14.1211
34348,14.1441
34349,14.1667
34350,14.1883
34351,14.2082
34352,14.2256
34353,14.2399
34354,14.2502
34355,14.2562
34356,14.2575
34357,14.2543
34358,14.2471
34359,14.2372
34360,14.226
34361,14.2156
34362,14.2081
34363,14.2055
34364,14.2095
34365,14.2209
34366,14.2397
34367,14.2646
34368,14.2934
34369,14.3234
34370,14.351
34371,14.3733
34372,14.3872
34373,14.3908
34374,14.383
34375,14.3643
34376,14.336
34377,14.3007
34378,14.2619
34379,14.2233
34380,14.1884
34381,14.1604
34382,14.1412
34383,14.1318
34384,14.1319
34385,14.1399
34386,14.1536
34387,14.1701
34388,14.1863
34389,14.1995
34390,14.2071
34391,14.2075
34392,14.1998
34393,14.1841
34394,14.1611
34395,14.1322
34396,14.0993
34397,14.0645
34398,14.03
34399,13.9979
34400,13.9702
34401,13.9488
34402,13.935
34403,13.9297
34404,13.9331
34405,13.9445
34406,13.9628
34407,13.986
34408,14.0118
34409,14.038
34410,14.0625
34411,14.0837
34412,14.1007
34413,14.1131
34414,14.1211
34415,14.1252
34416,14.1257
34417,14.1232
34418,14.1178
34419,14.1096
34420,14.0985
34421,14.0842
34422,14.0665
34423,14.0456
34424,14.0218
34425,13.996
34426,13.9692
34427,13.9426
34428,13.9176
34429,13.8955
34430,13.8777
34431,13.8653
34432,13.8594
34433,13.8609
34434,13.8702
34435,13.8875
34436,13.9123
34437,13.9432
34438,13.978
34439,14.0139
34440,14.0474
34441,14.0752
34442,14.0942
34443,14.1018
34444,14.0968
34445,14.079
34446,14.05
34447,14.0125
34448,13.9705
34449,13.9288
34450,13.8924
34451,13.8663
34452,13.8546
34453,13.8602
34454,13.8843
34455,13.9265
34456,13.9845
34457,14.0545
34458,14.1313
34459,14.2093
34460,14.2824
34461,14.345
34462,14.3924
34463,14.4215
34464,14.4307
34465,14.4202
34466,14.392
34467,14.3495
34468,14.2969
34469,14.239
34470,14.1806
34471,14.1259
34472,14.0784
34473,14.041
34474,14.0156
34475,14.0032
34476,14.0041
34477,14.0179
34478,14.0431
34479,14.0778
34480,14.1191
34481,14.1635
34482,14.207
34483,14.2454
34484,14.2747
34485,14.2917
34486,14.2941
34487,14.2812
34488,14.2541
34489,14.2157
34490,14.1706
34491,14.1245
34492,14.0833
34493,14.0528
34494,14.0375
34495,14.0402
34496,14.0616
34497,14.1003
34498,14.1529
34499,14.2145
34500,14.2794
34501,14.3411
34502,14.3938
34503,14.4319
34504,14.4512
34505,14.4489
34506,14.4236
34507,14.3759
34508,14.3079
34509,14.2232
34510,14.1266
34511,14.0238
34512,13.9209
34513,13.8242
34514,13.7395
34515,13.6721
34516,13.6259
34517,13.6035
34518,13.6058
34519,13.6319
34520,13.6794
34521,13.7443
34522,13.8219
34523,13.9067
34524,13.9934
34525,14.0769
34526,14.1532
34527,14.2193
34528,14.2734
34529,14.3148
34530,14.3438
34531,14.3612
34532,14.3685
34533,14.3673
34534,14.3593
34535,14.3462
34536,14.3299
34537,14.312
34538,14.2943
34539,14.2785
34540,14.2663
34541,14.259
34542,14.2576
34543,14.2622
34544,14.2725
34545,14.2872
34546,14.3044
34547,14.3219
34548,14.3376
34549,14.3496
34550,14.3566
34551,14.3581
34552,14.3541
34553,14.3453
34554,14.3327
34555,14.3177
34556,14.3016
34557,14.2855
34558,14.2704
34559,14.2572
34560,14.2465
34561,14.2388
34562,14.2346
34563,14.2347
34564,14.2393
34565,14.2489
34566,14.2636
34567,14.2834
34568,14.3079
34569,14.3364
34570,14.3681
34571,14.4014
34572,14.4344
34573,14.4649
34574,14.4903
34575,14.508
34576,14.5159
34577,14.512
34578,14.4955
34579,14.4661
34580,14.4247
34581,14.3728
34582,14.3125
34583,14.2464
34584,14.1771
34585,14.1074
34586,14.04
34587,13.9772
34588,13.9213
34589,13.8741
34590,13.8369
34591,13.8107
34592,13.7957
34593,13.792
34594,13.799
34595,13.8158
34596,13.8411
34597,13.8734
34598,13.911
34599,13.9521
34600,13.9951
34601,14.0386
34602,14.0815
34603,14.1231
34604,14.1628
34605,14.2004
34606,14.2356
34607,14.2681
34608,14.2976
34609,14.3234
34610,14.3445
34611,14.3596
34612,14.3673
34613,14.3663
34614,14.3556
34615,14.3351
34616,14.3053
34617,14.2677
34618,14.2247
34619,14.1791
34620,14.1342
34621,14.0931
34622,14.0587
34623,14.0336
34624,14.0193
34625,14.0165
34626,14.0252
34627,14.0443
34628,14.0719
34629,14.1057
34630,14.143
34631,14.1811
34632,14.2177
34633,14.2506
34634,14.2783
34635,14.2998
34636,14.3141
34637,14.3207
34638,14.3193
34639,14.3097
34640,14.292
34641,14.2666
34642,14.2344
34643,14.1967
34644,14.1556
34645,14.1137
34646,14.0739
34647,14.0395
34648,14.0136
34649,13.999
34650,13.9978
34651,14.0108
34652,14.0378
34653,14.0774
34654,14.1268
34655,14.1823
34656,14.2396
34657,14.2941
34658,14.3414
34659,14.3774
34660,14.3988
34661,14.4033
34662,14.3896
34663,14.3576
34664,14.3084
34665,14.2446
34666,14.1698
34667,14.0885
34668,14.0058
34669,13.927
34670,13.857
34671,13.7999
34672,13.759
34673,13.7361
34674,13.7321
34675,13.7464
34676,13.7771
34677,13.8216
34678,13.8764
34679,13.9372
34680,13.9998
34681,14.0599
34682,14.1135
34683,14.1576
34684,14.1899
34685,14.2093
34686,14.2159
34687,14.2113
34688,14.1981
34689,14.1797
34690,14.16
34691,14.1428
34692,14.131
34693,14.1267
34694,14.1307
34695,14.1424
34696,14.1601
34697,14.1808
34698,14.2013
34699,14.2179
34700,14.2274
34701,14.2273
34702,14.2162
34703,14.1938
34704,14.1612
34705,14.1205
34706,14.075
34707,14.0284
34708,13.9846
34709,13.9474
34710,13.9196
34711,13.9031
34712,13.8985
34713,13.9054
34714,13.9223
34715,13.947
34716,13.9771
34717,14.0104
34718,14.0449
34719,14.0792
34720,14.1125
34721,14.1442
34722,14.1744
34723,14.203
34724,14.2303
34725,14.256
34726,14.28
34727,14.3015
34728,14.3199
34729,14.3341
34730,14.3436
34731,14.348
34732,14.347
34733,14.3412
34734,14.3309
34735,14.317
34736,14.3002
34737,14.2813
34738,14.2611
34739,14.2402
34740,14.2194
34741,14.1994
34742,14.1807
34743,14.1639
34744,14.1491
34745,14.1361
34746,14.1244
34747,14.1132
34748,14.1015
34749,14.0882
34750,14.0725
34751,14.0538
34752,14.0323
34753,14.0085
34754,13.9837
34755,13.9596
34756,13.9384
34757,13.9221
34758,13.9125
34759,13.9107
34760,13.9171
34761,13.9316
34762,13.9533
34763,13.9811
34764,14.0137
34765,14.05
34766,14.0894
34767,14.1313
34768,14.1756
34769,14.2222
34770,14.2709
34771,14.321
34772,14.3715
34773,14.4207
34774,14.4663
34775,14.5055
34776,14.5352
34777,14.552
34778,14.5531
34779,14.5365
34780,14.5016
34781,14.4493
34782,14.3827
34783,14.3062
34784,14.226
34785,14.1487
34786,14.0813
34787,14.0299
34788,13.9995
34789,13.9933
34790,14.0125
34791,14.0559
34792,14.1202
34793,14.2
34794,14.2881
34795,14.3765
34796,14.4565
34797,14.5201
34798,14.5606
34799,14.5732
34800,14.556
34801,14.5098
34802,14.4383
34803,14.3477
34804,14.2457
34805,14.1406
34806,14.0411
34807,13.9544
34808,13.8865
34809,13.8413
34810,13.8206
34811,13.824
34812,13.8492
34813,13.8924
34814,13.9484
34815,14.0117
34816,14.0765
34817,14.1375
34818,14.1899
34819,14.2304
34820,14.2565
34821,14.2675
34822,14.2639
34823,14.2477
34824,14.2217
34825,14.1899
34826,14.1565
34827,14.1254
34828,14.1004
34829,14.0844
34830,14.0795
34831,14.0868
34832,14.1066
34833,14.1387
34834,14.1817
34835,14.234
34836,14.2931
34837,14.3558
34838,14.4183
34839,14.4765
34840,14.5258
34841,14.5623
34842,14.5826
34843,14.5847
34844,14.5679
34845,14.5332
34846,14.4825
34847,14.419
34848,14.3467
34849,14.2699
34850,14.1933
34851,14.1214
34852,14.0587
34853,14.0089
34854,13.9752
34855,13.9594
34856,13.9622
34857,13.983
34858,14.0193
34859,14.0677
34860,14.1237
34861,14.1821
34862,14.2378
34863,14.2858
34864,14.3223
34865,14.3444
34866,14.3511
34867,14.3427
34868,14.3211
34869,14.2894
34870,14.2516
34871,14.2118
34872,14.1744
34873,14.1429
34874,14.1199
34875,14.107
34876,14.1042
34877,14.1106
34878,14.1239
34879,14.1414
34880,14.1597
34881,14.1758
34882,14.1869
34883,14.191
34884,14.1872
34885,14.1755
34886,14.1572
34887,14.1341
34888,14.1086
34889,14.0834
34890,14.0609
34891,14.0432
34892,14.0317
34893,14.0272
34894,14.03
34895,14.0397
34896,14.0555
34897,14.0766
34898,14.1021
34899,14.1314
34900,14.1639
34901,14.1991
34902,14.2364
34903,14.2753
34904,14.3146
34905,14.3528
34906,14.3883
34907,14.4188
34908,14.4423
34909,14.4568
34910,14.461
34911,14.4544
34912,14.4372
34913,14.4107
34914,14.3768
34915,14.3381
34916,14.2974
34917,14.2574
34918,14.2204
34919,14.1881
34920,14.1619
34921,14.1422
34922,14.1292
34923,14.1226
34924,14.1219
34925,14.1267
34926,14.1363
34927,14.1502
34928,14.1675
34929,14.1873
34930,14.208
34931,14.2281
34932,14.2455
34933,14.2581
34934,14.264
34935,14.2616
34936,14.2501
34937,14.2296
34938,14.2012
34939,14.1671
34940,14.13
34941,14.0931
34942,14.0601
34943,14.0339
34944,14.0175
34945,14.0129
34946,14.0217
34947,14.0444
34948,14.0808
34949,14.1299
34950,14.1898
34951,14.2577
34952,14.3302
34953,14.4031
34954,14.4721
34955,14.5325
34956,14.58
34957,14.6109
34958,14.6224
34959,14.6128
34960,14.5821
34961,14.5316
34962,14.464
34963,14.3834
34964,14.2943
34965,14.2019
34966,14.1113
34967,14.0271
34968,13.9531
34969,13.8922
34970,13.846
34971,13.8147
34972,13.7977
34973,13.7932
34974,13.7991
34975,13.8129
34976,13.8322
34977,13.855
34978,13.8796
34979,13.9047
34980,13.9298
34981,13.9546
34982,13.9791
34983,14.004
34984,14.0299
34985,14.0577
34986,14.0886
34987,14.1233
34988,14.1623
34989,14.2055
34990,14.2522
34991,14.3012
34992,14.3509
34993,14.3993
34994,14.4444
34995,14.4845
34996,14.5179
34997,14.5434
34998,14.56
34999,14.5671
35000,14.5649
35001,14.5536
35002,14.5345
35003,14.5092
35004,14.4798
35005,14.4488
35006,14.4186
35007,14.3914
35008,14.3688
35009,14.3518
35010,14.3405
35011,14.3343
35012,14.332
35013,14.3321
35014,14.3329
35015,14.3328
35016,14.3302
35017,14.3242
35018,14.3138
35019,14.299
35020,14.2802
35021,14.2584
35022,14.2348
35023,14.2112
35024,14.1888
35025,14.169
35026,14.1526
35027,14.14
35028,14.1313
35029,14.1268
35030,14.1265
35031,14.1309
35032,14.1405
35033,14.1558
35034,14.1772
35035,14.2041
35036,14.2355
35037,14.2694
35038,14.3033
35039,14.3341
35040,14.3587
35041,14.3742
35042,14.3785
35043,14.3704
35044,14.3498
35045,14.3176
35046,14.2759
35047,14.2277
35048,14.1765
35049,14.126
35050,14.0797
35051,14.0405
35052,14.0106
35053,13.9908
35054,13.9808
35055,13.9793
35056,13.984
35057,13.9926
35058,14.0023
35059,14.0109
35060,14.0164
35061,14.0176
35062,14.0141
35063,14.0058
35064,13.994
35065,13.9801
35066,13.9663
35067,13.9551
35068,13.9491
35069,13.9507
35070,13.9621
35071,13.9846
35072,14.0191
35073,14.0656
35074,14.1234
35075,14.1907
35076,14.2652
35077,14.3437
35078,14.4224
35079,14.4972
35080,14.5642
35081,14.6196
35082,14.6606
35083,14.6856
35084,14.6939
35085,14.6863
35086,14.6644
35087,14.6308
35088,14.5883
35089,14.5398
35090,14.4879
35091,14.4345
35092,14.3811
35093,14.3288
35094,14.2783
35095,14.2304
35096,14.186
35097,14.1462
35098,14.1125
35099,14.0866
35100,14.0699
35101,14.0638
35102,14.0688
35103,14.0849
35104,14.1113
35105,14.1461
35106,14.1868
35107,14.2303
35108,14.273
35109,14.3112
35110,14.3418
35111,14.3622
35112,14.3707
35113,14.3669
35114,14.3514
35115,14.3258
35116,14.2924
35117,14.2539
35118,14.2134
35119,14.174
35120,14.1386
35121,14.1102
35122,14.0914
35123,14.0845
35124,14.0914
35125,14.1134
35126,14.1509
35127,14.2033
35128,14.269
35129,14.3452
35130,14.4276
35131,14.5117
35132,14.5921
35133,14.664
35134,14.7231
35135,14.7664
35136,14.7919
35137,14.799
35138,14.7883
35139,14.7609
35140,14.7181
35141,14.6617
35142,14.5937
35143,14.5165
35144,14.4329
35145,14.3463
35146,14.2604
35147,14.1792
35148,14.1064
35149,14.0452
35150,13.9977
35151,13.9648
35152,13.9466
35153,13.9417
35154,13.9483
35155,13.9638
35156,13.9857
35157,14.0113
35158,14.038
35159,14.0635
35160,14.0859
35161,14.1036
35162,14.1156
35163,14.1214
35164,14.1212
35165,14.1159
35166,14.1066
35167,14.095
35168,14.0827
35169,14.0712
35170,14.0618
35171,14.0553
35172,14.0521
35173,14.0523
35174,14.0556
35175,14.0613
35176,14.0685
35177,14.0761
35178,14.0831
35179,14.0883
35180,14.0911
35181,14.0907
35182,14.0868
35183,14.0795
35184,14.069
35185,14.0559
35186,14.041
35187,14.0252
35188,14.0097
35189,13.9959
35190,13.985
35191,13.9784
35192,13.9771
35193,13.9818
35194,13.9926
35195,14.0093
35196,14.031
35197,14.0568
35198,14.0855
35199,14.1161
35200,14.1475
35201,14.179
35202,14.2097
35203,14.2391
35204,14.2668
35205,14.2929
35206,14.3174
35207,14.3408
35208,14.3636
35209,14.386
35210,14.4081
35211,14.4295
35212,14.4494
35213,14.4668
35214,14.4802
35215,14.4885
35216,14.4905
35217,14.4851
35218,14.4718
35219,14.4501
35220,14.4204
35221,14.3833
35222,14.3401
35223,14.2923
35224,14.2419
35225,14.191
35226,14.1417
35227,14.0961
35228,14.0559
35229,14.0223
35230,13.9961
35231,13.9775
35232,13.9664
35233,13.9623
35234,13.9644
35235,13.9717
35236,13.983
35237,13.997
35238,14.0122
35239,14.0272
35240,14.0406
35241,14.0517
35242,14.0597
35243,14.0646
35244,14.0668
35245,14.0671
35246,14.0667
35247,14.0669
35248,14.0691
35249,14.0746
35250,14.0845
35251,14.0995
35252,14.1195
35253,14.144
35254,14.1717
35255,14.201
35256,14.2295
35257,14.2549
35258,14.2748
35259,14.2872
35260,14.2906
35261,14.2847
35262,14.2699
35263,14.2481
35264,14.2218
35265,14.1941
35266,14.1685
35267,14.1483
35268,14.1359
35269,14.1329
35270,14.1396
35271,14.1549
35272,14.1769
35273,14.2025
35274,14.2285
35275,14.2514
35276,14.2682
35277,14.2764
35278,14.2744
35279,14.2617
35280,14.2388
35281,14.2071
35282,14.169
35283,14.1275
35284,14.0861
35285,14.0488
35286,14.019
35287,14.0002
35288,13.9945
35289,14.0033
35290,14.0261
35291,14.0613
35292,14.1057
35293,14.155
35294,14.2045
35295,14.2491
35296,14.2846
35297,14.3078
35298,14.317
35299,14.312
35300,14.2941
35301,14.2659
35302,14.2307
35303,14.1923
35304,14.1545
35305,14.1208
35306,14.0943
35307,14.0772
35308,14.0707
35309,14.0753
35310,14.0904
35311,14.1144
35312,14.1449
35313,14.1789
35314,14.2129
35315,14.2435
35316,14.2674
35317,14.2819
35318,14.2851
35319,14.2761
35320,14.2548
35321,14.2226
35322,14.1819
35323,14.1362
35324,14.0899
35325,14.0481
35326,14.0158
35327,13.9976
35328,13.9967
35329,14.015
35330,14.0522
35331,14.1063
35332,14.1733
35333,14.2481
35334,14.3248
35335,14.3975
35336,14.4607
35337,14.5104
35338,14.5438
35339,14.5597
35340,14.5585
35341,14.5415
35342,14.511
35343,14.4696
35344,14.4203
35345,14.3662
35346,14.3104
35347,14.2559
35348,14.2056
35349,14.1623
35350,14.128
35351,14.1043
35352,14.0918
35353,14.0901
35354,14.098
35355,14.1137
35356,14.1346
35357,14.1581
35358,14.1813
35359,14.202
35360,14.2181
35361,14.2286
35362,14.2329
35363,14.2312
35364,14.2248
35365,14.2151
35366,14.2043
35367,14.1944
35368,14.187
35369,14.1833
35370,14.1834
35371,14.1864
35372,14.1907
35373,14.1942
35374,14.1945
35375,14.1897
35376,14.1787
35377,14.1613
35378,14.1385
35379,14.1122
35380,14.0847
35381,14.0588
35382,14.037
35383,14.0212
35384,14.0127
35385,14.0119
35386,14.0181
35387,14.0296
35388,14.0443
35389,14.0593
35390,14.0718
35391,14.0792
35392,14.08
35393,14.0734
35394,14.0598
35395,14.0408
35396,14.0187
35397,13.9965
35398,13.9772
35399,13.9637
35400,13.9585
35401,13.9633
35402,13.9791
35403,14.0063
35404,14.0444
35405,14.0923
35406,14.1483
35407,14.21
35408,14.2742
35409,14.3375
35410,14.3964
35411,14.4476
35412,14.4885
35413,14.5173
35414,14.533
35415,14.5359
35416,14.5269
35417,14.5079
35418,14.4816
35419,14.4512
35420,14.42
35421,14.3912
35422,14.3679
35423,14.3519
35424,14.3446
35425,14.3455
35426,14.3535
35427,14.366
35428,14.3795
35429,14.3904
35430,14.3947
35431,14.3892
35432,14.3713
35433,14.34
35434,14.2956
35435,14.2399
35436,14.1758
35437,14.1073
35438,14.0388
35439,13.9744
35440,13.9182
35441,13.8732
35442,13.8415
35443,13.8241
35444,13.8212
35445,13.8319
35446,13.8548
35447,13.8878
35448,13.9287
35449,13.9747
35450,14.0231
35451,14.0713
35452,14.1168
35453,14.1576
35454,14.1924
35455,14.2204
35456,14.2417
35457,14.2572
35458,14.2686
35459,14.2778
35460,14.2872
35461,14.2985
35462,14.3132
35463,14.3317
35464,14.3533
35465,14.3764
35466,14.3986
35467,14.4169
35468,14.4286
35469,14.4312
35470,14.4232
35471,14.4039
35472,14.3738
35473,14.3344
35474,14.2877
35475,14.2362
35476,14.1827
35477,14.1297
35478,14.0798
35479,14.0351
35480,13.9974
35481,13.9677
35482,13.9467
35483,13.9348
35484,13.9316
35485,13.9367
35486,13.9493
35487,13.9685
35488,13.9935
35489,14.0231
35490,14.0562
35491,14.0915
35492,14.1274
35493,14.162
35494,14.1936
35495,14.2204
35496,14.2411
35497,14.2551
35498,14.2627
35499,14.2647
35500,14.2626
35501,14.2584
35502,14.2537
35503,14.2503
35504,14.2495
35505,14.2523
35506,14.2593
35507,14.2704
35508,14.2852
35509,14.3032
35510,14.3234
35511,14.3446
35512,14.3655
35513,14.3849
35514,14.4014
35515,14.4136
35516,14.4202
35517,14.4201
35518,14.4127
35519,14.3975
35520,14.3746
35521,14.3442
35522,14.3071
35523,14.2645
35524,14.2177
35525,14.1683
35526,14.118
35527,14.0682
35528,14.0204
35529,13.9756
35530,13.9346
35531,13.8982
35532,13.8669
35533,13.8413
35534,13.8221
35535,13.8101
35536,13.8063
35537,13.8117
35538,13.8275
35539,13.8543
35540,13.8928
35541,13.9426
35542,14.0029
35543,14.0718
35544,14.1468
35545,14.2244
35546,14.3007
35547,14.3718
35548,14.4341
35549,14.4847
35550,14.522
35551,14.5456
35552,14.5566
35553,14.5572
35554,14.5504
35555,14.5394
35556,14.5273
35557,14.5164
35558,14.5079
35559,14.5023
35560,14.4986
35561,14.4955
35562,14.4913
35563,14.4847
35564,14.475
35565,14.4626
35566,14.4489
35567,14.4362
35568,14.4274
35569,14.4256
35570,14.4335
35571,14.4527
35572,14.4833
35573,14.5236
35574,14.5702
35575,14.618
35576,14.6611
35577,14.6934
35578,14.7096
35579,14.7058
35580,14.6801
35581,14.6328
35582,14.5667
35583,14.4863
35584,14.3974
35585,14.3067
35586,14.2207
35587,14.1451
35588,14.0849
35589,14.0432
35590,14.0215
35591,14.0197
35592,14.0359
35593,14.0669
35594,14.1083
35595,14.1552
35596,14.2024
35597,14.2449
35598,14.2784
35599,14.2999
35600,14.3076
35601,14.3012
35602,14.2819
35603,14.2519
35604,14.2141
35605,14.1717
35606,14.1276
35607,14.0842
35608,14.043
35609,14.005
35610,13.9701
35611,13.9382
35612,13.9091
35613,13.8827
35614,13.8597
35615,13.8414
35616,13.8294
35617,13.8261
35618,13.8337
35619,13.8543
35620,13.8893
35621,13.9394
35622,14.0041
35623,14.0818
35624,14.1699
35625,14.2649
35626,14.3625
35627,14.4582
35628,14.5474
35629,14.6258
35630,14.6894
35631,14.7353
35632,14.7611
35633,14.7657
35634,14.7493
35635,14.7132
35636,14.66
35637,14.5935
35638,14.518
35639,14.4384
35640,14.3592
35641,14.2845
35642,14.2175
35643,14.1607
35644,14.1155
35645,14.0822
35646,14.0604
35647,14.049
35648,14.0462
35649,14.0499
35650,14.058
35651,14.0688
35652,14.0807
35653,14.0926
35654,14.1038
35655,14.1138
35656,14.122
35657,14.1281
35658,14.1316
35659,14.1319
35660,14.1291
35661,14.1232
35662,14.115
35663,14.1054
35664,14.0956
35665,14.0869
35666,14.0804
35667,14.077
35668,14.0768
35669,14.0798
35670,14.0851
35671,14.0916
35672,14.0982
35673,14.1036
35674,14.1072
35675,14.1087
35676,14.1084
35677,14.1074
35678,14.1071
35679,14.1091
35680,14.115
35681,14.1262
35682,14.1433
35683,14.1663
35684,14.1945
35685,14.2263
35686,14.2598
35687,14.2924
35688,14.3218
35689,14.3461
35690,14.3638
35691,14.3748
35692,14.3796
35693,14.3797
35694,14.3772
35695,14.3747
35696,14.3747
35697,14.3796
35698,14.3911
35699,14.4097
35700,14.435
35701,14.4657
35702,14.4992
35703,14.5324
35704,14.562
35705,14.5849
35706,14.5984
35707,14.6007
35708,14.591
35709,14.5697
35710,14.5383
35711,14.4988
35712,14.4539
35713,14.4064
35714,14.3587
35715,14.3128
35716,14.2701
35717,14.2317
35718,14.1982
35719,14.1701
35720,14.1477
35721,14.1312
35722,14.1208
35723,14.1162
35724,14.1169
35725,14.1223
35726,14.1312
35727,14.1423
35728,14.1543
35729,14.1658
35730,14.1759
35731,14.1838
35732,14.1893
35733,14.1923
35734,14.1929
35735,14.1913
35736,14.1876
35737,14.1817
35738,14.1733
35739,14.1618
35740,14.1466
35741,14.1272
35742,14.1034
35743,14.0754
35744,14.0438
35745,14.0101
35746,13.9762
35747,13.9443
35748,13.9173
35749,13.8977
35750,13.8882
35751,13.8907
35752,13.9065
35753,13.9358
35754,13.9777
35755,14.03
35756,14.0901
35757,14.1545
35758,14.2199
35759,14.2827
35760,14.3398
35761,14.3888
35762,14.4276
35763,14.455
35764,14.4707
35765,14.4749
35766,14.4687
35767,14.4537
35768,14.4321
35769,14.4067
35770,14.38
35771,14.3549
35772,14.3339
35773,14.3189
35774,14.3114
35775,14.3117
35776,14.3196
35777,14.3339
35778,14.3525
35779,14.3731
35780,14.3929
35781,14.4093
35782,14.4202
35783,14.424
35784,14.4201
35785,14.4086
35786,14.3904
35787,14.3668
35788,14.3394
35789,14.3097
35790,14.2789
35791,14.2483
35792,14.2189
35793,14.1918
35794,14.1687
35795,14.1512
35796,14.1415
35797,14.1418
35798,14.1536
35799,14.1783
35800,14.2158
35801,14.2654
35802,14.3249
35803,14.3911
35804,14.4603
35805,14.5277
35806,14.5887
35807,14.6386
35808,14.6735
35809,14.6907
35810,14.6883
35811,14.666
35812,14.6248
35813,14.5667
35814,14.4949
35815,14.4133
35816,14.3268
35817,14.2404
35818,14.1592
35819,14.0882
35820,14.0312
35821,13.9909
35822,13.9686
35823,13.9637
35824,13.9743
35825,13.9974
35826,14.0292
35827,14.0655
35828,14.1024
35829,14.1364
35830,14.1648
35831,14.1857
35832,14.1983
35833,14.2025
35834,14.1994
35835,14.1902
35836,14.1771
35837,14.1623
35838,14.1481
35839,14.1366
35840,14.1292
35841,14.1268
35842,14.129
35843,14.1347
35844,14.1419
35845,14.1482
35846,14.151
35847,14.1483
35848,14.1386
35849,14.1214
35850,14.0974
35851,14.0677
35852,14.0346
35853,14.0003
35854,13.9674
35855,13.9385
35856,13.9158
35857,13.9011
35858,13.8961
35859,13.9015
35860,13.9177
35861,13.9445
35862,13.981
35863,14.0256
35864,14.0766
35865,14.1314
35866,14.1873
35867,14.2415
35868,14.2913
35869,14.3342
35870,14.3685
35871,14.3929
35872,14.4072
35873,14.4116
35874,14.4069
35875,14.3941
35876,14.3744
35877,14.3485
35878,14.3174
35879,14.2815
35880,14.2416
35881,14.1983
35882,14.1526
35883,14.1058
35884,14.0593
35885,14.0146
35886,13.9732
35887,13.9366
35888,13.9059
35889,13.8822
35890,13.8661
35891,13.8578
35892,13.8571
35893,13.8636
35894,13.8765
35895,13.8946
35896,13.9169
35897,13.9425
35898,13.9708
35899,14.0013
35900,14.0339
35901,14.0688
35902,14.1057
35903,14.1444
35904,14.1841
35905,14.2234
35906,14.2609
35907,14.2945
35908,14.3225
35909,14.3434
35910,14.3564
35911,14.3616
35912,14.36
35913,14.3534
35914,14.3437
35915,14.3335
35916,14.3246
35917,14.3188
35918,14.3171
35919,14.3198
35920,14.3269
35921,14.3379
35922,14.3518
35923,14.3678
35924,14.3847
35925,14.4016
35926,14.4176
35927,14.432
35928,14.4441
35929,14.4537
35930,14.4604
35931,14.4642
35932,14.4648
35933,14.4622
35934,14.4562
35935,14.4469
35936,14.434
35937,14.4176
35938,14.3975
35939,14.3742
35940,14.348
35941,14.3198
35942,14.2908
35943,14.2623
35944,14.236
35945,14.2138
35946,14.1974
35947,14.1885
35948,14.1884
35949,14.198
35950,14.2175
35951,14.2467
35952,14.2846
35953,14.3297
35954,14.3803
35955,14.4341
35956,14.4883
35957,14.5403
35958,14.5871
35959,14.6258
35960,14.6539
35961,14.6691
35962,14.6698
35963,14.6547
35964,14.6233
35965,14.5758
35966,14.5131
35967,14.4371
35968,14.3504
35969,14.2563
35970,14.1589
35971,14.0625
35972,13.9717
35973,13.8907
35974,13.8232
35975,13.7719
35976,13.7381
35977,13.7222
35978,13.7231
35979,13.7385
35980,13.7655
35981,13.8006
35982,13.8402
35983,13.8809
35984,13.92
35985,13.9554
35986,13.9858
35987,14.0106
35988,14.0302
35989,14.0454
35990,14.0571
35991,14.0666
35992,14.0749
35993,14.0826
35994,14.0899
35995,14.0964
35996,14.1018
35997,14.1053
35998,14.1062
35999,14.1038
36000,24.6213
36001,24.6035
36002,24.5783
36003,24.5459
36004,24.5071
36005,24.4632
36006,24.4162
36007,24.3688
36008,24.3238
36009,24.2846
36010,24.2544
36011,24.2364
36012,24.2335
36013,24.2477
36014,24.2803
36015,24.3316
36016,24.4001
36017,24.4831
36018,24.5765
36019,24.6748
36020,24.7718
36021,24.8607
36022,24.9352
36023,24.9895
36024,25.0194
36025,25.0228
36026,25.0
36027,24.9537
36028,24.8887
36029,24.8117
36030,24.7305
36031,24.6532
36032,24.5874
36033,24.5396
36034,24.5144
36035,24.5139
36036,24.5377
36037,24.5826
36038,24.6433
36039,24.7126
36040,24.7825
36041,24.8449
36042,24.8926
36043,24.9201
36044,24.9244
36045,24.9053
36046,24.8657
36047,24.8109
36048,24.7484
36049,24.6864
36050,24.6336
36051,24.5972
36052,24.5831
36053,24.5943
36054,24.6314
36055,24.6921
36056,24.7715
36057,24.8633
36058,24.9598
36059,25.0537
36060,25.1378
36061,25.2066
36062,25.2557
36063,25.2821
36064,25.2846
36065,25.263
36066,25.2185
36067,25.1536
36068,25.0716
36069,24.9766
36070,24.8736
36071,24.7674
36072,24.6629
36073,24.5644
36074,24.4753
36075,24.3984
36076,24.3353
36077,24.2872
36078,24.2554
36079,24.241
36080,24.2453
36081,24.2701
36082,24.3164
36083,24.3847
36084,24.474
36085,24.5812
36086,24.7016
36087,24.8283
36088,24.9529
36089,25.0664
36090,25.16
36091,25.2261
36092,25.2593
36093,25.257
36094,25.2196
36095,25.1509
36096,25.0572
36097,24.9469
36098,24.8301
36099,24.7171
36100,24.6183
36101,24.5427
36102,24.4976
36103,24.4881
36104,24.5161
36105,24.5808
36106,24.6781
36107,24.8014
36108,24.9419
36109,25.0896
36110,25.2339
36111,25.3647
36112,25.4734
36113,25.5533
36114,25.6002
36115,25.6124
36116,25.5908
36117,25.5383
36118,25.4598
36119,25.3612
36120,25.2497
36121,25.1326
36122,25.0171
36123,24.9099
36124,24.816
36125,24.7389
36126,24.6801
36127,24.6397
36128,24.6162
36129,24.6076
36130,24.6112
36131,24.6246
36132,24.6454
36133,24.6715
36134,24.701
36135,24.7322
36136,24.7638
36137,24.795
36138,24.8256
36139,24.8561
36140,24.8874
36141,24.9208
36142,24.9575
36143,24.998
36144,25.0422
36145,25.0888
36146,25.135
36147,25.1772
36148,25.2112
36149,25.2325
36150,25.2375
36151,25.2237
36152,25.1898
36153,25.1367
36154,25.0666
36155,24.9833
36156,24.892
36157,24.7987
36158,24.7101
36159,24.6327
36160,24.5727
36161,24.535
36162,24.5228
36163,24.5375
36164,24.5783
36165,24.6426
36166,24.7256
36167,24.8212
36168,24.9223
36169,25.0213
36170,25.1109
36171,25.1845
36172,25.2369
36173,25.2647
36174,25.266
36175,25.2414
36176,25.1931
36177,25.1252
36178,25.0433
36179,24.9544
36180,24.866
36181,24.7858
36182,24.7207
36183,24.6769
36184,24.6587
36185,24.6683
36186,24.7058
36187,24.7692
36188,24.8544
36189,24.9557
36190,25.0663
36191,25.1787
36192,25.2856
36193,25.3798
36194,25.4552
36195,25.5071
36196,25.5326
36197,25.5307
36198,25.503
36199,25.4533
36200,25.3873
36201,25.3121
36202,25.2352
36203,25.1641
36204,25.1045
36205,25.0605
36206,25.0336
36207,25.0229
36208,25.0255
36209,25.037
36210,25.0527
36211,25.0677
36212,25.0782
36213,25.0809
36214,25.0739
36215,25.0566
36216,25.029
36217,24.9925
36218,24.9494
36219,24.9027
36220,24.8558
36221,24.8119
36222,24.7741
36223,24.7441
36224,24.7228
36225,24.7096
36226,24.7034
36227,24.7021
36228,24.7034
36229,24.7048
36230,24.7041
36231,24.6992
36232,24.6888
36233,24.6724
36234,24.6499
36235,24.6221
36236,24.5901
36237,24.5555
36238,24.52
36239,24.4858
36240,24.4553
36241,24.4309
36242,24.4151
36243,24.4097
36244,24.4161
36245,24.4346
36246,24.4645
36247,24.5041
36248,24.5507
36249,24.6015
36250,24.6532
36251,24.7025
36252,24.7468
36253,24.7834
36254,24.8103
36255,24.8262
36256,24.8301
36257,24.822
36258,24.8025
36259,24.773
36260,24.7355
36261,24.6924
36262,24.6461
36263,24.5989
36264,24.5527
36265,24.509
36266,24.4685
36267,24.4318
36268,24.3989
36269,24.3695
36270,24.3431
36271,24.3188
36272,24.296
36273,24.2742
36274,24.2533
36275,24.234
36276,24.2179
36277,24.2069
36278,24.2037
36279,24.2103
36280,24.2285
36281,24.2588
36282,24.3003
36283,24.3508
36284,24.4071
36285,24.4651
36286,24.5203
36287,24.5683
36288,24.605
36289,24.6274
36290,24.6337
36291,24.6233
36292,24.5973
36293,24.5579
36294,24.5089
36295,24.4549
36296,24.4009
36297,24.3521
36298,24.3132
36299,24.2885
36300,24.2811
36301,24.2927
36302,24.3238
36303,24.3733
36304,24.4383
36305,24.5148
36306,24.5977
36307,24.6814
36308,24.7609
36309,24.8317
36310,24.8909
36311,24.9367
36312,24.9693
36313,24.9897
36314,24.9997
36315,25.0012
36316,24.9959
36317,24.9846
36318,24.9673
36319,24.9432
36320,24.911
36321,24.8694
36322,24.8171
36323,24.7541
36324,24.6813
36325,24.6008
36326,24.516
36327,24.4312
36328,24.3511
36329,24.281
36330,24.2257
36331,24.1898
36332,24.1765
36333,24.1879
36334,24.2242
36335,24.2837
36336,24.3631
36337,24.4571
36338,24.5596
36339,24.6636
36340,24.7617
36341,24.8471
36342,24.9138
36343,24.9574
36344,24.9756
36345,24.9684
36346,24.9383
36347,24.8902
36348,24.8305
36349,24.767
36350,24.7077
36351,24.6599
36352,24.6292
36353,24.6192
36354,24.6306
36355,24.6617
36356,24.7084
36357,24.7654
36358,24.8268
36359,24.8871
36360,24.9421
36361,24.9892
36362,25.0276
36363,25.058
36364,25.0822
36365,25.1025
36366,25.121
36367,25.1397
36368,25.1597
36369,25.1816
36370,25.2051
36371,25.2291
36372,25.2523
36373,25.2729
36374,25.2889
36375,25.2986
36376,25.3004
36377,25.2931
36378,25.2757
36379,25.2476
36380,25.2086
36381,25.1586
36382,25.098
36383,25.0275
36384,24.9479
36385,24.8609
36386,24.7685
36387,24.6737
36388,24.5801
36389,24.4923
36390,24.4154
36391,24.3548
36392,24.3157
36393,24.3027
36394,24.3192
36395,24.367
36396,24.4457
36397,24.5529
36398,24.6838
36399,24.832
36400,24.9894
36401,25.1473
36402,25.2968
36403,25.4296
36404,25.5387
36405,25.6189
36406,25.6668
36407,25.6816
36408,25.6645
36409,25.6187
36410,25.5492
36411,25.4619
36412,25.3635
36413,25.261
36414,25.1604
36415,25.0672
36416,24.9856
36417,24.9189
36418,24.8691
36419,24.8377
36420,24.8251
36421,24.8307
36422,24.853
36423,24.8892
36424,24.9351
36425,24.9859
36426,25.0361
36427,25.0803
36428,25.1139
36429,25.1333
36430,25.1364
36431,25.1229
36432,25.0941
36433,25.0524
36434,25.0016
36435,24.9457
36436,24.8893
36437,24.8363
36438,24.7904
36439,24.7547
36440,24.7312
36441,24.721
36442,24.7239
36443,24.7385
36444,24.7624
36445,24.7923
36446,24.8244
36447,24.8547
36448,24.8797
36449,24.8965
36450,24.903
36451,24.898
36452,24.8812
36453,24.8538
36454,24.8176
36455,24.7756
36456,24.7314
36457,24.6888
36458,24.6516
36459,24.6232
36460,24.6059
36461,24.6013
36462,24.6095
36463,24.6298
36464,24.6599
36465,24.6968
36466,24.7368
36467,24.7758
36468,24.8101
36469,24.8365
36470,24.8532
36471,24.8596
36472,24.8567
36473,24.8469
36474,24.8334
36475,24.8195
36476,24.8082
36477,24.8011
36478,24.7983
36479,24.7983
36480,24.7984
36481,24.795
36482,24.7847
36483,24.7651
36484,24.7347
36485,24.6935
36486,24.6423
36487,24.5827
36488,24.5166
36489,24.4458
36490,24.3723
36491,24.2978
36492,24.2246
36493,24.1552
36494,24.0927
36495,24.0403
36496,24.0015
36497,23.9791
36498,23.9752
36499,23.9904
36500,24.024
36501,24.0737
36502,24.1358
36503,24.2055
36504,24.2773
36505,24.3458
36506,24.4061
36507,24.4545
36508,24.4894
36509,24.511
36510,24.5217
36511,24.5256
36512,24.5279
36513,24.5344
36514,24.5505
36515,24.5808
36516,24.6286
36517,24.6956
36518,24.7816
36519,24.885
36520,25.0021
36521,25.1282
36522,25.2573
36523,25.3825
36524,25.497
36525,25.5942
36526,25.6682
36527,25.7144
36528,25.7299
36529,25.7134
36530,25.6656
36531,25.5891
36532,25.4879
36533,25.3674
36534,25.2337
36535,25.0932
36536,24.9521
36537,24.8162
36538,24.6904
36539,24.5787
36540,24.484
36541,24.4078
36542,24.3505
36543,24.3113
36544,24.2883
36545,24.2792
36546,24.2811
36547,24.2908
36548,24.3057
36549,24.3233
36550,24.342
36551,24.3608
36552,24.3795
36553,24.3985
36554,24.4185
36555,24.4402
36556,24.4642
36557,24.4906
36558,24.5191
36559,24.5493
36560,24.5806
36561,24.6128
36562,24.6461
36563,24.6813
36564,24.7193
36565,24.7614
36566,24.8084
36567,24.8605
36568,24.9168
36569,24.9753
36570,25.0331
36571,25.0869
36572,25.1335
36573,25.1702
36574,25.1954
36575,25.2089
36576,25.2117
36577,25.2061
36578,25.1948
36579,25.181
36580,25.1674
36581,25.156
36582,25.1476
36583,25.1417
36584,25.1367
36585,25.1298
36586,25.1182
36587,25.099
36588,25.0706
36589,25.0326
36590,24.9864
36591,24.9347
36592,24.8815
36593,24.8312
36594,24.7881
36595,24.7554
36596,24.7352
36597,24.7281
36598,24.7331
36599,24.7482
36600,24.7705
36601,24.7972
36602,24.8255
36603,24.8533
36604,24.8794
36605,24.9031
36606,24.9243
36607,24.943
36608,24.9594
36609,24.9729
36610,24.983
36611,24.9885
36612,24.9883
36613,24.9813
36614,24.9665
36615,24.9437
36616,24.9129
36617,24.8751
36618,24.832
36619,24.7862
36620,24.7406
36621,24.6983
36622,24.6624
36623,24.6356
36624,24.6196
36625,24.6155
36626,24.6231
36627,24.6414
36628,24.6683
36629,24.7012
36630,24.7366
36631,24.7712
36632,24.8015
36633,24.8245
36634,24.838
36635,24.8408
36636,24.8327
36637,24.8147
36638,24.789
36639,24.7586
36640,24.7267
36641,24.6961
36642,24.6689
36643,24.6462
36644,24.6276
36645,24.6114
36646,24.5951
36647,24.5757
36648,24.5505
36649,24.5178
36650,24.4769
36651,24.4294
36652,24.3784
36653,24.3285
36654,24.2849
36655,24.2532
36656,24.2381
36657,24.2427
36658,24.2687
36659,24.3159
36660,24.382
36661,24.463
36662,24.5535
36663,24.6468
36664,24.7359
36665,24.8135
36666,24.8731
36667,24.9095
36668,24.9191
36669,24.9004
36670,24.8541
36671,24.7827
36672,24.6907
36673,24.5834
36674,24.4673
36675,24.349
36676,24.2353
36677,24.1327
36678,24.047
36679,23.9835
36680,23.9467
36681,23.9399
36682,23.965
36683,24.0221
36684,24.1096
36685,24.2235
36686,24.3579
36687,24.5055
36688,24.6574
36689,24.8046
36690,24.9378
36691,25.0484
36692,25.1293
36693,25.175
36694,25.1824
36695,25.1511
36696,25.0836
36697,24.9852
36698,24.8636
36699,24.728
36700,24.5886
36701,24.4557
36702,24.3382
36703,24.2435
36704,24.1765
36705,24.1392
36706,24.1308
36707,24.1482
36708,24.1863
36709,24.2391
36710,24.3004
36711,24.3645
36712,24.4269
36713,24.4847
36714,24.5364
36715,24.5821
36716,24.6231
36717,24.6617
36718,24.7004
36719,24.742
36720,24.7885
36721,24.8412
36722,24.9001
36723,24.9637
36724,25.0292
36725,25.0924
36726,25.1479
36727,25.1902
36728,25.2138
36729,25.2143
36730,25.1891
36731,25.1379
36732,25.0629
36733,24.9685
36734,24.8608
36735,24.747
36736,24.6344
36737,24.5293
36738,24.4365
36739,24.359
36740,24.2977
36741,24.2518
36742,24.2192
36743,24.1973
36744,24.1835
36745,24.1757
36746,24.1729
36747,24.175
36748,24.1835
36749,24.2002
36750,24.2275
36751,24.2674
36752,24.321
36753,24.3884
36754,24.4677
36755,24.5559
36756,24.6482
36757,24.739
36758,24.8225
36759,24.893
36760,24.9455
36761,24.9765
36762,24.9841
36763,24.9682
36764,24.9303
36765,24.8735
36766,24.802
36767,24.7207
36768,24.6351
36769,24.5508
36770,24.4733
36771,24.4079
36772,24.3598
36773,24.3333
36774,24.3317
36775,24.3571
36776,24.4103
36777,24.49
36778,24.5935
36779,24.7161
36780,24.8518
36781,24.9933
36782,25.1329
36783,25.2624
36784,25.3744
36785,25.4622
36786,25.5208
36787,25.547
36788,25.5395
36789,25.4993
36790,25.4294
36791,25.3345
36792,25.2206
36793,25.0947
36794,24.9639
36795,24.8351
36796,24.7144
36797,24.6066
36798,24.5152
36799,24.4426
36800,24.3902
36801,24.3587
36802,24.3483
36803,24.3593
36804,24.3916
36805,24.445
36806,24.5186
36807,24.6107
36808,24.7185
36809,24.838
36810,24.9637
36811,25.0891
36812,25.2076
36813,25.3128
36814,25.3992
36815,25.4636
36816,25.5047
36817,25.5237
36818,25.5235
36819,25.5086
36820,25.4842
36821,25.4552
36822,25.4256
36823,25.3983
36824,25.3744
36825,25.354
36826,25.3359
36827,25.3178
36828,25.2973
36829,25.2717
36830,25.2382
36831,25.1946
36832,25.1393
36833,25.0719
36834,24.993
36835,24.9045
36836,24.8099
36837,24.7134
36838,24.6204
36839,24.5362
36840,24.466
36841,24.4143
36842,24.3842
36843,24.3775
36844,24.3943
36845,24.4331
36846,24.491
36847,24.5636
36848,24.6455
36849,24.7304
36850,24.8119
36851,24.8838
36852,24.9407
36853,24.9788
36854,24.996
36855,24.9925
36856,24.9703
36857,24.9333
36858,24.8863
36859,24.8351
36860,24.7851
36861,24.7412
36862,24.7071
36863,24.6849
36864,24.6751
36865,24.6767
36866,24.6874
36867,24.7038
36868,24.7224
36869,24.7395
36870,24.752
36871,24.7575
36872,24.7546
36873,24.7432
36874,24.7246
36875,24.7011
36876,24.676
36877,24.6528
36878,24.6353
36879,24.6264
36880,24.6281
36881,24.6411
36882,24.6648
36883,24.6976
36884,24.7368
36885,24.7798
36886,24.824
36887,24.8671
36888,24.9077
36889,24.9447
36890,24.9778
36891,25.0067
36892,25.0315
36893,25.0522
36894,25.0692
36895,25.083
36896,25.0941
36897,25.1032
36898,25.1107
36899,25.117
36900,25.1219
36901,25.1248
36902,25.1248
36903,25.1205
36904,25.1106
36905,25.0935
36906,25.0678
36907,25.0325
36908,24.9873
36909,24.9324
36910,24.8691
36911,24.7992
36912,24.7253
36913,24.6504
36914,24.5775
36915,24.5095
36916,24.4484
36917,24.3952
36918,24.3498
36919,24.3106
36920,24.2751
36921,24.2396
36922,24.2004
36923,24.1541
36924,24.0983
36925,24.0325
36926,23.9586
36927,23.8808
36928,23.8057
36929,23.7413
36930,23.6964
36931,23.6791
36932,23.6959
36933,23.7507
36934,23.844
36935,23.9727
36936,24.13
36937,24.307
36938,24.4929
36939,24.677
36940,24.8499
36941,25.0041
36942,25.1352
36943,25.2417
36944,25.3246
36945,25.3868
36946,25.4324
36947,25.4655
36948,25.4899
36949,25.5082
36950,25.5216
36951,25.5299
36952,25.5313
36953,25.5232
36954,25.5024
36955,25.4659
36956,25.4119
36957,25.3399
36958,25.2516
36959,25.1507
36960,25.043
36961,24.9354
36962,24.8355
36963,24.7503
36964,24.6857
36965,24.6453
36966,24.6298
36967,24.6375
36968,24.6641
36969,24.7038
36970,24.75
36971,24.7964
36972,24.8376
36973,24.8698
36974,24.8911
36975,24.9014
36976,24.9019
36977,24.8953
36978,24.8848
36979,24.8736
36980,24.8648
36981,24.8602
36982,24.8609
36983,24.8664
36984,24.8752
36985,24.8849
36986,24.8927
36987,24.8956
36988,24.8907
36989,24.876
36990,24.8505
36991,24.8144
36992,24.7696
36993,24.7194
36994,24.6686
36995,24.623
36996,24.5885
36997,24.5703
36998,24.5728
36999,24.5988
37000,24.649
37001,24.7225
37002,24.8167
37003,24.9272
37004,25.0487
37005,25.1749
37006,25.2992
37007,25.4148
37008,25.5154
37009,25.5953
37010,25.6495
37011,25.6742
37012,25.6666
37013,25.6251
37014,25.5499
37015,25.4423
37016,25.3057
37017,25.145
37018,24.9663
37019,24.7773
37020,24.5861
37021,24.4008
37022,24.2292
37023,24.0778
37024,23.9517
37025,23.8544
37026,23.7873
37027,23.7504
37028,23.7422
37029,23.7598
37030,23.7997
37031,23.8582
37032,23.9312
37033,24.0153
37034,24.1077
37035,24.2061
37036,24.3095
37037,24.4169
37038,24.5281
37039,24.6426
37040,24.7594
37041,24.8773
37042,24.9939
37043,25.1063
37044,25.2112
37045,25.3045
37046,25.3822
37047,25.4405
37048,25.4763
37049,25.4871
37050,25.4717
37051,25.43
37052,25.3635
37053,25.2746
37054,25.167
37055,25.0453
37056,24.9149
37057,24.7819
37058,24.6526
37059,24.5337
37060,24.4314
37061,24.3515
37062,24.2988
37063,24.2768
37064,24.2872
37065,24.3295
37066,24.4009
37067,24.4963
37068,24.6084
37069,24.7284
37070,24.8468
37071,24.9545
37072,25.0435
37073,25.1082
37074,25.1455
37075,25.1554
37076,25.1403
37077,25.1049
37078,25.0552
37079,24.9973
37080,24.9371
37081,24.8792
37082,24.8267
37083,24.7809
37084,24.7415
37085,24.7073
37086,24.6763
37087,24.6465
37088,24.6163
37089,24.5848
37090,24.5516
37091,24.5177
37092,24.4846
37093,24.4547
37094,24.4308
37095,24.4158
37096,24.4117
37097,24.4199
37098,24.4402
37099,24.4715
37100,24.5113
37101,24.5565
37102,24.6037
37103,24.6495
37104,24.6903
37105,24.7231
37106,24.7451
37107,24.7542
37108,24.7495
37109,24.731
37110,24.7005
37111,24.6606
37112,24.6154
37113,24.5693
37114,24.5267
37115,24.492
37116,24.4683
37117,24.4576
37118,24.4604
37119,24.4759
37120,24.5019
37121,24.5354
37122,24.5731
37123,24.6119
37124,24.649
37125,24.6826
37126,24.7115
37127,24.7354
37128,24.7546
37129,24.7691
37130,24.7789
37131,24.7832
37132,24.7809
37133,24.7703
37134,24.75
37135,24.7192
37136,24.678
37137,24.6279
37138,24.5716
37139,24.5129
37140,24.4567
37141,24.4082
37142,24.3721
37143,24.3525
37144,24.3519
37145,24.3709
37146,24.408
37147,24.4598
37148,24.5213
37149,24.587
37150,24.651
37151,24.7082
37152,24.7548
37153,24.7884
37154,24.8084
37155,24.8157
37156,24.8125
37157,24.8018
37158,24.7865
37159,24.7695
37160,24.7528
37161,24.7378
37162,24.7251
37163,24.7151
37164,24.7077
37165,24.7032
37166,24.7015
37167,24.7028
37168,24.7066
37169,24.7122
37170,24.7185
37171,24.7238
37172,24.7262
37173,24.7242
37174,24.7165
37175,24.7029
37176,24.6839
37177,24.6611
37178,24.6364
37179,24.6118
37180,24.5894
37181,24.5705
37182,24.5557
37183,24.5448
37184,24.5369
37185,24.5311
37186,24.5263
37187,24.5223
37188,24.5196
37189,24.5194
37190,24.5237
37191,24.5344
37192,24.5536
37193,24.5823
37194,24.6209
37195,24.6682
37196,24.7214
37197,24.7764
37198,24.8281
37199,24.871
37200,24.9001
37201,24.9112
37202,24.9022
37203,24.8731
37204,24.8258
37205,24.7644
37206,24.6943
37207,24.6219
37208,24.5536
37209,24.495
37210,24.4507
37211,24.4234
37212,24.4143
37213,24.4227
37214,24.447
37215,24.4844
37216,24.5319
37217,24.5861
37218,24.6443
37219,24.7039
37220,24.7631
37221,24.8204
37222,24.8748
37223,24.9253
37224,24.9708
37225,25.0101
37226,25.0416
37227,25.0638
37228,25.0749
37229,25.0735
37230,25.0585
37231,25.0294
37232,24.9862
37233,24.9295
37234,24.8606
37235,24.7812
37236,24.6939
37237,24.6013
37238,24.5071
37239,24.4155
37240,24.3314
37241,24.2606
37242,24.2093
37243,24.1837
37244,24.1896
37245,24.2313
37246,24.3111
37247,24.4285
37248,24.5797
37249,24.7573
37250,24.9512
37251,25.1491
37252,25.3371
37253,25.5017
37254,25.6304
37255,25.7128
37256,25.7416
37257,25.7132
37258,25.6274
37259,25.4877
37260,25.3012
37261,25.0779
37262,24.8302
37263,24.5727
37264,24.3208
37265,24.0903
37266,23.8959
37267,23.7504
37268,23.6634
37269,23.6404
37270,23.6823
37271,23.785
37272,23.9398
37273,24.1342
37274,24.353
37275,24.5802
37276,24.8002
37277,24.9993
37278,25.1667
37279,25.2949
37280,25.3799
37281,25.421
37282,25.4203
37283,25.3826
37284,25.3145
37285,25.2238
37286,25.1192
37287,25.0092
37288,24.902
37289,24.8044
37290,24.722
37291,24.6588
37292,24.6174
37293,24.5988
37294,24.603
37295,24.6291
37296,24.6751
37297,24.7383
37298,24.815
37299,24.9009
37300,24.9907
37301,25.0791
37302,25.1608
37303,25.2306
37304,25.2844
37305,25.3192
37306,25.3332
37307,25.3261
37308,25.2989
37309,25.254
37310,25.195
37311,25.1262
37312,25.0523
37313,24.978
37314,24.9076
37315,24.8441
37316,24.7899
37317,24.7459
37318,24.7125
37319,24.6893
37320,24.6761
37321,24.6726
37322,24.6789
37323,24.6948
37324,24.7201
37325,24.7539
37326,24.7943
37327,24.8387
37328,24.8835
37329,24.9247
37330,24.9584
37331,24.9812
37332,24.9903
37333,24.9846
37334,24.964
37335,24.9301
37336,24.8856
37337,24.8339
37338,24.7793
37339,24.7265
37340,24.6798
37341,24.6435
37342,24.6215
37343,24.6165
37344,24.6302
37345,24.6634
37346,24.715
37347,24.7829
37348,24.8636
37349,24.9525
37350,25.0438
37351,25.1316
37352,25.2093
37353,25.2709
37354,25.3111
37355,25.3259
37356,25.3133
37357,25.2728
37358,25.2061
37359,25.1165
37360,25.0089
37361,24.889
37362,24.7633
37363,24.6383
37364,24.5205
37365,24.4161
37366,24.3304
37367,24.268
37368,24.2323
37369,24.2251
37370,24.2467
37371,24.2956
37372,24.3687
37373,24.4615
37374,24.5685
37375,24.6834
37376,24.7994
37377,24.9097
37378,25.0082
37379,25.0891
37380,25.1481
37381,25.1823
37382,25.1906
37383,25.1738
37384,25.1347
37385,25.0779
37386,25.0092
37387,24.9354
37388,24.8632
37389,24.7987
37390,24.7463
37391,24.7086
37392,24.6862
37393,24.6778
37394,24.6808
37395,24.6917
37396,24.7069
37397,24.7235
37398,24.7395
37399,24.7541
37400,24.7675
37401,24.7803
37402,24.7934
37403,24.8069
37404,24.8206
37405,24.8334
37406,24.8438
37407,24.85
37408,24.8503
37409,24.8435
37410,24.8291
37411,24.8074
37412,24.7797
37413,24.7483
37414,24.7162
37415,24.6866
37416,24.6626
37417,24.6472
37418,24.6427
37419,24.6505
37420,24.6716
37421,24.7061
37422,24.7534
37423,24.8118
37424,24.8786
37425,24.9502
37426,25.0222
37427,25.0902
37428,25.15
37429,25.1982
37430,25.2329
37431,25.2534
37432,25.2604
37433,25.2557
37434,25.2418
37435,25.2213
37436,25.1965
37437,25.1697
37438,25.1425
37439,25.1161
37440,25.0915
37441,25.0694
37442,25.0506
37443,25.0358
37444,25.0255
37445,25.0198
37446,25.0182
37447,25.019
37448,25.0197
37449,25.0166
37450,25.0059
37451,24.9841
37452,24.9487
37453,24.8987
37454,24.8351
37455,24.7613
37456,24.6821
37457,24.6039
37458,24.533
37459,24.4757
37460,24.4364
37461,24.4176
37462,24.4194
37463,24.4393
37464,24.4731
37465,24.5158
37466,24.5621
37467,24.6072
37468,24.6479
37469,24.6819
37470,24.7084
37471,24.7278
37472,24.7411
37473,24.7496
37474,24.7551
37475,24.759
37476,24.7628
37477,24.7676
37478,24.7747
37479,24.7851
37480,24.8
37481,24.8207
37482,24.8485
37483,24.8848
37484,24.9304
37485,24.9854
37486,25.0487
37487,25.1182
37488,25.1901
37489,25.2601
37490,25.323
37491,25.3745
37492,25.411
37493,25.4307
37494,25.4335
37495,25.4214
37496,25.398
37497,25.3677
37498,25.3355
37499,25.3059
37500,25.2826
37501,25.268
37502,25.2627
37503,25.2659
37504,25.2753
37505,25.2875
37506,25.2984
37507,25.3044
37508,25.3023
37509,25.2904
37510,25.2685
37511,25.238
37512,25.2016
37513,25.1628
37514,25.1255
37515,25.0933
37516,25.0687
37517,25.0533
37518,25.0469
37519,25.048
37520,25.0538
37521,25.0608
37522,25.0647
37523,25.0617
37524,25.0483
37525,25.0218
37526,24.9808
37527,24.9248
37528,24.855
37529,24.7742
37530,24.6866
37531,24.5978
37532,24.5145
37533,24.4434
37534,24.3911
37535,24.3625
37536,24.3609
37537,24.3872
37538,24.4396
37539,24.5141
37540,24.6044
37541,24.7027
37542,24.8009
37543,24.8905
37544,24.9645
37545,25.0171
37546,25.0448
37547,25.0466
37548,25.0233
37549,24.9779
37550,24.9146
37551,24.8383
37552,24.7541
37553,24.6668
37554,24.5807
37555,24.4995
37556,24.426
37557,24.3623
37558,24.3098
37559,24.2689
37560,24.2398
37561,24.2219
37562,24.2146
37563,24.2176
37564,24.2308
37565,24.2541
37566,24.2878
37567,24.3318
37568,24.3857
37569,24.4486
37570,24.5188
37571,24.5935
37572,24.6695
37573,24.7425
37574,24.8081
37575,24.862
37576,24.9005
37577,24.9209
37578,24.922
37579,24.9042
37580,24.8691
37581,24.82
37582,24.7607
37583,24.6956
37584,24.629
37585,24.5649
37586,24.5062
37587,24.455
37588,24.4126
37589,24.3794
37590,24.3558
37591,24.342
37592,24.3384
37593,24.3459
37594,24.3657
37595,24.3992
37596,24.4476
37597,24.5114
37598,24.5902
37599,24.6821
37600,24.7839
37601,24.891
37602,24.9977
37603,25.0977
37604,25.185
37605,25.254
37606,25.3004
37607,25.3212
37608,25.3151
37609,25.2826
37610,25.2258
37611,25.1482
37612,25.0551
37613,24.9526
37614,24.8476
37615,24.7472
37616,24.6574
37617,24.5831
37618,24.5274
37619,24.4913
37620,24.4737
37621,24.4723
37622,24.4836
37623,24.5038
37624,24.5296
37625,24.5584
37626,24.5886
37627,24.6202
37628,24.6537
37629,24.6908
37630,24.7329
37631,24.7815
37632,24.8368
37633,24.8981
37634,24.9635
37635,25.03
37636,25.0937
37637,25.1504
37638,25.1962
37639,25.2276
37640,25.2425
37641,25.2399
37642,25.2207
37643,25.1871
37644,25.1429
37645,25.0925
37646,25.0411
37647,24.9934
37648,24.9532
37649,24.9228
37650,24.9026
37651,24.8911
37652,24.885
37653,24.8798
37654,24.8706
37655,24.8532
37656,24.8243
37657,24.7829
37658,24.7302
37659,24.6699
37660,24.608
37661,24.5519
37662,24.5099
37663,24.4897
37664,24.4974
37665,24.5363
37666,24.6066
37667,24.705
37668,24.8248
37669,24.9568
37670,25.0905
37671,25.2151
37672,25.3208
37673,25.3999
37674,25.4472
37675,25.4607
37676,25.4412
37677,25.3923
37678,25.3192
37679,25.2291
37680,25.1296
37681,25.0284
37682,24.9325
37683,24.8474
37684,24.7772
37685,24.7244
37686,24.6892
37687,24.6707
37688,24.6664
37689,24.6729
37690,24.6864
37691,24.7031
37692,24.7199
37693,24.7351
37694,24.7481
37695,24.76
37696,24.7733
37697,24.7914
37698,24.8181
37699,24.8571
37700,24.9111
37701,24.9819
37702,25.069
37703,25.1703
37704,25.2815
37705,25.3966
37706,25.5086
37707,25.6103
37708,25.6949
37709,25.7567
37710,25.7921
37711,25.7991
37712,25.778
37713,25.7309
37714,25.6614
37715,25.5742
37716,25.4743
37717,25.3668
37718,25.2563
37719,25.1465
37720,25.0406
37721,24.9414
37722,24.8513
37723,24.7732
37724,24.71
37725,24.6653
37726,24.6421
37727,24.6434
37728,24.6705
37729,24.7232
37730,24.7988
37731,24.8923
37732,24.9963
37733,25.1017
37734,25.198
37735,25.275
37736,25.3236
37737,25.3367
37738,25.31
37739,25.2428
37740,25.1377
37741,25.0006
37742,24.8405
37743,24.6683
37744,24.4966
37745,24.3378
37746,24.2033
37747,24.1027
37748,24.0426
37749,24.026
37750,24.0523
37751,24.1174
37752,24.214
37753,24.3329
37754,24.4636
37755,24.5957
37756,24.7195
37757,24.8267
37758,24.9111
37759,24.9683
37760,24.9963
37761,24.995
37762,24.966
37763,24.9128
37764,24.8403
37765,24.7545
37766,24.6621
37767,24.5697
37768,24.4838
37769,24.4096
37770,24.3511
37771,24.3109
37772,24.2896
37773,24.2866
37774,24.3
37775,24.3269
37776,24.3634
37777,24.4053
37778,24.448
37779,24.4865
37780,24.5163
37781,24.5338
37782,24.5361
37783,24.522
37784,24.4915
37785,24.4462
37786,24.3888
37787,24.323
37788,24.2528
37789,24.1829
37790,24.118
37791,24.0625
37792,24.0209
37793,23.9967
37794,23.9931
37795,24.012
37796,24.0545
37797,24.1204
37798,24.2084
37799,24.3156
37800,24.438
37801,24.5702
37802,24.7063
37803,24.8399
37804,24.9651
37805,25.0771
37806,25.1725
37807,25.2499
37808,25.3098
37809,25.3539
37810,25.385
37811,25.406
37812,25.4193
37813,25.4267
37814,25.4285
37815,25.4242
37816,25.4121
37817,25.3901
37818,25.3555
37819,25.3061
37820,25.24
37821,25.1565
37822,25.0559
37823,24.9395
37824,24.8097
37825,24.67
37826,24.5245
37827,24.3777
37828,24.2349
37829,24.1017
37830,23.9836
37831,23.8861
37832,23.8141
37833,23.7715
37834,23.7607
37835,23.7819
37836,23.8336
37837,23.9118
37838,24.0108
37839,24.1237
37840,24.2426
37841,24.3598
37842,24.4685
37843,24.5631
37844,24.6399
37845,24.6973
37846,24.7355
37847,24.7565
37848,24.7635
37849,24.7607
37850,24.7527
37851,24.7436
37852,24.7376
37853,24.7381
37854,24.7474
37855,24.7671
37856,24.7971
37857,24.836
37858,24.8807
37859,24.9271
37860,24.9703
37861,25.0056
37862,25.0292
37863,25.0387
37864,25.0335
37865,25.0149
37866,24.9853
37867,24.9482
37868,24.9071
37869,24.8655
37870,24.8258
37871,24.7901
37872,24.7593
37873,24.7342
37874,24.7148
37875,24.7011
37876,24.6929
37877,24.6897
37878,24.6906
37879,24.6945
37880,24.7002
37881,24.706
37882,24.7109
37883,24.7141
37884,24.7154
37885,24.7152
37886,24.7142
37887,24.7133
37888,24.7132
37889,24.7146
37890,24.7176
37891,24.722
37892,24.7279
37893,24.7352
37894,24.7445
37895,24.7566
37896,24.7732
37897,24.7956
37898,24.8252
37899,24.8628
37900,24.9081
37901,24.96
37902,25.0159
37903,25.0724
37904,25.1249
37905,25.1684
37906,25.1976
37907,25.2073
37908,25.193
37909,25.1513
37910,25.0804
37911,24.9807
37912,24.8547
37913,24.7073
37914,24.5455
37915,24.3781
37916,24.2152
37917,24.0675
37918,23.9454
37919,23.8586
37920,23.8152
37921,23.8208
37922,23.8781
37923,23.9863
37924,24.1408
37925,24.3336
37926,24.5537
37927,24.7878
37928,25.0211
37929,25.2388
37930,25.4267
37931,25.5726
37932,25.6673
37933,25.7052
37934,25.6849
37935,25.6093
37936,25.4851
37937,25.3229
37938,25.1359
37939,24.9389
37940,24.747
37941,24.5746
37942,24.4337
37943,24.3331
37944,24.2773
37945,24.267
37946,24.2986
37947,24.3656
37948,24.459
37949,24.5688
37950,24.6851
37951,24.7985
37952,24.9015
37953,24.9881
37954,25.0544
37955,25.0988
37956,25.1212
37957,25.123
37958,25.1069
37959,25.0766
37960,25.0361
37961,24.9895
37962,24.9409
37963,24.8941
37964,24.852
37965,24.8173
37966,24.7916
37967,24.7759
37968,24.7709
37969,24.7763
37970,24.7913
37971,24.8147
37972,24.8446
37973,24.8783
37974,24.9126
37975,24.9442
37976,24.9696
37977,24.9858
37978,24.9906
37979,24.9829
37980,24.9635
37981,24.9342
37982,24.8986
37983,24.8614
37984,24.828
37985,24.804
37986,24.7943
37987,24.8027
37988,24.8308
37989,24.8781
37990,24.9422
37991,25.0187
37992,25.1023
37993,25.1874
37994,25.2687
37995,25.3418
37996,25.4032
37997,25.4508
37998,25.4829
37999,25.4987
38000,25.4981
38001,25.4811
38002,25.4481
38003,25.3996
38004,25.3362
38005,25.2587
38006,25.1679
38007,25.065
38008,24.9516
38009,24.8299
38010,24.7029
38011,24.5744
38012,24.4491
38013,24.3318
38014,24.228
38015,24.1428
38016,24.0807
38017,24.0454
38018,24.0391
38019,24.0624
38020,24.1137
38021,24.1899
38022,24.2865
38023,24.3982
38024,24.5197
38025,24.6459
38026,24.7731
38027,24.8985
38028,25.0205
38029,25.1384
38030,25.2516
38031,25.3596
38032,25.4608
38033,25.5528
38034,25.6315
38035,25.692
38036,25.7286
38037,25.7359
38038,25.7095
38039,25.6467
38040,25.5475
38041,25.4144
38042,25.253
38043,25.0715
38044,24.8799
38045,24.6898
38046,24.5128
38047,24.3599
38048,24.2405
38049,24.161
38050,24.1247
38051,24.1313
38052,24.1766
38053,24.2538
38054,24.3536
38055,24.4658
38056,24.58
38057,24.687
38058,24.7794
38059,24.8525
38060,24.9045
38061,24.936
38062,24.9505
38063,24.9527
38064,24.9488
38065,24.9451
38066,24.9477
38067,24.9615
38068,24.9903
38069,25.0362
38070,25.0995
38071,25.1787
38072,25.2706
38073,25.3707
38074,25.4736
38075,25.5731
38076,25.6632
38077,25.7382
38078,25.7932
38079,25.8242
38080,25.8285
38081,25.8048
38082,25.753
38083,25.6745
38084,25.5719
38085,25.4492
38086,25.3112
38087,25.1633
38088,25.0116
38089,24.862
38090,24.7204
38091,24.5927
38092,24.4839
38093,24.3988
38094,24.341
38095,24.3132
38096,24.3163
38097,24.35
38098,24.4123
38099,24.4994
38100,24.6064
38101,24.7272
38102,24.8546
38103,24.9812
38104,25.0994
38105,25.2023
38106,25.2836
38107,25.3387
38108,25.3643
38109,25.3588
38110,25.3225
38111,25.2576
38112,25.1679
38113,25.0589
38114,24.9377
38115,24.8127
38116,24.6928
38117,24.5871
38118,24.5042
38119,24.4509
38120,24.4324
38121,24.451
38122,24.5065
38123,24.5955
38124,24.7124
38125,24.8492
38126,24.9966
38127,25.1446
38128,25.283
38129,25.4023
38130,25.4942
38131,25.5523
38132,25.5726
38133,25.5535
38134,25.4962
38135,25.4044
38136,25.2843
38137,25.1436
38138,24.9918
38139,24.8388
38140,24.6949
38141,24.5694
38142,24.4705
38143,24.4045
38144,24.3757
38145,24.386
38146,24.4349
38147,24.5201
38148,24.6373
38149,24.781
38150,24.9439
38151,25.1181
38152,25.2949
38153,25.4654
38154,25.6209
38155,25.7533
38156,25.8554
38157,25.9218
38158,25.9487
38159,25.9344
38160,25.8795
38161,25.7865
38162,25.6603
38163,25.5072
38164,25.3356
38165,25.1545
38166,24.9739
38167,24.8036
38168,24.6526
38169,24.5285
38170,24.4365
38171,24.3797
38172,24.358
38173,24.3693
38174,24.4091
38175,24.4712
38176,24.5487
38177,24.6343
38178,24.7208
38179,24.8024
38180,24.8744
38181,24.9341
38182,24.9805
38183,25.014
38184,25.0364
38185,25.0498
38186,25.0564
38187,25.0578
38188,25.0547
38189,25.0466
38190,25.032
38191,25.0092
38192,24.9767
38193,24.9343
38194,24.883
38195,24.8259
38196,24.7674
38197,24.7126
38198,24.6668
38199,24.6344
38200,24.6185
38201,24.6201
38202,24.6385
38203,24.6708
38204,24.7129
38205,24.7597
38206,24.8055
38207,24.8451
38208,24.8737
38209,24.8877
38210,24.8848
38211,24.8641
38212,24.826
38213,24.7722
38214,24.7058
38215,24.6309
38216,24.5522
38217,24.4753
38218,24.4059
38219,24.3492
38220,24.31
38221,24.2915
38222,24.2949
38223,24.3196
38224,24.3628
38225,24.4199
38226,24.4853
38227,24.5532
38228,24.6182
38229,24.6761
38230,24.7241
38231,24.7609
38232,24.7865
38233,24.8018
38234,24.8081
38235,24.8063
38236,24.797
38237,24.7798
38238,24.754
38239,24.7186
38240,24.6727
38241,24.6164
38242,24.551
38243,24.4785
38244,24.4025
38245,24.327
38246,24.2572
38247,24.1981
38248,24.1549
38249,24.1319
38250,24.1321
38251,24.1569
38252,24.2059
38253,24.2767
38254,24.3652
38255,24.4663
38256,24.574
38257,24.6822
38258,24.7852
38259,24.878
38260,24.9568
38261,25.0189
38262,25.0629
38263,25.0889
38264,25.0979
38265,25.0922
38266,25.0747
38267,25.0492
38268,25.0196
38269,24.9897
38270,24.9628
38271,24.9412
38272,24.9263
38273,24.918
38274,24.9157
38275,24.9177
38276,24.9218
38277,24.9256
38278,24.9268
38279,24.9232
38280,24.9132
38281,24.8956
38282,24.8697
38283,24.8358
38284,24.7948
38285,24.7482
38286,24.6985
38287,24.6485
38288,24.6014
38289,24.5605
38290,24.5287
38291,24.5084
38292,24.5011
38293,24.5077
38294,24.5279
38295,24.5602
38296,24.6021
38297,24.6502
38298,24.7
38299,24.7466
38300,24.7849
38301,24.8105
38302,24.8201
38303,24.812
38304,24.7867
38305,24.7468
38306,24.6973
38307,24.6443
38308,24.5952
38309,24.5571
38310,24.5366
38311,24.5387
38312,24.5665
38313,24.6208
38314,24.7001
38315,24.8006
38316,24.9169
38317,25.0417
38318,25.1673
38319,25.2851
38320,25.3873
38321,25.4669
38322,25.5182
38323,25.5377
38324,25.5241
38325,25.4787
38326,25.4051
38327,25.3088
38328,25.1971
38329,25.078
38330,24.9598
38331,24.8506
38332,24.7569
38333,24.684
38334,24.6347
38335,24.6099
38336,24.6082
38337,24.6261
38338,24.659
38339,24.7016
38340,24.7486
38341,24.7949
38342,24.8363
38343,24.8693
38344,24.8909
38345,24.899
38346,24.8917
38347,24.8676
38348,24.8257
38349,24.7655
38350,24.6874
38351,24.5928
38352,24.4842
38353,24.3657
38354,24.2424
38355,24.1205
38356,24.0066
38357,23.9079
38358,23.8306
38359,23.7806
38360,23.7618
38361,23.7765
38362,23.8245
38363,23.9033
38364,24.0082
38365,24.133
38366,24.2703
38367,24.4123
38368,24.5519
38369,24.6833
38370,24.8023
38371,24.9067
38372,24.9962
38373,25.0721
38374,25.1365
38375,25.1915
38376,25.239
38377,25.28
38378,25.3144
38379,25.3412
38380,25.3588
38381,25.3653
38382,25.3594
38383,25.3405
38384,25.3089
38385,25.2661
38386,25.2147
38387,25.1578
38388,25.0994
38389,25.0432
38390,24.993
38391,24.9519
38392,24.922
38393,24.9044
38394,24.8992
38395,24.9054
38396,24.9211
38397,24.9435
38398,24.9691
38399,24.9939
38400,25.0135
38401,25.0237
38402,25.0208
38403,25.0025
38404,24.9681
38405,24.9191
38406,24.8586
38407,24.7914
38408,24.723
38409,24.6588
38410,24.6035
38411,24.5603
38412,24.5309
38413,24.5153
38414,24.512
38415,24.5185
38416,24.5315
38417,24.5479
38418,24.5643
38419,24.5781
38420,24.5871
38421,24.5897
38422,24.5849
38423,24.5722
38424,24.5515
38425,24.5231
38426,24.4878
38427,24.4467
38428,24.4009
38429,24.3519
38430,24.301
38431,24.2493
38432,24.1977
38433,24.1468
38434,24.0969
38435,24.0483
38436,24.0015
38437,23.9577
38438,23.9185
38439,23.8863
38440,23.8643
38441,23.8557
38442,23.8641
38443,23.8925
38444,23.9427
38445,24.0153
38446,24.1093
38447,24.2216
38448,24.3476
38449,24.4812
38450,24.6147
38451,24.7402
38452,24.8494
38453,24.9347
38454,24.9898
38455,25.0106
38456,24.9953
38457,24.9451
38458,24.8637
38459,24.7575
38460,24.635
38461,24.5057
38462,24.38
38463,24.2675
38464,24.177
38465,24.1149
38466,24.0855
38467,24.0898
38468,24.126
38469,24.1896
38470,24.2742
38471,24.3722
38472,24.4758
38473,24.5776
38474,24.6715
38475,24.7525
38476,24.8174
38477,24.864
38478,24.8914
38479,24.8997
38480,24.8898
38481,24.8632
38482,24.8222
38483,24.7695
38484,24.708
38485,24.6406
38486,24.57
38487,24.4987
38488,24.4285
38489,24.361
38490,24.2976
38491,24.2392
38492,24.1871
38493,24.1425
38494,24.1071
38495,24.0828
38496,24.0719
38497,24.0769
38498,24.0997
38499,24.1417
38500,24.2032
38501,24.2827
38502,24.3768
38503,24.4809
38504,24.589
38505,24.6948
38506,24.792
38507,24.8751
38508,24.9399
38509,24.9836
38510,25.0053
38511,25.006
38512,24.9883
38513,24.9564
38514,24.9153
38515,24.8704
38516,24.8267
38517,24.7881
38518,24.7572
38519,24.735
38520,24.7207
38521,24.7123
38522,24.7067
38523,24.7006
38524,24.6904
38525,24.6732
38526,24.6469
38527,24.6104
38528,24.564
38529,24.5092
38530,24.4486
38531,24.386
38532,24.3257
38533,24.2722
38534,24.2296
38535,24.2014
38536,24.1904
38537,24.1977
38538,24.2233
38539,24.2655
38540,24.3215
38541,24.387
38542,24.4574
38543,24.5276
38544,24.5926
38545,24.6483
38546,24.6914
38547,24.7204
38548,24.7352
38549,24.7378
38550,24.7316
38551,24.7214
38552,24.7125
38553,24.7096
38554,24.7163
38555,24.7347
38556,24.7646
38557,24.8041
38558,24.8496
38559,24.8967
38560,24.941
38561,24.9783
38562,25.0057
38563,25.0215
38564,25.0258
38565,25.0204
38566,25.008
38567,24.9927
38568,24.9787
38569,24.9699
38570,24.9697
38571,24.9798
38572,25.0007
38573,25.0311
38574,25.0683
38575,25.1084
38576,25.1466
38577,25.1781
38578,25.1981
38579,25.2026
38580,25.1893
38581,25.1577
38582,25.1093
38583,25.0481
38584,24.9793
38585,24.9095
38586,24.8451
38587,24.792
38588,24.7545
38589,24.735
38590,24.7339
38591,24.7495
38592,24.7787
38593,24.8176
38594,24.8619
38595,24.908
38596,24.9528
38597,24.9944
38598,25.0317
38599,25.0644
38600,25.0927
38601,25.1166
38602,25.1363
38603,25.1514
38604,25.1612
38605,25.165
38606,25.1622
38607,25.1525
38608,25.1362
38609,25.1142
38610,25.0879
38611,25.0589
38612,25.0293
38613,25.0006
38614,24.9745
38615,24.9524
38616,24.9351
38617,24.9231
38618,24.9163
38619,24.9141
38620,24.9155
38621,24.919
38622,24.9228
38623,24.9244
38624,24.9209
38625,24.9089
38626,24.885
38627,24.8462
38628,24.7909
38629,24.719
38630,24.6327
38631,24.5365
38632,24.4374
38633,24.3441
38634,24.2666
38635,24.2147
38636,24.1975
38637,24.2217
38638,24.2912
38639,24.406
38640,24.5623
38641,24.7521
38642,24.9644
38643,25.1853
38644,25.4
38645,25.5933
38646,25.7513
38647,25.8628
38648,25.9199
38649,25.919
38650,25.8611
38651,25.7512
38652,25.5984
38653,25.4142
38654,25.2122
38655,25.0059
38656,24.808
38657,24.629
38658,24.4764
38659,24.3546
38660,24.2647
38661,24.2053
38662,24.173
38663,24.1631
38664,24.1707
38665,24.1911
38666,24.2202
38667,24.2547
38668,24.2924
38669,24.332
38670,24.3731
38671,24.4162
38672,24.4624
38673,24.513
38674,24.5691
38675,24.6318
38676,24.701
38677,24.7761
38678,24.8556
38679,24.9373
38680,25.0187
38681,25.0973
38682,25.1705
38683,25.2362
38684,25.2926
38685,25.3385
38686,25.3733
38687,25.3966
38688,25.4087
38689,25.4098
38690,25.4008
38691,25.3826
38692,25.3565
38693,25.324
38694,25.2873
38695,25.2487
38696,25.2108
38697,25.1766
38698,25.1486
38699,25.1293
38700,25.1205
38701,25.1233
38702,25.1378
38703,25.1631
38704,25.1974
38705,25.2377
38706,25.2803
38707,25.3206
38708,25.3536
38709,25.3744
38710,25.3784
38711,25.3617
38712,25.3213
38713,25.2554
38714,25.1633
38715,25.0458
38716,24.9048
38717,24.744
38718,24.5685
38719,24.385
38720,24.2015
38721,24.0268
38722,23.8701
38723,23.74
38724,23.644
38725,23.5873
38726,23.5727
38727,23.6
38728,23.6665
38729,23.7665
38730,23.8928
38731,24.0363
38732,24.1876
38733,24.3369
38734,24.4755
38735,24.5958
38736,24.6923
38737,24.7621
38738,24.805
38739,24.8237
38740,24.8232
38741,24.8106
38742,24.7936
38743,24.7801
38744,24.7768
38745,24.7887
38746,24.8181
38747,24.8643
38748,24.9235
38749,24.9896
38750,25.0539
38751,25.107
38752,25.1396
38753,25.1438
38754,25.1144
38755,25.0498
38756,24.9521
38757,24.8268
38758,24.6826
38759,24.5297
38760,24.3792
38761,24.2414
38762,24.1254
38763,24.0384
38764,23.9849
38765,23.967
38766,23.9848
38767,24.0358
38768,24.1162
38769,24.2204
38770,24.3417
38771,24.4724
38772,24.6043
38773,24.7294
38774,24.8403
38775,24.9314
38776,24.9989
38777,25.0414
38778,25.0596
38779,25.0561
38780,25.035
38781,25.001
38782,24.9587
38783,24.9125
38784,24.8654
38785,24.8197
38786,24.7761
38787,24.7349
38788,24.6955
38789,24.6575
38790,24.6204
38791,24.5843
38792,24.5494
38793,24.5166
38794,24.4868
38795,24.4612
38796,24.4407
38797,24.4257
38798,24.4163
38799,24.4118
38800,24.411
38801,24.4122
38802,24.4137
38803,24.414
38804,24.412
38805,24.4076
38806,24.4014
38807,24.3952
38808,24.3911
38809,24.3918
38810,24.3994
38811,24.4157
38812,24.4417
38813,24.4775
38814,24.5225
38815,24.5752
38816,24.6334
38817,24.6943
38818,24.755
38819,24.8124
38820,24.8635
38821,24.9058
38822,24.9377
38823,24.958
38824,24.9665
38825,24.9634
38826,24.9496
38827,24.9261
38828,24.8943
38829,24.8555
38830,24.8112
38831,24.7634
38832,24.714
38833,24.6657
38834,24.6217
38835,24.5852
38836,24.5597
38837,24.5479
38838,24.5522
38839,24.5738
38840,24.613
38841,24.6691
38842,24.7404
38843,24.8245
38844,24.9181
38845,25.0177
38846,25.1192
38847,25.2186
38848,25.3121
38849,25.3959
38850,25.4669
38851,25.522
38852,25.559
38853,25.5761
38854,25.573
38855,25.5501
38856,25.5094
38857,25.4535
38858,25.3863
38859,25.3119
38860,25.2343
38861,25.1573
38862,25.0838
38863,25.0155
38864,24.9531
38865,24.8964
38866,24.8443
38867,24.7957
38868,24.7499
38869,24.707
38870,24.6681
38871,24.6357
38872,24.613
38873,24.6036
38874,24.6108
38875,24.6367
38876,24.6815
38877,24.744
38878,24.8207
38879,24.9066
38880,24.9954
38881,25.0804
38882,25.1551
38883,25.2138
38884,25.2526
38885,25.2691
38886,25.2633
38887,25.237
38888,25.194
38889,25.1395
38890,25.0794
38891,25.0201
38892,24.9674
38893,24.9264
38894,24.9005
38895,24.8913
38896,24.8981
38897,24.9184
38898,24.9476
38899,24.9801
38900,25.0092
38901,25.0286
38902,25.0326
38903,25.0173
38904,24.9809
38905,24.9242
38906,24.8507
38907,24.7657
38908,24.6764
38909,24.5905
38910,24.5157
38911,24.4591
38912,24.4259
38913,24.4198
38914,24.4425
38915,24.4935
38916,24.5711
38917,24.6718
38918,24.7908
38919,24.9227
38920,25.0612
38921,25.1993
38922,25.3304
38923,25.4476
38924,25.5447
38925,25.6163
38926,25.6577
38927,25.666
38928,25.6397
38929,25.5794
38930,25.4878
38931,25.3701
38932,25.2332
38933,25.0856
38934,24.9365
38935,24.7949
38936,24.6688
38937,24.5645
38938,24.4859
38939,24.4342
38940,24.4084
38941,24.4052
38942,24.4197
38943,24.4462
38944,24.4791
38945,24.5129
38946,24.5439
38947,24.5697
38948,24.5901
38949,24.6062
38950,24.6207
38951,24.6369
38952,24.6578
38953,24.6861
38954,24.7231
38955,24.7688
38956,24.822
38957,24.8802
38958,24.9398
38959,24.997
38960,25.0479
38961,25.0892
38962,25.1183
38963,25.1337
38964,25.1351
38965,25.1234
38966,25.1005
38967,25.069
38968,25.0316
38969,24.9911
38970,24.9496
38971,24.9088
38972,24.8695
38973,24.8318
38974,24.7953
38975,24.7596
38976,24.7244
38977,24.6896
38978,24.6555
38979,24.6232
38980,24.5942
38981,24.5703
38982,24.5535
38983,24.5453
38984,24.5465
38985,24.5573
38986,24.5764
38987,24.6021
38988,24.6319
38989,24.6631
38990,24.694
38991,24.7236
38992,24.7521
38993,24.7809
38994,24.812
38995,24.8475
38996,24.8892
38997,24.9377
38998,24.9922
38999,25.0506
39000,25.1094
39001,25.1642
39002,25.2107
39003,25.2446
39004,25.2626
39005,25.2627
39006,25.2443
39007,25.2084
39008,25.1574
39009,25.0946
39010,25.0242
39011,24.9507
39012,24.8782
39013,24.8104
39014,24.7502
39015,24.6996
39016,24.6601
39017,24.6326
39018,24.6176
39019,24.6152
39020,24.625
39021,24.6459
39022,24.6763
39023,24.7138
39024,24.7558
39025,24.7993
39026,24.8412
39027,24.8784
39028,24.9078
39029,24.9258
39030,24.929
39031,24.9142
39032,24.8783
39033,24.8195
39034,24.7374
39035,24.6334
39036,24.5109
39037,24.3755
39038,24.2343
39039,24.0958
39040,23.9686
39041,23.8612
39042,23.7806
39043,23.7321
39044,23.7182
39045,23.7391
39046,23.7922
39047,23.873
39048,23.9754
39049,24.0922
39050,24.2163
39051,24.3409
39052,24.46
39053,24.5691
39054,24.6655
39055,24.7479
39056,24.8167
39057,24.8733
39058,24.9201
39059,24.9596
39060,24.9943
39061,25.0258
39062,25.055
39063,25.0815
39064,25.1037
39065,25.1193
39066,25.1251
39067,25.1178
39068,25.0941
39069,25.0515
39070,24.9888
39071,24.9065
39072,24.8072
39073,24.6959
39074,24.5794
39075,24.466
39076,24.3644
39077,24.2821
39078,24.225
39079,24.196
39080,24.1953
39081,24.2205
39082,24.2671
39083,24.3301
39084,24.4045
39085,24.4864
39086,24.5733
39087,24.6637
39088,24.7574
39089,24.854
39090,24.9529
39091,25.0525
39092,25.1503
39093,25.2424
39094,25.3247
39095,25.3925
39096,25.4415
39097,25.4684
39098,25.4714
39099,25.4504
39100,25.4068
39101,25.3441
39102,25.2667
39103,25.1802
39104,25.0904
39105,25.003
39106,24.9234
39107,24.856
39108,24.8044
39109,24.7708
39110,24.7562
39111,24.7603
39112,24.7813
39113,24.8162
39114,24.8608
39115,24.9099
39116,24.958
39117,24.9992
39118,25.0285
39119,25.0417
39120,25.0362
39121,25.0113
39122,24.9683
39123,24.9102
39124,24.8416
39125,24.7682
39126,24.6964
39127,24.6323
39128,24.5812
39129,24.5475
39130,24.534
39131,24.5419
39132,24.5708
39133,24.6191
39134,24.6838
39135,24.7613
39136,24.847
39137,24.9362
39138,25.0245
39139,25.1076
39140,25.1817
39141,25.2441
39142,25.2926
39143,25.3261
39144,25.3444
39145,25.3482
39146,25.3385
39147,25.3169
39148,25.2847
39149,25.2435
39150,25.1943
39151,25.1381
39152,25.076
39153,25.0088
39154,24.9373
39155,24.8626
39156,24.7856
39157,24.7075
39158,24.6297
39159,24.5537
39160,24.4815
39161,24.4155
39162,24.3588
39163,24.3146
39164,24.2864
39165,24.2776
39166,24.2907
39167,24.3274
39168,24.388
39169,24.4711
39170,24.5735
39171,24.6904
39172,24.8157
39173,24.9419
39174,25.0618
39175,25.1682
39176,25.2552
39177,25.3187
39178,25.3566
39179,25.3693
39180,25.3593
39181,25.3311
39182,25.2906
39183,25.2441
39184,25.1974
39185,25.1555
39186,25.1214
39187,25.0962
39188,25.0791
39189,25.0677
39190,25.0587
39191,25.0489
39192,25.0351
39193,25.0152
39194,24.9883
39195,24.9544
39196,24.9149
39197,24.8724
39198,24.8304
39199,24.7929
39200,24.764
39201,24.7475
39202,24.7465
39203,24.7634
39204,24.7997
39205,24.8559
39206,24.9314
39207,25.0244
39208,25.1314
39209,25.2476
39210,25.3667
39211,25.4815
39212,25.5842
39213,25.6672
39214,25.7241
39215,25.75
39216,25.7427
39217,25.7029
39218,25.6337
39219,25.5411
39220,25.4326
39221,25.3167
39222,25.2017
39223,25.095
39224,25.0022
39225,24.9266
39226,24.8694
39227,24.8292
39228,24.8032
39229,24.787
39230,24.7763
39231,24.7666
39232,24.7546
39233,24.7383
39234,24.7172
39235,24.6923
39236,24.6658
39237,24.6409
39238,24.6211
39239,24.6101
39240,24.6108
39241,24.6255
39242,24.6548
39243,24.6983
39244,24.7539
39245,24.8185
39246,24.8882
39247,24.9585
39248,25.0253
39249,25.0844
39250,25.133
39251,25.169
39252,25.1919
39253,25.2024
39254,25.2028
39255,25.1964
39256,25.1869
39257,25.178
39258,25.1727
39259,25.1727
39260,25.1781
39261,25.1873
39262,25.1975
39263,25.2049
39264,25.2055
39265,25.1957
39266,25.1726
39267,25.1345
39268,25.081
39269,25.0129
39270,24.9322
39271,24.8417
39272,24.7445
39273,24.6444
39274,24.545
39275,24.4503
39276,24.3645
39277,24.2921
39278,24.2373
39279,24.2044
39280,24.1966
39281,24.2164
39282,24.2646
39283,24.3401
39284,24.44
39285,24.5594
39286,24.6921
39287,24.8313
39288,24.9699
39289,25.1017
39290,25.2216
39291,25.3256
39292,25.4113
39293,25.477
39294,25.5221
39295,25.5465
39296,25.5501
39297,25.5333
39298,25.4965
39299,25.4404
39300,25.366
39301,25.2749
39302,25.1697
39303,25.0537
39304,24.9312
39305,24.8072
39306,24.6872
39307,24.5767
39308,24.4806
39309,24.4029
39310,24.3463
39311,24.3119
39312,24.2993
39313,24.3068
39314,24.3312
39315,24.3685
39316,24.4139
39317,24.4624
39318,24.5091
39319,24.55
39320,24.5823
39321,24.605
39322,24.619
39323,24.6272
39324,24.6339
39325,24.6439
39326,24.6624
39327,24.6933
39328,24.7392
39329,24.8003
39330,24.875
39331,24.9596
39332,25.0487
39333,25.1359
39334,25.2143
39335,25.2769
39336,25.3178
39337,25.3331
39338,25.3211
39339,25.2831
39340,25.2233
39341,25.148
39342,25.0648
39343,24.9817
39344,24.9059
39345,24.8431
39346,24.7968
39347,24.7687
39348,24.7583
39349,24.7641
39350,24.7838
39351,24.8149
39352,24.8554
39353,24.9035
39354,24.9579
39355,25.0171
39356,25.0794
39357,25.1423
39358,25.2025
39359,25.2559
39360,25.2981
39361,25.3246
39362,25.3319
39363,25.3173
39364,25.2799
39365,25.2204
39366,25.1413
39367,25.0464
39368,24.9408
39369,24.8301
39370,24.7202
39371,24.6166
39372,24.5242
39373,24.4467
39374,24.3864
39375,24.344
39376,24.3187
39377,24.3083
39378,24.3098
39379,24.3198
39380,24.3351
39381,24.3533
39382,24.3728
39383,24.3936
39384,24.4161
39385,24.4417
39386,24.472
39387,24.508
39388,24.5504
39389,24.5991
39390,24.6529
39391,24.7102
39392,24.7687
39393,24.8254
39394,24.877
39395,24.9198
39396,24.9497
39397,24.9632
39398,24.9573
39399,24.9304
39400,24.8825
39401,24.8155
39402,24.7333
39403,24.6412
39404,24.5456
39405,24.4531
39406,24.37
39407,24.3019
39408,24.2527
39409,24.225
39410,24.2193
39411,24.2344
39412,24.2677
39413,24.3155
39414,24.3737
39415,24.4386
39416,24.5071
39417,24.5773
39418,24.6478
39419,24.7181
39420,24.7877
39421,24.8561
39422,24.9225
39423,24.9857
39424,25.0441
39425,25.0957
39426,25.1389
39427,25.172
39428,25.1935
39429,25.2025
39430,25.1982
39431,25.1804
39432,25.1491
39433,25.1052
39434,25.0501
39435,24.9867
39436,24.9187
39437,24.8509
39438,24.7885
39439,24.7367
39440,24.6996
39441,24.6802
39442,24.6798
39443,24.6976
39444,24.7312
39445,24.7768
39446,24.8295
39447,24.884
39448,24.9352
39449,24.9783
39450,25.0097
39451,25.0271
39452,25.0299
39453,25.0192
39454,24.9978
39455,24.9693
39456,24.9381
39457,24.9085
39458,24.8844
39459,24.8688
39460,24.8641
39461,24.8715
39462,24.8914
39463,24.9231
39464,24.965
39465,25.0145
39466,25.0682
39467,25.1216
39468,25.1698
39469,25.2075
39470,25.2298
39471,25.2328
39472,25.2142
39473,25.174
39474,25.1148
39475,25.0412
39476,24.9599
39477,24.879
39478,24.8066
39479,24.7507
39480,24.7177
39481,24.7114
39482,24.7331
39483,24.7803
39484,24.8475
39485,24.9266
39486,25.008
39487,25.0818
39488,25.1393
39489,25.1738
39490,25.1813
39491,25.1611
39492,25.115
39493,25.0471
39494,24.9627
39495,24.8675
39496,24.7668
39497,24.6645
39498,24.5631
39499,24.4639
39500,24.3672
39501,24.2731
39502,24.1823
39503,24.0965
39504,24.0182
39505,23.9513
39506,23.8998
39507,23.8676
39508,23.8581
39509,23.8735
39510,23.9148
39511,23.9818
39512,24.0729
39513,24.1855
39514,24.3165
39515,24.4615
39516,24.6161
39517,24.7749
39518,24.932
39519,25.081
39520,25.2152
39521,25.3275
39522,25.4114
39523,25.4611
39524,25.4721
39525,25.442
39526,25.3705
39527,25.2597
39528,25.114
39529,24.9398
39530,24.745
39531,24.5388
39532,24.3311
39533,24.132
39534,23.9511
39535,23.7973
39536,23.6782
39537,23.5992
39538,23.5629
39539,23.5697
39540,23.6169
39541,23.6995
39542,23.811
39543,23.9437
39544,24.0901
39545,24.2431
39546,24.3965
39547,24.5455
39548,24.6863
39549,24.8162
39550,24.9335
39551,25.0369
39552,25.126
39553,25.2004
39554,25.2603
39555,25.3061
39556,25.3383
39557,25.3579
39558,25.366
39559,25.3637
39560,25.3521
39561,25.3321
39562,25.3043
39563,25.2691
39564,25.2269
39565,25.1784
39566,25.1246
39567,25.0674
39568,25.0092
39569,24.9532
39570,24.903
39571,24.8624
39572,24.8345
39573,24.8219
39574,24.8257
39575,24.8458
39576,24.8806
39577,24.9274
39578,24.9825
39579,25.0416
39580,25.1002
39581,25.1533
39582,25.1965
39583,25.2258
39584,25.2377
39585,25.2297
39586,25.2003
39587,25.1494
39588,25.0783
39589,24.99
39590,24.889
39591,24.7813
39592,24.6734
39593,24.5725
39594,24.4851
39595,24.4165
39596,24.3705
39597,24.349
39598,24.3516
39599,24.3762
39600,39.0896
39601,39.1781
39602,39.2774
39603,39.3774
39604,39.4681
39605,39.5407
39606,39.5885
39607,39.6071
39608,39.5954
39609,39.5555
39610,39.4923
39611,39.4134
39612,39.3274
39613,39.2432
39614,39.1692
39615,39.1117
39616,39.075
39617,39.061
39618,39.0702
39619,39.1015
39620,39.1538
39621,39.2257
39622,39.3156
39623,39.4216
39624,39.5406
39625,39.6677
39626,39.7963
39627,39.9179
39628,40.0223
39629,40.0995
39630,40.1396
39631,40.1349
39632,40.0805
39633,39.975
39634,39.8216
39635,39.6275
39636,39.4038
39637,39.1652
39638,38.9279
39639,38.7089
39640,38.5235
39641,38.3843
39642,38.2995
39643,38.2725
39644,38.3016
39645,38.3805
39646,38.4989
39647,38.6442
39648,38.8027
39649,38.9613
39650,39.1088
39651,39.2368
39652,39.3399
39653,39.4162
39654,39.4665
39655,39.4939
39656,39.5034
39657,39.5008
39658,39.4927
39659,39.4856
39660,39.4856
39661,39.4975
39662,39.5246
39663,39.568
39664,39.6266
39665,39.6969
39666,39.7737
39667,39.8503
39668,39.9199
39669,39.976
39670,40.0136
39671,40.0302
39672,40.0255
39673,40.0022
39674,39.9648
39675,39.9199
39676,39.8745
39677,39.8358
39678,39.81
39679,39.8012
39680,39.8115
39681,39.8401
39682,39.884
39683,39.9385
39684,39.998
39685,40.0562
39686,40.1075
39687,40.1471
39688,40.171
39689,40.1764
39690,40.1616
39691,40.1257
39692,40.0692
39693,39.9937
39694,39.9024
39695,39.7996
39696,39.6913
39697,39.5844
39698,39.4864
39699,39.4041
39700,39.3427
39701,39.3048
39702,39.2898
39703,39.2938
39704,39.31
39705,39.3301
39706,39.3458
39707,39.3499
39708,39.3381
39709,39.3093
39710,39.2662
39711,39.2146
39712,39.1627
39713,39.1195
39714,39.0941
39715,39.0939
39716,39.1239
39717,39.1864
39718,39.2804
39719,39.402
39720,39.5451
39721,39.7017
39722,39.8628
39723,40.0193
39724,40.1625
39725,40.2848
39726,40.3803
39727,40.4453
39728,40.4786
39729,40.4814
39730,40.4574
39731,40.4119
39732,40.3512
39733,40.2822
39734,40.2114
39735,40.1447
39736,40.087
39737,40.0421
39738,40.0126
39739,39.9998
39740,40.0041
39741,40.0245
39742,40.0597
39743,40.1079
39744,40.167
39745,40.2352
39746,40.3104
39747,40.3898
39748,40.47
39749,40.5466
39750,40.614
39751,40.6663
39752,40.698
39753,40.7045
39754,40.6829
39755,40.6326
39756,40.5554
39757,40.4554
39758,40.3387
39759,40.2126
39760,40.085
39761,39.9633
39762,39.8545
39763,39.7638
39764,39.6949
39765,39.6497
39766,39.6281
39767,39.6288
39768,39.6487
39769,39.6841
39770,39.7304
39771,39.7831
39772,39.8376
39773,39.8901
39774,39.9371
39775,39.9761
39776,40.0049
39777,40.0221
39778,40.027
39779,40.0199
39780,40.0017
39781,39.9745
39782,39.9408
39783,39.9042
39784,39.8683
39785,39.8368
39786,39.8132
39787,39.8004
39788,39.8002
39789,39.8133
39790,39.8392
39791,39.876
39792,39.9212
39793,39.9713
39794,40.0226
39795,40.0712
39796,40.1132
39797,40.1446
39798,40.1619
39799,40.1622
39800,40.143
39801,40.103
39802,40.0416
39803,39.9595
39804,39.8584
39805,39.7412
39806,39.6121
39807,39.4763
39808,39.3398
39809,39.2088
39810,39.0891
39811,38.9857
39812,38.9026
39813,38.8429
39814,38.8084
39815,38.8001
39816,38.8177
39817,38.8599
39818,38.9243
39819,39.0073
39820,39.1047
39821,39.2117
39822,39.3233
39823,39.435
39824,39.5427
39825,39.6436
39826,39.7355
39827,39.8167
39828,39.8861
39829,39.9427
39830,39.9856
39831,40.0142
39832,40.0289
39833,40.0306
39834,40.0215
39835,40.0049
39836,39.9843
39837,39.9631
39838,39.9442
39839,39.9294
39840,39.9193
39841,39.913
39842,39.9087
39843,39.9035
39844,39.8939
39845,39.8763
39846,39.8476
39847,39.8058
39848,39.751
39849,39.6854
39850,39.6134
39851,39.5411
39852,39.4752
39853,39.4224
39854,39.3886
39855,39.3778
39856,39.3924
39857,39.4324
39858,39.4958
39859,39.5785
39860,39.6745
39861,39.7762
39862,39.8754
39863,39.9641
39864,40.035
39865,40.0826
39866,40.1037
39867,40.0973
39868,40.0648
39869,40.0098
39870,39.9375
39871,39.8542
39872,39.7669
39873,39.6824
39874,39.6073
39875,39.547
39876,39.5053
39877,39.4841
39878,39.4829
39879,39.4988
39880,39.5268
39881,39.5603
39882,39.5922
39883,39.6161
39884,39.6274
39885,39.6243
39886,39.608
39887,39.5823
39888,39.5531
39889,39.5271
39890,39.5105
39891,39.508
39892,39.5217
39893,39.5512
39894,39.5933
39895,39.6429
39896,39.6937
39897,39.7395
39898,39.7752
39899,39.7977
39900,39.8064
39901,39.8032
39902,39.7922
39903,39.7787
39904,39.7688
39905,39.7675
39906,39.7783
39907,39.8021
39908,39.8369
39909,39.8779
39910,39.9181
39911,39.949
39912,39.9617
39913,39.9483
39914,39.9031
39915,39.8237
39916,39.7106
39917,39.5678
39918,39.4022
39919,39.2221
39920,39.0373
39921,38.8573
39922,38.691
39923,38.5459
39924,38.4276
39925,38.3394
39926,38.2825
39927,38.2566
39928,38.2599
39929,38.2901
39930,38.3442
39931,38.4192
39932,38.5116
39933,38.6177
39934,38.7337
39935,38.8559
39936,38.9808
39937,39.1055
39938,39.2275
39939,39.3449
39940,39.4561
39941,39.56
39942,39.6559
39943,39.7432
39944,39.8221
39945,39.8931
39946,39.9571
39947,40.015
39948,40.068
39949,40.1172
39950,40.1632
39951,40.2066
39952,40.2472
39953,40.2845
39954,40.3167
39955,40.3413
39956,40.3553
39957,40.3549
39958,40.3367
39959,40.2985
39960,40.2398
39961,40.1622
39962,40.0697
39963,39.9685
39964,39.8658
39965,39.7694
39966,39.6863
39967,39.622
39968,39.5802
39969,39.5619
39970,39.5664
39971,39.5907
39972,39.6302
39973,39.6796
39974,39.7326
39975,39.7834
39976,39.827
39977,39.86
39978,39.8809
39979,39.8903
39980,39.8903
39981,39.8842
39982,39.8758
39983,39.8686
39984,39.865
39985,39.8661
39986,39.8712
39987,39.8776
39988,39.8811
39989,39.8766
39990,39.8587
39991,39.8227
39992,39.766
39993,39.6882
39994,39.5922
39995,39.4843
39996,39.3735
39997,39.2706
39998,39.187
39999,39.1334
40000,39.1184
40001,39.1472
40002,39.2215
40003,39.3392
40004,39.4946
40005,39.6789
40006,39.8814
40007,40.0901
40008,40.2927
40009,40.4774
40010,40.6343
40011,40.7552
40012,40.8348
40013,40.8709
40014,40.8643
40015,40.819
40016,40.7416
40017,40.6406
40018,40.5253
40019,40.4044
40020,40.2855
40021,40.1741
40022,40.0738
40023,39.9862
40024,39.9121
40025,39.8517
40026,39.8049
40027,39.7718
40028,39.7526
40029,39.7469
40030,39.7531
40031,39.7682
40032,39.7874
40033,39.8039
40034,39.8099
40035,39.7972
40036,39.759
40037,39.6905
40038,39.5908
40039,39.4628
40040,39.3134
40041,39.1527
40042,38.9931
40043,38.8473
40044,38.7275
40045,38.6438
40046,38.6035
40047,38.6105
40048,38.6649
40049,38.7636
40050,38.9002
40051,39.0666
40052,39.2532
40053,39.4503
40054,39.6488
40055,39.8406
40056,40.0192
40057,40.1801
40058,40.3202
40059,40.4383
40060,40.5342
40061,40.6086
40062,40.6625
40063,40.6966
40064,40.7116
40065,40.7071
40066,40.6822
40067,40.6357
40068,40.5661
40069,40.4723
40070,40.3539
40071,40.2115
40072,40.0469
40073,39.8633
40074,39.6654
40075,39.4588
40076,39.2505
40077,39.0476
40078,38.8578
40079,38.6886
40080,38.5471
40081,38.4395
40082,38.371
40083,38.3451
40084,38.3634
40085,38.4257
40086,38.5295
40087,38.6706
40088,38.8433
40089,39.0401
40090,39.2529
40091,39.4725
40092,39.6897
40093,39.8956
40094,40.0821
40095,40.243
40096,40.3742
40097,40.4741
40098,40.5435
40099,40.5845
40100,40.6
40101,40.5933
40102,40.567
40103,40.524
40104,40.467
40105,40.399
40106,40.3233
40107,40.2434
40108,40.1623
40109,40.0829
40110,40.007
40111,39.9358
40112,39.8701
40113,39.8101
40114,39.7563
40115,39.7093
40116,39.6695
40117,39.6369
40118,39.6105
40119,39.5886
40120,39.5682
40121,39.5455
40122,39.5162
40123,39.4767
40124,39.4239
40125,39.3563
40126,39.2743
40127,39.1802
40128,39.0781
40129,38.9736
40130,38.8734
40131,38.7851
40132,38.7162
40133,38.6737
40134,38.6631
40135,38.6881
40136,38.75
40137,38.847
40138,38.975
40139,39.1271
40140,39.2944
40141,39.467
40142,39.6344
40143,39.7868
40144,39.9156
40145,40.0147
40146,40.0797
40147,40.1093
40148,40.1039
40149,40.0662
40150,40.0006
40151,39.9123
40152,39.8073
40153,39.6919
40154,39.5724
40155,39.4552
40156,39.3462
40157,39.2516
40158,39.1768
40159,39.127
40160,39.1065
40161,39.1187
40162,39.1658
40163,39.2483
40164,39.3646
40165,39.5106
40166,39.6793
40167,39.8609
40168,40.043
40169,40.2116
40170,40.3518
40171,40.45
40172,40.4945
40173,40.4778
40174,40.3971
40175,40.2555
40176,40.0617
40177,39.8302
40178,39.5801
40179,39.3338
40180,39.1152
40181,38.9473
40182,38.85
40183,38.838
40184,38.9188
40185,39.0916
40186,39.3467
40187,39.6661
40188,40.0246
40189,40.3922
40190,40.737
40191,41.0277
40192,41.2372
40193,41.3447
40194,41.3378
40195,41.2136
40196,40.9788
40197,40.6489
40198,40.2463
40199,39.7981
40200,39.3333
40201,38.8805
40202,38.4657
40203,38.1107
40204,37.8318
40205,37.6396
40206,37.5388
40207,37.5287
40208,37.6033
40209,37.7525
40210,37.9625
40211,38.2168
40212,38.4974
40213,38.7859
40214,39.0647
40215,39.3183
40216,39.5347
40217,39.7057
40218,39.8278
40219,39.9016
40220,39.9316
40221,39.9249
40222,39.8902
40223,39.8368
40224,39.7733
40225,39.7071
40226,39.6438
40227,39.5869
40228,39.5375
40229,39.4949
40230,39.4569
40231,39.4202
40232,39.3816
40233,39.3384
40234,39.2887
40235,39.232
40236,39.1691
40237,39.1024
40238,39.0354
40239,38.9729
40240,38.92
40241,38.8813
40242,38.8605
40243,38.8595
40244,38.8785
40245,38.9163
40246,38.9705
40247,39.0377
40248,39.1144
40249,39.1967
40250,39.2808
40251,39.363
40252,39.44
40253,39.5089
40254,39.5675
40255,39.6145
40256,39.6491
40257,39.6713
40258,39.6822
40259,39.6837
40260,39.6786
40261,39.6709
40262,39.6654
40263,39.667
40264,39.6809
40265,39.7111
40266,39.7601
40267,39.8285
40268,39.9145
40269,40.0137
40270,40.1196
40271,40.2241
40272,40.3177
40273,40.391
40274,40.4351
40275,40.4432
40276,40.4111
40277,40.3386
40278,40.2297
40279,40.0928
40280,39.9396
40281,39.7843
40282,39.6417
40283,39.5251
40284,39.4452
40285,39.4084
40286,39.4168
40287,39.4679
40288,39.555
40289,39.6683
40290,39.7958
40291,39.9244
40292,40.0412
40293,40.1344
40294,40.1942
40295,40.2131
40296,40.1866
40297,40.1133
40298,39.995
40299,39.8365
40300,39.646
40301,39.4338
40302,39.2125
40303,38.9952
40304,38.7947
40305,38.6226
40306,38.4875
40307,38.3952
40308,38.3477
40309,38.3438
40310,38.3792
40311,38.4474
40312,38.5406
40313,38.6505
40314,38.7692
40315,38.8901
40316,39.0086
40317,39.1221
40318,39.2299
40319,39.3329
40320,39.4325
40321,39.53
40322,39.6254
40323,39.7177
40324,39.8042
40325,39.881
40326,39.9444
40327,39.9909
40328,40.0186
40329,40.0271
40330,40.0179
40331,39.9934
40332,39.9567
40333,39.911
40334,39.8592
40335,39.8036
40336,39.7467
40337,39.691
40338,39.6396
40339,39.5964
40340,39.5655
40341,39.5517
40342,39.5591
40343,39.5906
40344,39.6469
40345,39.7263
40346,39.8233
40347,39.9298
40348,40.035
40349,40.1267
40350,40.1927
40351,40.2225
40352,40.208
40353,40.1453
40354,40.0349
40355,39.8818
40356,39.695
40357,39.487
40358,39.272
40359,39.0656
40360,38.8827
40361,38.7367
40362,38.6384
40363,38.595
40364,38.6095
40365,38.6807
40366,38.8032
40367,38.9685
40368,39.1657
40369,39.3825
40370,39.6069
40371,39.8274
40372,40.0338
40373,40.218
40374,40.3736
40375,40.4964
40376,40.5842
40377,40.637
40378,40.6567
40379,40.6473
40380,40.6142
40381,40.5638
40382,40.5034
40383,40.44
40384,40.3796
40385,40.3264
40386,40.2825
40387,40.2473
40388,40.2183
40389,40.1915
40390,40.1622
40391,40.1263
40392,40.0808
40393,40.0249
40394,39.9593
40395,39.8861
40396,39.8083
40397,39.7289
40398,39.65
40399,39.5729
40400,39.4977
40401,39.4239
40402,39.3507
40403,39.2773
40404,39.204
40405,39.1318
40406,39.063
40407,39.0006
40408,38.9486
40409,38.911
40410,38.8915
40411,38.8931
40412,38.9178
40413,38.9664
40414,39.0385
40415,39.1329
40416,39.2475
40417,39.3794
40418,39.5249
40419,39.6791
40420,39.8359
40421,39.9882
40422,40.1278
40423,40.2467
40424,40.3372
40425,40.3933
40426,40.4116
40427,40.3916
40428,40.3355
40429,40.2487
40430,40.1383
40431,40.0126
40432,39.8807
40433,39.7508
40434,39.6302
40435,39.5245
40436,39.4372
40437,39.3699
40438,39.3221
40439,39.2921
40440,39.277
40441,39.2737
40442,39.2791
40443,39.2903
40444,39.3052
40445,39.3222
40446,39.3404
40447,39.359
40448,39.3777
40449,39.3963
40450,39.4145
40451,39.4319
40452,39.4478
40453,39.4613
40454,39.4708
40455,39.4744
40456,39.4695
40457,39.4537
40458,39.425
40459,39.3819
40460,39.3239
40461,39.252
40462,39.1683
40463,39.0766
40464,38.9815
40465,38.8889
40466,38.8046
40467,38.7338
40468,38.6809
40469,38.6485
40470,38.6376
40471,38.6476
40472,38.6769
40473,38.7237
40474,38.7862
40475,38.8636
40476,38.9555
40477,39.0624
40478,39.1844
40479,39.3208
40480,39.4695
40481,39.6265
40482,39.7864
40483,39.9421
40484,40.0863
40485,40.2116
40486,40.3119
40487,40.3828
40488,40.4219
40489,40.4298
40490,40.4094
40491,40.3659
40492,40.3063
40493,40.238
40494,40.1689
40495,40.1054
40496,40.0528
40497,40.0137
40498,39.9886
40499,39.975
40500,39.9681
40501,39.9608
40502,39.9443
40503,39.9095
40504,39.848
40505,39.7539
40506,39.625
40507,39.4639
40508,39.2784
40509,39.081
40510,38.8879
40511,38.7168
40512,38.585
40513,38.5065
40514,38.4908
40515,38.5409
40516,38.6536
40517,38.8194
40518,39.0241
40519,39.2505
40520,39.4801
40521,39.6954
40522,39.8813
40523,40.0263
40524,40.1236
40525,40.1705
40526,40.1687
40527,40.1232
40528,40.0415
40529,39.933
40530,39.8081
40531,39.6773
40532,39.5513
40533,39.4395
40534,39.3505
40535,39.2906
40536,39.2642
40537,39.2729
40538,39.3157
40539,39.3889
40540,39.4862
40541,39.5996
40542,39.7204
40543,39.8399
40544,39.9509
40545,40.0477
40546,40.1263
40547,40.1843
40548,40.2204
40549,40.2338
40550,40.2244
40551,40.1924
40552,40.139
40553,40.0664
40554,39.9788
40555,39.8819
40556,39.783
40557,39.6901
40558,39.6114
40559,39.554
40560,39.5231
40561,39.5214
40562,39.5487
40563,39.6021
40564,39.6764
40565,39.7649
40566,39.8601
40567,39.9542
40568,40.0399
40569,40.1103
40570,40.1594
40571,40.1824
40572,40.1756
40573,40.137
40574,40.0664
40575,39.9658
40576,39.8397
40577,39.6947
40578,39.5394
40579,39.3837
40580,39.2379
40581,39.1118
40582,39.0136
40583,38.9487
40584,38.9192
40585,38.9239
40586,38.9583
40587,39.0151
40588,39.0855
40589,39.1603
40590,39.2307
40591,39.2893
40592,39.3309
40593,39.3525
40594,39.354
40595,39.3372
40596,39.3058
40597,39.2649
40598,39.22
40599,39.1771
40600,39.142
40601,39.12
40602,39.1157
40603,39.1322
40604,39.1706
40605,39.2305
40606,39.3091
40607,39.4013
40608,39.5005
40609,39.5987
40610,39.6875
40611,39.759
40612,39.8069
40613,39.8275
40614,39.8198
40615,39.786
40616,39.7312
40617,39.6629
40618,39.5897
40619,39.5212
40620,39.4658
40621,39.4308
40622,39.4208
40623,39.4376
40624,39.48
40625,39.5442
40626,39.6247
40627,39.7148
40628,39.8079
40629,39.8984
40630,39.9817
40631,40.0548
40632,40.1157
40633,40.1633
40634,40.1967
40635,40.2151
40636,40.2177
40637,40.2037
40638,40.1725
40639,40.1242
40640,40.0593
40641,39.9793
40642,39.886
40643,39.7822
40644,39.6716
40645,39.5586
40646,39.4486
40647,39.348
40648,39.2634
40649,39.2015
40650,39.1679
40651,39.1668
40652,39.2005
40653,39.2692
40654,39.3708
40655,39.5013
40656,39.6543
40657,39.8222
40658,39.9957
40659,40.1647
40660,40.3192
40661,40.4494
40662,40.5468
40663,40.6047
40664,40.6191
40665,40.5888
40666,40.516
40667,40.4059
40668,40.2669
40669,40.1093
40670,39.945
40671,39.7863
40672,39.6449
40673,39.5311
40674,39.453
40675,39.4153
40676,39.4189
40677,39.4607
40678,39.5336
40679,39.6269
40680,39.7278
40681,39.8221
40682,39.8962
40683,39.9387
40684,39.942
40685,39.9032
40686,39.8243
40687,39.712
40688,39.5768
40689,39.4315
40690,39.29
40691,39.1658
40692,39.0706
40693,39.0137
40694,39.0006
40695,39.0331
40696,39.1089
40697,39.2218
40698,39.3622
40699,39.5182
40700,39.6768
40701,39.8248
40702,39.9508
40703,40.0454
40704,40.1026
40705,40.1198
40706,40.0978
40707,40.0404
40708,39.9539
40709,39.8462
40710,39.7257
40711,39.6009
40712,39.4785
40713,39.3635
40714,39.2584
40715,39.164
40716,39.0791
40717,39.0019
40718,38.9305
40719,38.8641
40720,38.8034
40721,38.7509
40722,38.711
40723,38.6893
40724,38.6917
40725,38.7233
40726,38.7872
40727,38.8839
40728,39.0103
40729,39.1596
40730,39.3224
40731,39.4872
40732,39.6417
40733,39.7747
40734,39.877
40735,39.9425
40736,39.9691
40737,39.9585
40738,39.9156
40739,39.8483
40740,39.7655
40741,39.6765
40742,39.5898
40743,39.5125
40744,39.4496
40745,39.4046
40746,39.3786
40747,39.3708
40748,39.3786
40749,39.3971
40750,39.4203
40751,39.4408
40752,39.4512
40753,39.4452
40754,39.4179
40755,39.3667
40756,39.2919
40757,39.196
40758,39.0839
40759,38.9619
40760,38.8373
40761,38.7172
40762,38.6086
40763,38.5172
40764,38.4482
40765,38.4049
40766,38.3898
40767,38.4036
40768,38.4457
40769,38.5144
40770,38.6064
40771,38.7179
40772,38.8442
40773,38.9807
40774,39.1228
40775,39.2661
40776,39.4069
40777,39.5418
40778,39.668
40779,39.783
40780,39.8849
40781,39.9724
40782,40.0443
40783,40.0997
40784,40.1371
40785,40.1547
40786,40.15
40787,40.1198
40788,40.0608
40789,39.9697
40790,39.8447
40791,39.6856
40792,39.4951
40793,39.2789
40794,39.0459
40795,38.8078
40796,38.5779
40797,38.3704
40798,38.1988
40799,38.0745
40800,38.0066
40801,38.0002
40802,38.0568
40803,38.1736
40804,38.3443
40805,38.5594
40806,38.8074
40807,39.0757
40808,39.3522
40809,39.6258
40810,39.8874
40811,40.13
40812,40.3487
40813,40.5405
40814,40.7036
40815,40.8373
40816,40.9412
40817,41.015
40818,41.0579
40819,41.0691
40820,41.0474
40821,40.992
40822,40.9028
40823,40.7811
40824,40.63
40825,40.455
40826,40.2639
40827,40.0664
40828,39.8734
40829,39.6957
40830,39.5432
40831,39.4233
40832,39.3403
40833,39.2952
40834,39.2853
40835,39.3051
40836,39.3468
40837,39.4016
40838,39.4606
40839,39.5159
40840,39.5613
40841,39.5928
40842,39.6086
40843,39.6091
40844,39.5958
40845,39.5715
40846,39.5393
40847,39.5019
40848,39.4616
40849,39.42
40850,39.3776
40851,39.3346
40852,39.2908
40853,39.246
40854,39.2002
40855,39.1541
40856,39.1093
40857,39.0682
40858,39.0341
40859,39.011
40860,39.0026
40861,39.0118
40862,39.0401
40863,39.0868
40864,39.1493
40865,39.2225
40866,39.3002
40867,39.3758
40868,39.443
40869,39.4972
40870,39.5355
40871,39.5573
40872,39.5636
40873,39.5566
40874,39.5395
40875,39.515
40876,39.4854
40877,39.4522
40878,39.4157
40879,39.3751
40880,39.3295
40881,39.2784
40882,39.2219
40883,39.1621
40884,39.1025
40885,39.0486
40886,39.0073
40887,38.986
40888,38.9918
40889,39.0303
40890,39.1049
40891,39.2153
40892,39.3575
40893,39.5241
40894,39.7044
40895,39.8855
40896,40.0539
40897,40.1965
40898,40.3018
40899,40.3617
40900,40.3718
40901,40.3323
40902,40.248
40903,40.1274
40904,39.982
40905,39.8243
40906,39.6663
40907,39.5182
40908,39.3877
40909,39.2792
40910,39.1941
40911,39.132
40912,39.0905
40913,39.0671
40914,39.0589
40915,39.0637
40916,39.0799
40917,39.1062
40918,39.1423
40919,39.1876
40920,39.2419
40921,39.305
40922,39.3764
40923,39.4551
40924,39.5397
40925,39.6278
40926,39.7161
40927,39.8003
40928,39.8759
40929,39.9379
40930,39.9817
40931,40.0035
40932,40.0009
40933,39.9734
40934,39.9225
40935,39.8523
40936,39.769
40937,39.6805
40938,39.5955
40939,39.5226
40940,39.4695
40941,39.4421
40942,39.4434
40943,39.4739
40944,39.5312
40945,39.6102
40946,39.7041
40947,39.8051
40948,39.9051
40949,39.9966
40950,40.0734
40951,40.1312
40952,40.1676
40953,40.1827
40954,40.1785
40955,40.1588
40956,40.1288
40957,40.0943
40958,40.0609
40959,40.0339
40960,40.0175
40961,40.0143
40962,40.0252
40963,40.0493
40964,40.0834
40965,40.1232
40966,40.163
40967,40.1975
40968,40.222
40969,40.2341
40970,40.2333
40971,40.2217
40972,40.2033
40973,40.1832
40974,40.1667
40975,40.1588
40976,40.1629
40977,40.1812
40978,40.2141
40979,40.2603
40980,40.3175
40981,40.3816
40982,40.448
40983,40.5106
40984,40.5629
40985,40.5978
40986,40.6084
40987,40.5889
40988,40.5354
40989,40.4468
40990,40.3251
40991,40.1753
40992,40.0052
40993,39.8245
40994,39.644
40995,39.4746
40996,39.3264
40997,39.2079
40998,39.1253
40999,39.0822
41000,39.0798
41001,39.1164
41002,39.1885
41003,39.2912
41004,39.4185
41005,39.5644
41006,39.723
41007,39.8886
41008,40.0559
41009,40.2198
41010,40.3754
41011,40.5183
41012,40.6444
41013,40.7505
41014,40.8343
41015,40.8941
41016,40.9292
41017,40.939
41018,40.9229
41019,40.8807
41020,40.812
41021,40.7173
41022,40.5984
41023,40.4585
41024,40.3028
41025,40.1383
41026,39.9731
41027,39.8159
41028,39.6753
41029,39.5587
41030,39.4718
41031,39.4178
41032,39.3974
41033,39.4083
41034,39.4459
41035,39.5037
41036,39.5741
41037,39.6492
41038,39.7216
41039,39.7851
41040,39.8356
41041,39.8708
41042,39.8912
41043,39.8991
41044,39.8987
41045,39.895
41046,39.8928
41047,39.8965
41048,39.9088
41049,39.9308
41050,39.9616
41051,39.999
41052,40.039
41053,40.0767
41054,40.1065
41055,40.122
41056,40.1169
41057,40.0854
41058,40.0228
41059,39.9264
41060,39.7954
41061,39.632
41062,39.441
41063,39.2297
41064,39.0081
41065,38.7876
41066,38.5808
41067,38.3999
41068,38.2562
41069,38.1586
41070,38.1132
41071,38.1219
41072,38.1829
41073,38.2899
41074,38.4327
41075,38.5979
41076,38.7708
41077,38.936
41078,39.0801
41079,39.1925
41080,39.2673
41081,39.3038
41082,39.3061
41083,39.2835
41084,39.2485
41085,39.2157
41086,39.2001
41087,39.2151
41088,39.2716
41089,39.3759
41090,39.5293
41091,39.7274
41092,39.9602
41093,40.213
41094,40.4672
41095,40.7023
41096,40.8975
41097,41.0345
41098,41.0988
41099,41.0818
41100,40.9812
41101,40.802
41102,40.5553
41103,40.2582
41104,39.9313
41105,39.5981
41106,39.2817
41107,39.0041
41108,38.7832
41109,38.632
41110,38.5574
41111,38.5591
41112,38.6304
41113,38.7589
41114,38.9277
41115,39.1174
41116,39.3083
41117,39.4821
41118,39.6236
41119,39.7219
41120,39.7708
41121,39.7691
41122,39.7202
41123,39.631
41124,39.5109
41125,39.3707
41126,39.2209
41127,39.0711
41128,38.9289
41129,38.7996
41130,38.6865
41131,38.5914
41132,38.5147
41133,38.4564
41134,38.4165
41135,38.3952
41136,38.3934
41137,38.4122
41138,38.453
41139,38.517
41140,38.6042
41141,38.7138
41142,38.8431
41143,38.9883
41144,39.1439
41145,39.3037
41146,39.4605
41147,39.6071
41148,39.7364
41149,39.8418
41150,39.9177
41151,39.96
41152,39.9663
41153,39.9363
41154,39.8719
41155,39.7775
41156,39.6592
41157,39.5249
41158,39.3836
41159,39.2448
41160,39.1178
41161,39.0105
41162,38.9294
41163,38.8785
41164,38.859
41165,38.8699
41166,38.9079
41167,38.9686
41168,39.047
41169,39.138
41170,39.2373
41171,39.3415
41172,39.4478
41173,39.5549
41174,39.6617
41175,39.7679
41176,39.8732
41177,39.977
41178,40.078
41179,40.1741
41180,40.2622
41181,40.3386
41182,40.3992
41183,40.4398
41184,40.4572
41185,40.4488
41186,40.4137
41187,40.3521
41188,40.266
41189,40.1589
41190,40.0358
41191,39.9026
41192,39.7665
41193,39.6346
41194,39.5142
41195,39.4117
41196,39.3328
41197,39.2817
41198,39.2612
41199,39.2724
41200,39.3139
41201,39.3822
41202,39.4709
41203,39.5703
41204,39.6685
41205,39.7519
41206,39.8065
41207,39.8197
41208,39.7822
41209,39.6889
41210,39.5403
41211,39.3421
41212,39.1053
41213,38.8446
41214,38.5772
41215,38.3202
41216,38.0895
41217,37.8977
41218,37.7532
41219,37.6594
41220,37.6154
41221,37.6161
41222,37.6538
41223,37.7193
41224,37.8031
41225,37.8968
41226,37.994
41227,38.0906
41228,38.1851
41229,38.2785
41230,38.3735
41231,38.4739
41232,38.584
41233,38.7076
41234,38.8478
41235,39.0066
41236,39.1845
41237,39.3804
41238,39.5914
41239,39.8132
41240,40.04
41241,40.2655
41242,40.4826
41243,40.6846
41244,40.8646
41245,41.0168
41246,41.1358
41247,41.2181
41248,41.2613
41249,41.2652
41250,41.2313
41251,41.1627
41252,41.0637
41253,40.939
41254,40.7937
41255,40.6321
41256,40.4581
41257,40.2752
41258,40.0865
41259,39.896
41260,39.7082
41261,39.5294
41262,39.3666
41263,39.2281
41264,39.1217
41265,39.0544
41266,39.0311
41267,39.0536
41268,39.1204
41269,39.2259
41270,39.3615
41271,39.5159
41272,39.6762
41273,39.8287
41274,39.9607
41275,40.0608
41276,40.1207
41277,40.1353
41278,40.1041
41279,40.0305
41280,39.922
41281,39.7892
41282,39.6447
41283,39.5018
41284,39.3734
41285,39.2708
41286,39.2027
41287,39.175
41288,39.1903
41289,39.2475
41290,39.3428
41291,39.4695
41292,39.6186
41293,39.7803
41294,39.944
41295,40.0993
41296,40.237
41297,40.3499
41298,40.4329
41299,40.4834
41300,40.5018
41301,40.4905
41302,40.4544
41303,40.3997
41304,40.3337
41305,40.2638
41306,40.1966
41307,40.1373
41308,40.0894
41309,40.0542
41310,40.031
41311,40.0174
41312,40.0092
41313,40.0016
41314,39.9893
41315,39.9672
41316,39.9316
41317,39.8803
41318,39.8129
41319,39.7312
41320,39.6386
41321,39.5402
41322,39.442
41323,39.3507
41324,39.273
41325,39.2155
41326,39.1842
41327,39.184
41328,39.2187
41329,39.2899
41330,39.3975
41331,39.5388
41332,39.7096
41333,39.9034
41334,40.1125
41335,40.3276
41336,40.5388
41337,40.7354
41338,40.907
41339,41.0437
41340,41.137
41341,41.1809
41342,41.1723
41343,41.1118
41344,41.0036
41345,40.8551
41346,40.6767
41347,40.48
41348,40.2779
41349,40.0828
41350,39.9064
41351,39.7582
41352,39.6453
41353,39.5712
41354,39.536
41355,39.5362
41356,39.5653
41357,39.6149
41358,39.6755
41359,39.7374
41360,39.7916
41361,39.8302
41362,39.8466
41363,39.8363
41364,39.7962
41365,39.7256
41366,39.626
41367,39.5008
41368,39.3558
41369,39.1984
41370,39.037
41371,38.881
41372,38.7398
41373,38.6223
41374,38.5366
41375,38.4892
41376,38.4841
41377,38.5229
41378,38.604
41379,38.7226
41380,38.8712
41381,39.0401
41382,39.2176
41383,39.3917
41384,39.5506
41385,39.6837
41386,39.7825
41387,39.8415
41388,39.8581
41389,39.8331
41390,39.7705
41391,39.6769
41392,39.5607
41393,39.4315
41394,39.2992
41395,39.1732
41396,39.0616
41397,38.9708
41398,38.9054
41399,38.8678
41400,38.8583
41401,38.8754
41402,38.9157
41403,38.9744
41404,39.0455
41405,39.1229
41406,39.2007
41407,39.2736
41408,39.3379
41409,39.3907
41410,39.4306
41411,39.4573
41412,39.4713
41413,39.474
41414,39.4675
41415,39.4546
41416,39.4388
41417,39.4237
41418,39.4129
41419,39.4095
41420,39.4156
41421,39.4321
41422,39.4582
41423,39.4923
41424,39.5313
41425,39.5719
41426,39.6108
41427,39.6455
41428,39.6743
41429,39.6968
41430,39.7133
41431,39.7246
41432,39.7317
41433,39.7349
41434,39.7342
41435,39.7292
41436,39.7194
41437,39.7049
41438,39.6863
41439,39.6651
41440,39.6429
41441,39.621
41442,39.6001
41443,39.5794
41444,39.5574
41445,39.5317
41446,39.4999
41447,39.4599
41448,39.4109
41449,39.3533
41450,39.2893
41451,39.2227
41452,39.1591
41453,39.105
41454,39.0672
41455,39.0521
41456,39.0641
41457,39.1053
41458,39.1748
41459,39.2682
41460,39.3784
41461,39.4957
41462,39.6091
41463,39.7075
41464,39.7811
41465,39.8223
41466,39.8275
41467,39.7973
41468,39.7366
41469,39.6546
41470,39.5634
41471,39.4767
41472,39.4082
41473,39.3701
41474,39.3715
41475,39.4175
41476,39.5085
41477,39.6401
41478,39.8033
41479,39.9855
41480,40.1712
41481,40.3434
41482,40.4849
41483,40.5805
41484,40.6182
41485,40.5911
41486,40.4985
41487,40.3466
41488,40.1479
41489,39.9201
41490,39.6842
41491,39.4619
41492,39.2736
41493,39.1356
41494,39.0588
41495,39.0478
41496,39.1003
41497,39.208
41498,39.3582
41499,39.5346
41500,39.72
41501,39.8976
41502,40.0529
41503,40.1746
41504,40.2562
41505,40.2956
41506,40.296
41507,40.2643
41508,40.211
41509,40.148
41510,40.0877
41511,40.0416
41512,40.0192
41513,40.0274
41514,40.0701
41515,40.1484
41516,40.2599
41517,40.3993
41518,40.5582
41519,40.7257
41520,40.8889
41521,41.0339
41522,41.1469
41523,41.2159
41524,41.2318
41525,41.1893
41526,41.088
41527,40.9323
41528,40.731
41529,40.4966
41530,40.2438
41531,39.9889
41532,39.7479
41533,39.5351
41534,39.3625
41535,39.2377
41536,39.1642
41537,39.1401
41538,39.1593
41539,39.2116
41540,39.2841
41541,39.3628
41542,39.4338
41543,39.4847
41544,39.5062
41545,39.4923
41546,39.4413
41547,39.3558
41548,39.2422
41549,39.1098
41550,38.97
41551,38.835
41552,38.7167
41553,38.6251
41554,38.5682
41555,38.5505
41556,38.5739
41557,38.6373
41558,38.7369
41559,38.8677
41560,39.0229
41561,39.1956
41562,39.3787
41563,39.5657
41564,39.7509
41565,39.9295
41566,40.0973
41567,40.2507
41568,40.3859
41569,40.4993
41570,40.5867
41571,40.6439
41572,40.6671
41573,40.6532
41574,40.6004
41575,40.5088
41576,40.3809
41577,40.2218
41578,40.0392
41579,39.8434
41580,39.646
41581,39.4599
41582,39.2971
41583,39.1683
41584,39.0812
41585,39.0396
41586,39.0428
41587,39.0859
41588,39.1596
41589,39.2518
41590,39.3485
41591,39.4359
41592,39.5018
41593,39.5374
41594,39.5386
41595,39.506
41596,39.4451
41597,39.3652
41598,39.2778
41599,39.1948
41600,39.1275
41601,39.0847
41602,39.0722
41603,39.0923
41604,39.1435
41605,39.2211
41606,39.318
41607,39.4254
41608,39.5338
41609,39.6342
41610,39.7188
41611,39.7817
41612,39.8195
41613,39.831
41614,39.817
41615,39.7805
41616,39.7258
41617,39.658
41618,39.5831
41619,39.507
41620,39.4356
41621,39.3739
41622,39.3262
41623,39.2955
41624,39.2832
41625,39.289
41626,39.3109
41627,39.3451
41628,39.3863
41629,39.4284
41630,39.4651
41631,39.4902
41632,39.4985
41633,39.4863
41634,39.4517
41635,39.3955
41636,39.3204
41637,39.2315
41638,39.1352
41639,39.0389
41640,38.9498
41641,38.8748
41642,38.82
41643,38.7899
41644,38.788
41645,38.8163
41646,38.8751
41647,38.9636
41648,39.08
41649,39.2217
41650,39.3856
41651,39.5679
41652,39.7643
41653,39.9693
41654,40.1764
41655,40.3773
41656,40.5632
41657,40.7245
41658,40.8524
41659,40.9392
41660,40.9797
41661,40.9719
41662,40.917
41663,40.8198
41664,40.688
41665,40.5315
41666,40.3612
41667,40.1879
41668,40.0217
41669,39.8711
41670,39.7427
41671,39.6412
41672,39.569
41673,39.5267
41674,39.5125
41675,39.523
41676,39.5528
41677,39.595
41678,39.6417
41679,39.6851
41680,39.7182
41681,39.7358
41682,39.7349
41683,39.715
41684,39.6782
41685,39.6284
41686,39.5712
41687,39.5131
41688,39.461
41689,39.4214
41690,39.4
41691,39.401
41692,39.427
41693,39.4788
41694,39.5554
41695,39.6542
41696,39.7706
41697,39.8986
41698,40.0304
41699,40.1569
41700,40.2688
41701,40.3572
41702,40.4144
41703,40.4353
41704,40.4175
41705,40.362
41706,40.2732
41707,40.1589
41708,40.0297
41709,39.8983
41710,39.7785
41711,39.6841
41712,39.6276
41713,39.6192
41714,39.6661
41715,39.7714
41716,39.9339
41717,40.1472
41718,40.4005
41719,40.6781
41720,40.9614
41721,41.2295
41722,41.4615
41723,41.6384
41724,41.7452
41725,41.7721
41726,41.7163
41727,41.582
41728,41.3798
41729,41.1257
41730,40.8393
41731,40.5416
41732,40.2527
41733,39.9908
41734,39.77
41735,39.6
41736,39.4853
41737,39.4259
41738,39.4172
41739,39.4515
41740,39.5186
41741,39.6069
41742,39.705
41743,39.8021
41744,39.8888
41745,39.9583
41746,40.0062
41747,40.031
41748,40.0342
41749,40.0199
41750,39.994
41751,39.9643
41752,39.9386
41753,39.9244
41754,39.9282
41755,39.9545
41756,40.0056
41757,40.082
41758,40.1823
41759,40.3035
41760,40.4412
41761,40.5899
41762,40.7429
41763,40.8925
41764,41.0301
41765,41.1471
41766,41.2352
41767,41.2877
41768,41.2998
41769,41.2697
41770,41.1987
41771,41.0908
41772,40.9523
41773,40.7912
41774,40.6162
41775,40.4363
41776,40.2606
41777,40.0975
41778,39.9547
41779,39.8385
41780,39.7536
41781,39.7027
41782,39.6858
41783,39.7004
41784,39.7419
41785,39.8033
41786,39.8764
41787,39.9526
41788,40.0231
41789,40.0809
41790,40.1206
41791,40.1399
41792,40.1398
41793,40.1242
41794,40.0995
41795,40.0735
41796,40.0538
41797,40.047
41798,40.0571
41799,40.0854
41800,40.1301
41801,40.1868
41802,40.2493
41803,40.3105
41804,40.3629
41805,40.3995
41806,40.4139
41807,40.4008
41808,40.3562
41809,40.2773
41810,40.1631
41811,40.0146
41812,39.8352
41813,39.6312
41814,39.4116
41815,39.1885
41816,38.9764
41817,38.7913
41818,38.6494
41819,38.5649
41820,38.5487
41821,38.6065
41822,38.7374
41823,38.9338
41824,39.1817
41825,39.4622
41826,39.753
41827,40.0311
41828,40.2748
41829,40.4662
41830,40.5924
41831,40.6474
41832,40.6316
41833,40.5523
41834,40.4223
41835,40.2585
41836,40.0799
41837,39.9055
41838,39.7522
41839,39.6336
41840,39.5578
41841,39.5277
41842,39.5402
41843,39.5877
41844,39.659
41845,39.7412
41846,39.8209
41847,39.8864
41848,39.9283
41849,39.9413
41850,39.9239
41851,39.8787
41852,39.8116
41853,39.7307
41854,39.6452
41855,39.5638
41856,39.4942
41857,39.4423
41858,39.4115
41859,39.4037
41860,39.4189
41861,39.4558
41862,39.5121
41863,39.5847
41864,39.6698
41865,39.7633
41866,39.8607
41867,39.9575
41868,40.0489
41869,40.1303
41870,40.1971
41871,40.2453
41872,40.2717
41873,40.2741
41874,40.2521
41875,40.207
41876,40.1422
41877,40.063
41878,39.9764
41879,39.8909
41880,39.8155
41881,39.7592
41882,39.7301
41883,39.7346
41884,39.7768
41885,39.8576
41886,39.9743
41887,40.121
41888,40.2884
41889,40.4651
41890,40.6383
41891,40.7957
41892,40.9257
41893,41.0194
41894,41.0708
41895,41.0769
41896,41.0385
41897,40.9596
41898,40.8469
41899,40.7092
41900,40.5566
41901,40.3995
41902,40.2475
41903,40.1088
41904,39.9899
41905,39.8953
41906,39.8273
41907,39.7869
41908,39.7735
41909,39.7853
41910,39.8198
41911,39.8734
41912,39.9415
41913,40.0184
41914,40.0974
41915,40.1712
41916,40.2321
41917,40.2731
41918,40.288
41919,40.2725
41920,40.224
41921,40.1421
41922,40.0285
41923,39.8867
41924,39.7222
41925,39.5419
41926,39.354
41927,39.1676
41928,38.9923
41929,38.8368
41930,38.7087
41931,38.6132
41932,38.5529
41933,38.5273
41934,38.533
41935,38.5641
41936,38.6134
41937,38.673
41938,38.7354
41939,38.7942
41940,38.8447
41941,38.8847
41942,38.9142
41943,38.9354
41944,38.9525
41945,38.9706
41946,38.9955
41947,39.0322
41948,39.0845
41949,39.1542
41950,39.2407
41951,39.3416
41952,39.4524
41953,39.5672
41954,39.6794
41955,39.7818
41956,39.8677
41957,39.9312
41958,39.9675
41959,39.974
41960,39.9498
41961,39.8966
41962,39.818
41963,39.7201
41964,39.6109
41965,39.4996
41966,39.3967
41967,39.3123
41968,39.2559
41969,39.2347
41970,39.2531
41971,39.3116
41972,39.4064
41973,39.5299
41974,39.6708
41975,39.8154
41976,39.9492
41977,40.0583
41978,40.131
41979,40.159
41980,40.1386
41981,40.0705
41982,39.9602
41983,39.8169
41984,39.6526
41985,39.4812
41986,39.3168
41987,39.1729
41988,39.061
41989,38.9896
41990,38.9632
41991,38.9822
41992,39.0432
41993,39.1392
41994,39.2606
41995,39.3968
41996,39.5372
41997,39.6722
41998,39.7941
41999,39.8975
42000,39.9787
42001,40.036
42002,40.0684
42003,40.0764
42004,40.0609
42005,40.0239
42006,39.968
42007,39.8973
42008,39.8166
42009,39.7316
42010,39.6488
42011,39.5748
42012,39.516
42013,39.4777
42014,39.4637
42015,39.4756
42016,39.513
42017,39.573
42018,39.6511
42019,39.7413
42020,39.8371
42021,39.932
42022,40.0201
42023,40.0964
42024,40.1569
42025,40.1992
42026,40.2218
42027,40.2243
42028,40.207
42029,40.1703
42030,40.1149
42031,40.0412
42032,39.9499
42033,39.8422
42034,39.7202
42035,39.5875
42036,39.4491
42037,39.3112
42038,39.1813
42039,39.0669
42040,38.9755
42041,38.9132
42042,38.8844
42043,38.891
42044,38.9316
42045,39.002
42046,39.0949
42047,39.2005
42048,39.3076
42049,39.4041
42050,39.4786
42051,39.5212
42052,39.5247
42053,39.4853
42054,39.4027
42055,39.2807
42056,39.1264
42057,38.9495
42058,38.7614
42059,38.5738
42060,38.3985
42061,38.2461
42062,38.1261
42063,38.0464
42064,38.0134
42065,38.0315
42066,38.1033
42067,38.2291
42068,38.4064
42069,38.6298
42070,38.8903
42071,39.1759
42072,39.4718
42073,39.7614
42074,40.0279
42075,40.256
42076,40.433
42077,40.5507
42078,40.6054
42079,40.5989
42080,40.5375
42081,40.4315
42082,40.2942
42083,40.1397
42084,39.9823
42085,39.8343
42086,39.7054
42087,39.6019
42088,39.5265
42089,39.4787
42090,39.4552
42091,39.4512
42092,39.4608
42093,39.4784
42094,39.499
42095,39.5194
42096,39.538
42097,39.5551
42098,39.5722
42099,39.5911
42100,39.6135
42101,39.64
42102,39.6692
42103,39.6982
42104,39.7225
42105,39.737
42106,39.7365
42107,39.7167
42108,39.6751
42109,39.6109
42110,39.5257
42111,39.4234
42112,39.3094
42113,39.1909
42114,39.0755
42115,38.9709
42116,38.8836
42117,38.8191
42118,38.7807
42119,38.7696
42120,38.7853
42121,38.8252
42122,38.8857
42123,38.9618
42124,39.0482
42125,39.139
42126,39.2282
42127,39.3103
42128,39.3801
42129,39.4338
42130,39.4688
42131,39.4845
42132,39.4823
42133,39.4653
42134,39.4383
42135,39.4064
42136,39.3749
42137,39.348
42138,39.3289
42139,39.3188
42140,39.3173
42141,39.3221
42142,39.3296
42143,39.3346
42144,39.3323
42145,39.3181
42146,39.2896
42147,39.2467
42148,39.1922
42149,39.131
42150,39.0698
42151,39.0156
42152,38.975
42153,38.9528
42154,38.9518
42155,38.9727
42156,39.0138
42157,39.0719
42158,39.1426
42159,39.2209
42160,39.3015
42161,39.3796
42162,39.4511
42163,39.513
42164,39.5636
42165,39.6029
42166,39.6322
42167,39.6539
42168,39.6712
42169,39.6873
42170,39.7044
42171,39.7238
42172,39.7456
42173,39.7684
42174,39.7905
42175,39.8097
42176,39.8243
42177,39.8336
42178,39.8376
42179,39.8373
42180,39.8339
42181,39.8284
42182,39.821
42183,39.8113
42184,39.7979
42185,39.7791
42186,39.7528
42187,39.7177
42188,39.6728
42189,39.6187
42190,39.5571
42191,39.4916
42192,39.4275
42193,39.3711
42194,39.3296
42195,39.3097
42196,39.3165
42197,39.3524
42198,39.4163
42199,39.5034
42200,39.6054
42201,39.7109
42202,39.8074
42203,39.8823
42204,39.9244
42205,39.9259
42206,39.8832
42207,39.7971
42208,39.6735
42209,39.5219
42210,39.3544
42211,39.1838
42212,39.0223
42213,38.8792
42214,38.7609
42215,38.6695
42216,38.6043
42217,38.5619
42218,38.5378
42219,38.5276
42220,38.5277
42221,38.5359
42222,38.552
42223,38.577
42224,38.6126
42225,38.661
42226,38.7239
42227,38.802
42228,38.895
42229,39.0008
42230,39.1158
42231,39.2351
42232,39.3532
42233,39.4643
42234,39.5635
42235,39.6472
42236,39.7138
42237,39.7639
42238,39.7998
42239,39.8252
42240,39.844
42241,39.8598
42242,39.8747
42243,39.8893
42244,39.9021
42245,39.9108
42246,39.9119
42247,39.902
42248,39.8784
42249,39.8393
42250,39.7844
42251,39.7148
42252,39.6329
42253,39.5422
42254,39.4466
42255,39.3504
42256,39.2575
42257,39.1721
42258,39.0976
42259,39.0376
42260,38.9948
42261,38.9718
42262,38.9699
42263,38.9891
42264,39.0279
42265,39.0823
42266,39.1463
42267,39.2119
42268,39.2699
42269,39.3111
42270,39.3272
42271,39.3125
42272,39.2645
42273,39.1843
42274,39.0768
42275,38.9506
42276,38.8171
42277,38.6901
42278,38.5838
42279,38.5126
42280,38.4886
42281,38.5211
42282,38.6148
42283,38.7693
42284,38.9788
42285,39.232
42286,39.5134
42287,39.8039
42288,40.0831
42289,40.3308
42290,40.5288
42291,40.6632
42292,40.7253
42293,40.7128
42294,40.6298
42295,40.4864
42296,40.2975
42297,40.0815
42298,39.8582
42299,39.6472
42300,39.4656
42301,39.3269
42302,39.24
42303,39.2084
42304,39.2305
42305,39.3003
42306,39.4086
42307,39.5442
42308,39.6957
42309,39.8525
42310,40.0055
42311,40.1475
42312,40.2729
42313,40.3775
42314,40.4573
42315,40.5088
42316,40.5283
42317,40.5131
42318,40.4619
42319,40.3756
42320,40.2586
42321,40.1185
42322,39.9661
42323,39.814
42324,39.6758
42325,39.564
42326,39.4882
42327,39.4541
42328,39.4627
42329,39.5101
42330,39.5882
42331,39.6854
42332,39.7886
42333,39.8843
42334,39.9605
42335,40.0076
42336,40.0195
42337,39.9937
42338,39.9316
42339,39.8381
42340,39.7206
42341,39.5881
42342,39.4504
42343,39.3169
42344,39.196
42345,39.0938
42346,39.0144
42347,38.9591
42348,38.9275
42349,38.9171
42350,38.9249
42351,38.9474
42352,38.9818
42353,39.0261
42354,39.0791
42355,39.1403
42356,39.2095
42357,39.286
42358,39.3684
42359,39.4542
42360,39.5396
42361,39.6204
42362,39.6916
42363,39.7494
42364,39.7906
42365,39.8144
42366,39.8216
42367,39.8151
42368,39.7998
42369,39.7812
42370,39.7655
42371,39.7583
42372,39.7635
42373,39.7827
42374,39.8154
42375,39.8584
42376,39.9073
42377,39.957
42378,40.0025
42379,40.0404
42380,40.0689
42381,40.0882
42382,40.1001
42383,40.1082
42384,40.1165
42385,40.1288
42386,40.1483
42387,40.1766
42388,40.2138
42389,40.2581
42390,40.3064
42391,40.3546
42392,40.3981
42393,40.4321
42394,40.4521
42395,40.4541
42396,40.4352
42397,40.3937
42398,40.3296
42399,40.2444
42400,40.1414
42401,40.0251
42402,39.901
42403,39.7748
42404,39.6518
42405,39.5366
42406,39.4324
42407,39.3412
42408,39.2639
42409,39.2002
42410,39.1492
42411,39.1096
42412,39.0805
42413,39.0616
42414,39.0534
42415,39.0569
42416,39.073
42417,39.1023
42418,39.144
42419,39.1959
42420,39.2546
42421,39.3158
42422,39.3749
42423,39.428
42424,39.4721
42425,39.5058
42426,39.5294
42427,39.5443
42428,39.5532
42429,39.5592
42430,39.5651
42431,39.5729
42432,39.584
42433,39.5984
42434,39.6152
42435,39.6326
42436,39.6481
42437,39.6589
42438,39.662
42439,39.6548
42440,39.6356
42441,39.6038
42442,39.5598
42443,39.5052
42444,39.4422
42445,39.3738
42446,39.3034
42447,39.2348
42448,39.1723
42449,39.1205
42450,39.0841
42451,39.0672
42452,39.073
42453,39.1032
42454,39.157
42455,39.2316
42456,39.3223
42457,39.4223
42458,39.5245
42459,39.6213
42460,39.7061
42461,39.7731
42462,39.8182
42463,39.8393
42464,39.8357
42465,39.8089
42466,39.7618
42467,39.6987
42468,39.625
42469,39.5466
42470,39.4696
42471,39.4002
42472,39.3441
42473,39.3062
42474,39.2906
42475,39.2997
42476,39.3343
42477,39.3936
42478,39.4747
42479,39.5729
42480,39.6824
42481,39.7962
42482,39.9067
42483,40.0062
42484,40.0874
42485,40.1433
42486,40.1683
42487,40.158
42488,40.1103
42489,40.0255
42490,39.9065
42491,39.7591
42492,39.5917
42493,39.4145
42494,39.2392
42495,39.0777
42496,38.9411
42497,38.8385
42498,38.7764
42499,38.7572
42500,38.7801
42501,38.8406
42502,38.9316
42503,39.0443
42504,39.1696
42505,39.2988
42506,39.4252
42507,39.5439
42508,39.6521
42509,39.749
42510,39.8352
42511,39.9119
42512,39.9804
42513,40.0418
42514,40.096
42515,40.1424
42516,40.1793
42517,40.2053
42518,40.219
42519,40.2202
42520,40.2097
42521,40.1899
42522,40.1644
42523,40.1378
42524,40.1152
42525,40.1016
42526,40.1011
42527,40.1168
42528,40.1502
42529,40.2013
42530,40.268
42531,40.347
42532,40.4339
42533,40.5237
42534,40.6113
42535,40.6918
42536,40.7606
42537,40.814
42538,40.8489
42539,40.863
42540,40.8552
42541,40.8258
42542,40.7766
42543,40.7116
42544,40.636
42545,40.556
42546,40.478
42547,40.4076
42548,40.3486
42549,40.3028
42550,40.2698
42551,40.2472
42552,40.2315
42553,40.2186
42554,40.2049
42555,40.1875
42556,40.1649
42557,40.1367
42558,40.1038
42559,40.0676
42560,40.0303
42561,39.994
42562,39.9613
42563,39.9344
42564,39.9149
42565,39.9035
42566,39.8999
42567,39.9024
42568,39.9082
42569,39.9137
42570,39.9152
42571,39.9093
42572,39.894
42573,39.8687
42574,39.8351
42575,39.7968
42576,39.7593
42577,39.7286
42578,39.7106
42579,39.71
42580,39.7294
42581,39.7692
42582,39.8273
42583,39.8996
42584,39.9805
42585,40.0641
42586,40.1441
42587,40.2154
42588,40.2733
42589,40.3145
42590,40.3367
42591,40.3383
42592,40.3185
42593,40.2773
42594,40.2157
42595,40.1357
42596,40.0408
42597,39.9357
42598,39.826
42599,39.718
42600,39.6179
42601,39.5308
42602,39.4606
42603,39.4092
42604,39.3762
42605,39.3596
42606,39.3556
42607,39.3599
42608,39.3681
42609,39.3762
42610,39.3813
42611,39.3818
42612,39.377
42613,39.3674
42614,39.3541
42615,39.3386
42616,39.3225
42617,39.3074
42618,39.2943
42619,39.2839
42620,39.2762
42621,39.2704
42622,39.2647
42623,39.2567
42624,39.2436
42625,39.222
42626,39.1893
42627,39.1432
42628,39.0833
42629,39.0107
42630,38.9285
42631,38.8418
42632,38.7571
42633,38.6818
42634,38.6232
42635,38.5875
42636,38.5792
42637,38.6004
42638,38.6503
42639,38.7256
42640,38.8208
42641,38.929
42642,39.0426
42643,39.154
42644,39.2573
42645,39.3478
42646,39.4232
42647,39.483
42648,39.5284
42649,39.5618
42650,39.5864
42651,39.6055
42652,39.6221
42653,39.6388
42654,39.6566
42655,39.6759
42656,39.6957
42657,39.7146
42658,39.7311
42659,39.7438
42660,39.7521
42661,39.7563
42662,39.7572
42663,39.7569
42664,39.7575
42665,39.762
42666,39.7732
42667,39.7939
42668,39.8266
42669,39.8726
42670,39.9324
42671,40.0045
42672,40.0858
42673,40.1712
42674,40.2543
42675,40.3278
42676,40.3844
42677,40.4175
42678,40.4217
42679,40.3939
42680,40.3331
42681,40.241
42682,40.1217
42683,39.9816
42684,39.8284
42685,39.6705
42686,39.5158
42687,39.3711
42688,39.2414
42689,39.1299
42690,39.0379
42691,38.965
42692,38.9097
42693,38.8697
42694,38.843
42695,38.8275
42696,38.8221
42697,38.8265
42698,38.8414
42699,38.8682
42700,38.9085
42701,38.9637
42702,39.0341
42703,39.1187
42704,39.2148
42705,39.3184
42706,39.4245
42707,39.5282
42708,39.6253
42709,39.7128
42710,39.7893
42711,39.8551
42712,39.9116
42713,39.9611
42714,40.0054
42715,40.0458
42716,40.0822
42717,40.1134
42718,40.1369
42719,40.1498
42720,40.1497
42721,40.1352
42722,40.1065
42723,40.0654
42724,40.016
42725,39.9633
42726,39.9139
42727,39.8739
42728,39.8493
42729,39.8443
42730,39.8614
42731,39.9005
42732,39.9592
42733,40.0331
42734,40.1164
42735,40.2024
42736,40.2844
42737,40.3566
42738,40.4142
42739,40.4544
42740,40.476
42741,40.4794
42742,40.4664
42743,40.4395
42744,40.4015
42745,40.3556
42746,40.3047
42747,40.2514
42748,40.1983
42749,40.1476
42750,40.101
42751,40.0603
42752,40.0271
42753,40.0031
42754,39.9897
42755,39.9886
42756,40.0007
42757,40.0261
42758,40.0636
42759,40.1106
42760,40.1626
42761,40.2135
42762,40.2559
42763,40.282
42764,40.2844
42765,40.2573
42766,40.1971
42767,40.1033
42768,39.9785
42769,39.8278
42770,39.6587
42771,39.4798
42772,39.3003
42773,39.1287
42774,38.9728
42775,38.8388
42776,38.7314
42777,38.6536
42778,38.6073
42779,38.5933
42780,38.6121
42781,38.6634
42782,38.746
42783,38.8572
42784,38.9926
42785,39.1455
42786,39.3072
42787,39.4676
42788,39.6161
42789,39.7425
42790,39.838
42791,39.8962
42792,39.9136
42793,39.8899
42794,39.8279
42795,39.7334
42796,39.6145
42797,39.4806
42798,39.3419
42799,39.2084
42800,39.0896
42801,38.993
42802,38.9244
42803,38.8872
42804,38.8822
42805,38.908
42806,38.9612
42807,39.037
42808,39.1293
42809,39.2314
42810,39.3361
42811,39.4364
42812,39.5257
42813,39.5984
42814,39.6498
42815,39.6769
42816,39.6782
42817,39.6537
42818,39.6052
42819,39.5357
42820,39.4495
42821,39.352
42822,39.2488
42823,39.1459
42824,39.0492
42825,38.9641
42826,38.8953
42827,38.8461
42828,38.8184
42829,38.8121
42830,38.8253
42831,38.8545
42832,38.8953
42833,38.9427
42834,38.9916
42835,39.0377
42836,39.0776
42837,39.1093
42838,39.1325
42839,39.1483
42840,39.1591
42841,39.1682
42842,39.1783
42843,39.1915
42844,39.2083
42845,39.2271
42846,39.2439
42847,39.2533
42848,39.2491
42849,39.2253
42850,39.1783
42851,39.1075
42852,39.0163
42853,38.9125
42854,38.8069
42855,38.7129
42856,38.6437
42857,38.6109
42858,38.6227
42859,38.6821
42860,38.7871
42861,38.9303
42862,39.1003
42863,39.2827
42864,39.4623
42865,39.6246
42866,39.7577
42867,39.8536
42868,39.9092
42869,39.9261
42870,39.9098
42871,39.869
42872,39.8136
42873,39.7536
42874,39.698
42875,39.6537
42876,39.6254
42877,39.6155
42878,39.6239
42879,39.6485
42880,39.6854
42881,39.7294
42882,39.7744
42883,39.8147
42884,39.8446
42885,39.8597
42886,39.8569
42887,39.8345
42888,39.7926
42889,39.7329
42890,39.6591
42891,39.5765
42892,39.4917
42893,39.4116
42894,39.3432
42895,39.2922
42896,39.2625
42897,39.2563
42898,39.2741
42899,39.3146
42900,39.3749
42901,39.4516
42902,39.5404
42903,39.6366
42904,39.7358
42905,39.834
42906,39.9277
42907,40.0139
42908,40.0899
42909,40.1534
42910,40.2022
42911,40.2341
42912,40.2468
42913,40.2386
42914,40.2077
42915,40.1531
42916,40.0744
42917,39.9725
42918,39.8497
42919,39.7103
42920,39.5602
42921,39.4072
42922,39.2601
42923,39.1281
42924,39.0203
42925,38.9446
42926,38.907
42927,38.9111
42928,38.9573
42929,39.0429
42930,39.1618
42931,39.3058
42932,39.4648
42933,39.6282
42934,39.7861
42935,39.93
42936,40.0538
42937,40.1541
42938,40.2302
42939,40.2842
42940,40.3199
42941,40.3422
42942,40.3564
42943,40.3668
42944,40.3765
42945,40.3864
42946,40.3952
42947,40.4002
42948,40.3973
42949,40.3829
42950,40.3542
42951,40.3103
42952,40.2524
42953,40.1839
42954,40.1095
42955,40.0348
42956,39.9648
42957,39.9038
42958,39.854
42959,39.8159
42960,39.7884
42961,39.7694
42962,39.7561
42963,39.746
42964,39.7371
42965,39.7282
42966,39.7193
42967,39.7112
42968,39.7056
42969,39.7046
42970,39.7106
42971,39.7257
42972,39.751
42973,39.7866
42974,39.831
42975,39.8812
42976,39.9329
42977,39.9805
42978,40.0182
42979,40.0406
42980,40.0429
42981,40.0226
42982,39.979
42983,39.9141
42984,39.8319
42985,39.7373
42986,39.6357
42987,39.532
42988,39.4298
42989,39.3315
42990,39.2386
42991,39.1525
42992,39.0745
42993,39.0067
42994,38.9526
42995,38.9164
42996,38.9032
42997,38.9184
42998,38.9666
42999,39.0507
43000,39.1713
43001,39.3254
43002,39.5067
43003,39.7062
43004,39.9121
43005,40.1118
43006,40.2926
43007,40.443
43008,40.5537
43009,40.6184
43010,40.6344
43011,40.6022
43012,40.5259
43013,40.4122
43014,40.2702
43015,40.111
43016,39.9466
43017,39.7894
43018,39.6514
43019,39.5427
43020,39.4708
43021,39.4397
43022,39.4497
43023,39.4971
43024,39.5747
43025,39.6732
43026,39.7819
43027,39.8895
43028,39.9856
43029,40.0607
43030,40.1073
43031,40.1197
43032,40.0947
43033,40.032
43034,39.934
43035,39.8059
43036,39.6554
43037,39.4924
43038,39.3282
43039,39.1745
43040,39.0422
43041,38.9406
43042,38.8764
43043,38.8531
43044,38.8711
43045,38.9277
43046,39.0176
43047,39.1337
43048,39.2676
43049,39.4105
43050,39.5539
43051,39.6904
43052,39.8139
43053,39.9198
43054,40.005
43055,40.0683
43056,40.1096
43057,40.1303
43058,40.1325
43059,40.1193
43060,40.0941
43061,40.0609
43062,40.0235
43063,39.986
43064,39.9522
43065,39.9257
43066,39.9096
43067,39.9063
43068,39.9174
43069,39.9437
43070,39.9854
43071,40.042
43072,40.1123
43073,40.1942
43074,40.2847
43075,40.3798
43076,40.4748
43077,40.5647
43078,40.6444
43079,40.7096
43080,40.7576
43081,40.7869
43082,40.7975
43083,40.791
43084,40.7695
43085,40.7355
43086,40.6913
43087,40.6389
43088,40.5792
43089,40.5127
43090,40.4394
43091,40.3589
43092,40.2713
43093,40.1768
43094,40.0767
43095,39.9731
43096,39.8689
43097,39.767
43098,39.6707
43099,39.5824
43100,39.5042
43101,39.4372
43102,39.382
43103,39.3391
43104,39.3086
43105,39.2908
43106,39.2862
43107,39.2952
43108,39.3179
43109,39.3539
43110,39.4016
43111,39.458
43112,39.5183
43113,39.5763
43114,39.6248
43115,39.6564
43116,39.6651
43117,39.6471
43118,39.6021
43119,39.5332
43120,39.4473
43121,39.3532
43122,39.2615
43123,39.1822
43124,39.1241
43125,39.0934
43126,39.0936
43127,39.1246
43128,39.1838
43129,39.2662
43130,39.3652
43131,39.4739
43132,39.5856
43133,39.6944
43134,39.7959
43135,39.8864
43136,39.9635
43137,40.0256
43138,40.0719
43139,40.1021
43140,40.117
43141,40.1179
43142,40.107
43143,40.0868
43144,40.0603
43145,40.0304
43146,39.9998
43147,39.9703
43148,39.943
43149,39.9179
43150,39.8938
43151,39.8687
43152,39.8397
43153,39.8039
43154,39.7591
43155,39.7038
43156,39.6381
43157,39.5639
43158,39.4848
43159,39.4058
43160,39.3328
43161,39.2719
43162,39.2286
43163,39.2069
43164,39.2089
43165,39.2343
43166,39.2802
43167,39.3413
43168,39.4104
43169,39.4792
43170,39.5393
43171,39.5827
43172,39.6031
43173,39.5962
43174,39.5606
43175,39.4972
43176,39.4098
43177,39.3044
43178,39.1886
43179,39.0712
43180,38.9613
43181,38.8672
43182,38.7961
43183,38.7533
43184,38.7419
43185,38.7628
43186,38.8148
43187,38.8946
43188,38.9972
43189,39.1162
43190,39.2438
43191,39.3714
43192,39.4899
43193,39.5909
43194,39.6664
43195,39.7106
43196,39.72
43197,39.6942
43198,39.6361
43199,39.5517
43200,53.3613
43201,53.2129
43202,53.0686
43203,52.9417
43204,52.8434
43205,52.7817
43206,52.7605
43207,52.7802
43208,52.8371
43209,52.9242
43210,53.0318
43211,53.1485
43212,53.2626
43213,53.3632
43214,53.4417
43215,53.4923
43216,53.5126
43217,53.5034
43218,53.4682
43219,53.4128
43220,53.3443
43221,53.2706
43222,53.1987
43223,53.1349
43224,53.0839
43225,53.0486
43226,53.0306
43227,53.0299
43228,53.0458
43229,53.0763
43230,53.1189
43231,53.1705
43232,53.2279
43233,53.2882
43234,53.3499
43235,53.4124
43236,53.4768
43237,53.5448
43238,53.6183
43239,53.6989
43240,53.7867
43241,53.8799
43242,53.9751
43243,54.0673
43244,54.15
43245,54.2165
43246,54.2601
43247,54.2745
43248,54.2551
43249,54.1987
43250,54.1043
43251,53.9738
43252,53.8117
43253,53.6252
43254,53.4236
43255,53.2174
43256,53.0167
43257,52.83
43258,52.6637
43259,52.5207
43260,52.4007
43261,52.301
43262,52.217
43263,52.1434
43264,52.076
43265,52.0128
43266,51.9544
43267,51.9045
43268,51.8696
43269,51.8584
43270,51.8808
43271,51.9477
43272,52.0691
43273,52.253
43274,52.5034
43275,52.8185
43276,53.1887
43277,53.5963
43278,54.0166
43279,54.4196
43280,54.7737
43281,55.0494
43282,55.2229
43283,55.2786
43284,55.2108
43285,55.0245
43286,54.7347
43287,54.3651
43288,53.9451
43289,53.508
43290,53.0868
43291,52.7119
43292,52.4081
43293,52.1931
43294,52.0759
43295,52.0574
43296,52.1306
43297,52.282
43298,52.4933
43299,52.7431
43300,53.0095
43301,53.2722
43302,53.5139
43303,53.7221
43304,53.8895
43305,54.0141
43306,54.0978
43307,54.1455
43308,54.163
43309,54.1556
43310,54.1272
43311,54.0798
43312,54.0141
43313,53.9297
43314,53.8264
43315,53.7049
43316,53.5673
43317,53.4171
43318,53.2586
43319,53.0965
43320,52.935
43321,52.777
43322,52.624
43323,52.4766
43324,52.3342
43325,52.1965
43326,52.0636
43327,51.9368
43328,51.8191
43329,51.7145
43330,51.6282
43331,51.5653
43332,51.5306
43333,51.5278
43334,51.5587
43335,51.6234
43336,51.7197
43337,51.8435
43338,51.9894
43339,52.151
43340,52.3215
43341,52.4944
43342,52.6638
43343,52.8243
43344,52.9712
43345,53.1006
43346,53.209
43347,53.294
43348,53.3548
43349,53.3929
43350,53.4121
43351,53.4189
43352,53.4216
43353,53.4296
43354,53.451
43355,53.492
43356,53.5549
43357,53.6378
43358,53.7345
43359,53.8355
43360,53.9297
43361,54.0055
43362,54.0528
43363,54.064
43364,54.0345
43365,53.9631
43366,53.8519
43367,53.7061
43368,53.5329
43369,53.342
43370,53.144
43371,52.95
43372,52.771
43373,52.6161
43374,52.4928
43375,52.4059
43376,52.3581
43377,52.3501
43378,52.3813
43379,52.4504
43380,52.5555
43381,52.6943
43382,52.8638
43383,53.0601
43384,53.2772
43385,53.5077
43386,53.742
43387,53.9693
43388,54.1782
43389,54.3575
43390,54.4976
43391,54.5912
43392,54.6342
43393,54.6266
43394,54.5727
43395,54.4807
43396,54.3619
43397,54.2295
43398,54.0964
43399,53.9745
43400,53.8736
43401,53.8004
43402,53.7592
43403,53.7515
43404,53.7764
43405,53.8309
43406,53.9108
43407,54.0106
43408,54.1242
43409,54.2453
43410,54.3675
43411,54.4844
43412,54.5903
43413,54.6795
43414,54.7474
43415,54.7901
43416,54.8047
43417,54.7897
43418,54.7442
43419,54.6685
43420,54.5635
43421,54.4306
43422,54.2719
43423,54.0903
43424,53.8894
43425,53.6742
43426,53.4506
43427,53.2257
43428,53.0068
43429,52.8022
43430,52.6201
43431,52.4685
43432,52.3548
43433,52.2846
43434,52.2618
43435,52.2872
43436,52.3589
43437,52.4719
43438,52.6187
43439,52.7891
43440,52.9719
43441,53.1552
43442,53.3279
43443,53.4807
43444,53.6077
43445,53.7065
43446,53.7788
43447,53.8302
43448,53.8686
43449,53.9034
43450,53.9434
43451,53.9955
43452,54.0631
43453,54.1458
43454,54.2397
43455,54.3376
43456,54.4306
43457,54.5093
43458,54.5651
43459,54.5909
43460,54.5818
43461,54.5357
43462,54.4532
43463,54.3379
43464,54.196
43465,54.0363
43466,53.8701
43467,53.7097
43468,53.5683
43469,53.4585
43470,53.391
43471,53.3736
43472,53.4102
43473,53.4998
43474,53.6363
43475,53.8087
43476,54.0019
43477,54.1976
43478,54.377
43479,54.5222
43480,54.6184
43481,54.6551
43482,54.6272
43483,54.5347
43484,54.3827
43485,54.1806
43486,53.9407
43487,53.677
43488,53.4038
43489,53.1345
43490,52.8807
43491,52.6519
43492,52.4544
43493,52.2918
43494,52.1648
43495,52.0716
43496,52.0086
43497,51.9713
43498,51.9555
43499,51.9577
43500,51.9759
43501,52.0097
43502,52.0597
43503,52.1274
43504,52.2142
43505,52.3214
43506,52.449
43507,52.5956
43508,52.7587
43509,52.9343
43510,53.1179
43511,53.3049
43512,53.4908
43513,53.6722
43514,53.8462
43515,54.0103
43516,54.162
43517,54.2983
43518,54.4153
43519,54.5077
43520,54.57
43521,54.5962
43522,54.5811
43523,54.5214
43524,54.4161
43525,54.268
43526,54.0832
43527,53.8722
43528,53.6487
43529,53.429
43530,53.2305
43531,53.0698
43532,52.9608
43533,52.9127
43534,52.9289
43535,53.0061
43536,53.1347
43537,53.2998
43538,53.4829
43539,53.6644
43540,53.8252
43541,53.9496
43542,54.0261
43543,54.0487
43544,54.017
43545,53.9362
43546,53.8155
43547,53.6675
43548,53.5066
43549,53.3478
43550,53.2052
43551,53.0913
43552,53.0157
43553,52.9851
43554,53.002
43555,53.0656
43556,53.1713
43557,53.3117
43558,53.4766
43559,53.6542
43560,53.8315
43561,53.9956
43562,54.1342
43563,54.2368
43564,54.2953
43565,54.305
43566,54.2645
43567,54.1765
43568,54.0467
43569,53.8837
43570,53.698
43571,53.5011
43572,53.3048
43573,53.1204
43574,52.958
43575,52.826
43576,52.7307
43577,52.6756
43578,52.6616
43579,52.6866
43580,52.7454
43581,52.8304
43582,52.9323
43583,53.0408
43584,53.1459
43585,53.239
43586,53.3135
43587,53.3658
43588,53.3956
43589,53.4063
43590,53.4041
43591,53.3978
43592,53.3975
43593,53.4135
43594,53.4546
43595,53.5276
43596,53.6356
43597,53.778
43598,53.9502
43599,54.1433
43600,54.345
43601,54.54
43602,54.712
43603,54.845
43604,54.9252
43605,54.9429
43606,54.8937
43607,54.7791
43608,54.6065
43609,54.3877
43610,54.1382
43611,53.875
43612,53.6155
43613,53.3761
43614,53.1714
43615,53.013
43616,52.9092
43617,52.8641
43618,52.8773
43619,52.9441
43620,53.0555
43621,53.1994
43622,53.3615
43623,53.5272
43624,53.6828
43625,53.8167
43626,53.9204
43627,53.9885
43628,54.0182
43629,54.0092
43630,53.963
43631,53.8827
43632,53.7725
43633,53.6383
43634,53.4865
43635,53.3242
43636,53.1584
43637,52.9956
43638,52.8409
43639,52.6975
43640,52.5671
43641,52.4494
43642,52.3431
43643,52.246
43644,52.1564
43645,52.0733
43646,51.9968
43647,51.9288
43648,51.8726
43649,51.8327
43650,51.8146
43651,51.8242
43652,51.8665
43653,51.9451
43654,52.0615
43655,52.215
43656,52.402
43657,52.6167
43658,52.8512
43659,53.0955
43660,53.3383
43661,53.5668
43662,53.7681
43663,53.9297
43664,54.0411
43665,54.095
43666,54.0884
43667,54.0232
43668,53.9064
43669,53.7498
43670,53.5689
43671,53.3812
43672,53.2046
43673,53.0555
43674,52.9469
43675,52.8878
43676,52.8826
43677,52.9313
43678,53.03
43679,53.1716
43680,53.3458
43681,53.5403
43682,53.7407
43683,53.9316
43684,54.0975
43685,54.2235
43686,54.2969
43687,54.3086
43688,54.2539
43689,54.1338
43690,53.9552
43691,53.731
43692,53.4786
43693,53.2183
43694,52.9713
43695,52.7572
43696,52.5924
43697,52.4879
43698,52.4488
43699,52.4739
43700,52.5563
43701,52.6849
43702,52.8458
43703,53.0242
43704,53.2064
43705,53.3808
43706,53.5396
43707,53.6789
43708,53.7985
43709,53.9012
43710,53.991
43711,54.0722
43712,54.1476
43713,54.2176
43714,54.2803
43715,54.3312
43716,54.3646
43717,54.3744
43718,54.3556
43719,54.3051
43720,54.2224
43721,54.1103
43722,53.9748
43723,53.8251
43724,53.6726
43725,53.5303
43726,53.4112
43727,53.3274
43728,53.2886
43729,53.3011
43730,53.3672
43731,53.4847
43732,53.6474
43733,53.8452
43734,54.0647
43735,54.2903
43736,54.5047
43737,54.691
43738,54.8333
43739,54.9188
43740,54.939
43741,54.8902
43742,54.7743
43743,54.5981
43744,54.3731
43745,54.114
43746,53.8379
43747,53.5623
43748,53.3037
43749,53.0761
43750,52.8896
43751,52.7509
43752,52.6626
43753,52.6247
43754,52.6354
43755,52.6917
43756,52.7906
43757,52.9282
43758,53.1003
43759,53.3012
43760,53.5232
43761,53.7564
43762,53.9892
43763,54.2087
43764,54.4019
43765,54.5571
43766,54.665
43767,54.7192
43768,54.7172
43769,54.6604
43770,54.5543
43771,54.4079
43772,54.2332
43773,54.0444
43774,53.8563
43775,53.6838
43776,53.54
43777,53.4355
43778,53.3774
43779,53.3692
43780,53.4102
43781,53.4963
43782,53.6203
43783,53.7723
43784,53.9405
43785,54.1125
43786,54.2762
43787,54.4207
43788,54.5372
43789,54.6197
43790,54.6655
43791,54.675
43792,54.6518
43793,54.6018
43794,54.5329
43795,54.4538
43796,54.3734
43797,54.2999
43798,54.2398
43799,54.1977
43800,54.1756
43801,54.1726
43802,54.1849
43803,54.2061
43804,54.2278
43805,54.2403
43806,54.2338
43807,54.1992
43808,54.1296
43809,54.0214
43810,53.8747
43811,53.6944
43812,53.4891
43813,53.271
43814,53.0541
43815,52.853
43816,52.6814
43817,52.551
43818,52.4703
43819,52.4443
43820,52.474
43821,52.5566
43822,52.6853
43823,52.8498
43824,53.0366
43825,53.2301
43826,53.4133
43827,53.5693
43828,53.6831
43829,53.7427
43830,53.7408
43831,53.6751
43832,53.5485
43833,53.3686
43834,53.1474
43835,52.8996
43836,52.6419
43837,52.3915
43838,52.1648
43839,51.9767
43840,51.8394
43841,51.7621
43842,51.7507
43843,51.8074
43844,51.931
43845,52.1168
43846,52.3568
43847,52.6398
43848,52.9523
43849,53.2787
43850,53.6023
43851,53.9063
43852,54.1748
43853,54.3941
43854,54.5533
43855,54.6454
43856,54.6676
43857,54.6213
43858,54.5128
43859,54.3522
43860,54.1536
43861,53.9333
43862,53.7088
43863,53.497
43864,53.3128
43865,53.1672
43866,53.0673
43867,53.0148
43868,53.0071
43869,53.0379
43870,53.0983
43871,53.1781
43872,53.2673
43873,53.357
43874,53.4395
43875,53.5095
43876,53.5635
43877,53.6002
43878,53.6207
43879,53.6282
43880,53.6276
43881,53.6247
43882,53.6255
43883,53.6352
43884,53.6581
43885,53.6975
43886,53.7552
43887,53.8317
43888,53.9259
43889,54.0347
43890,54.1527
43891,54.2722
43892,54.3828
43893,54.4727
43894,54.5293
43895,54.5414
43896,54.5003
43897,54.4023
43898,54.2493
43899,54.049
43900,53.8144
43901,53.5622
43902,53.3109
43903,53.0785
43904,52.8803
43905,52.7273
43906,52.6252
43907,52.5742
43908,52.5693
43909,52.6012
43910,52.6576
43911,52.7251
43912,52.7903
43913,52.8416
43914,52.8695
43915,52.8678
43916,52.8339
43917,52.769
43918,52.6774
43919,52.5662
43920,52.4445
43921,52.3224
43922,52.2102
43923,52.1173
43924,52.0516
43925,52.0187
43926,52.0216
43927,52.0612
43928,52.1358
43929,52.2424
43930,52.3765
43931,52.5332
43932,52.7075
43933,52.895
43934,53.0927
43935,53.2993
43936,53.5151
43937,53.7416
43938,53.9811
43939,54.2354
43940,54.5052
43941,54.7891
43942,55.0829
43943,55.3792
43944,55.6677
43945,55.9357
43946,56.1692
43947,56.3543
43948,56.4784
43949,56.5323
43950,56.5102
43951,56.411
43952,56.2385
43953,56.0012
43954,55.7118
43955,55.3862
43956,55.0422
43957,54.6985
43958,54.3724
43959,54.0795
43960,53.8323
43961,53.6393
43962,53.5054
43963,53.431
43964,53.4128
43965,53.4433
43966,53.5124
43967,53.6081
43968,53.7178
43969,53.8296
43970,53.9339
43971,54.0237
43972,54.0952
43973,54.1477
43974,54.1835
43975,54.207
43976,54.2238
43977,54.2395
43978,54.2588
43979,54.2843
43980,54.3164
43981,54.3525
43982,54.3878
43983,54.4159
43984,54.4297
43985,54.4228
43986,54.3911
43987,54.3336
43988,54.2532
43989,54.1563
43990,54.052
43991,53.9503
43992,53.8611
43993,53.7921
43994,53.7485
43995,53.7319
43996,53.7409
43997,53.7709
43998,53.8155
43999,53.8675
44000,53.9196
44001,53.9653
44002,53.9995
44003,54.0186
44004,54.021
44005,54.0066
44006,53.9774
44007,53.9372
44008,53.8914
44009,53.847
44010,53.8112
44011,53.791
44012,53.7921
44013,53.8174
44014,53.8672
44015,53.9382
44016,54.0236
44017,54.1145
44018,54.2
44019,54.2691
44020,54.3119
44021,54.321
44022,54.2925
44023,54.2263
44024,54.1262
44025,53.9994
44026,53.8557
44027,53.7066
44028,53.5642
44029,53.4403
44030,53.3457
44031,53.2897
44032,53.2789
44033,53.3177
44034,53.4069
44035,53.5442
44036,53.724
44037,53.9374
44038,54.1734
44039,54.4191
44040,54.6611
44041,54.8858
44042,55.0807
44043,55.2342
44044,55.3371
44045,55.3824
44046,55.3669
44047,55.2908
44048,55.1586
44049,54.9784
44050,54.7612
44051,54.5201
44052,54.2687
44053,54.0202
44054,53.7861
44055,53.5761
44056,53.3973
44057,53.2549
44058,53.1512
44059,53.0865
44060,53.0582
44061,53.0615
44062,53.0884
44063,53.1295
44064,53.1738
44065,53.21
44066,53.2279
44067,53.2191
44068,53.1781
44069,53.1027
44070,52.9947
44071,52.8593
44072,52.7054
44073,52.5445
44074,52.3894
44075,52.2528
44076,52.1459
44077,52.0773
44078,52.0522
44079,52.0719
44080,52.1348
44081,52.2365
44082,52.3705
44083,52.5295
44084,52.706
44085,52.8923
44086,53.0819
44087,53.2689
44088,53.4489
44089,53.6184
44090,53.7752
44091,53.9178
44092,54.0454
44093,54.1573
44094,54.2526
44095,54.3302
44096,54.3891
44097,54.4282
44098,54.4473
44099,54.4471
44100,54.4293
44101,54.397
44102,54.3536
44103,54.3028
44104,54.2477
44105,54.1902
44106,54.131
44107,54.0691
44108,54.0033
44109,53.9321
44110,53.8551
44111,53.7734
44112,53.6898
44113,53.6087
44114,53.5349
44115,53.4732
44116,53.4267
44117,53.3969
44118,53.3824
44119,53.3802
44120,53.3857
44121,53.3943
44122,53.4024
44123,53.4086
44124,53.4138
44125,53.4211
44126,53.4347
44127,53.4592
44128,53.4972
44129,53.5493
44130,53.6127
44131,53.6819
44132,53.7485
44133,53.8027
44134,53.8341
44135,53.8332
44136,53.7928
44137,53.7089
44138,53.5824
44139,53.4192
44140,53.2303
44141,53.0312
44142,52.8407
44143,52.6786
44144,52.5634
44145,52.51
44146,52.5274
44147,52.6173
44148,52.7732
44149,52.9813
44150,53.2212
44151,53.4683
44152,53.6968
44153,53.8825
44154,54.0059
44155,54.0546
44156,54.0243
44157,53.9198
44158,53.7539
44159,53.5458
44160,53.3193
44161,53.1002
44162,52.9128
44163,52.7778
44164,52.71
44165,52.7168
44166,52.7979
44167,52.9462
44168,53.1487
44169,53.3881
44170,53.6448
44171,53.8984
44172,54.1298
44173,54.3226
44174,54.465
44175,54.5505
44176,54.5783
44177,54.5527
44178,54.4819
44179,54.3763
44180,54.2472
44181,54.106
44182,53.9626
44183,53.8257
44184,53.7023
44185,53.5979
44186,53.5167
44187,53.4618
44188,53.4352
44189,53.4377
44190,53.4683
44191,53.5249
44192,53.6032
44193,53.6978
44194,53.8024
44195,53.9098
44196,54.0133
44197,54.1069
44198,54.1863
44199,54.2493
44200,54.2963
44201,54.3304
44202,54.3563
44203,54.3802
44204,54.4079
44205,54.4445
44206,54.4933
44207,54.5553
44208,54.6292
44209,54.7116
44210,54.7975
44211,54.8806
44212,54.9542
44213,55.0121
44214,55.0487
44215,55.06
44216,55.0439
44217,55.0004
44218,54.9316
44219,54.8421
44220,54.738
44221,54.627
44222,54.5167
44223,54.4146
44224,54.3261
44225,54.2545
44226,54.1998
44227,54.1594
44228,54.128
44229,54.0991
44230,54.0665
44231,54.0253
44232,53.9733
44233,53.9121
44234,53.8469
44235,53.7856
44236,53.7382
44237,53.7141
44238,53.7209
44239,53.7624
44240,53.8374
44241,53.94
44242,54.0598
44243,54.1832
44244,54.2955
44245,54.3827
44246,54.4336
44247,54.441
44248,54.4024
44249,54.3206
44250,54.2027
44251,54.0594
44252,53.9036
44253,53.749
44254,53.609
44255,53.4955
44256,53.4177
44257,53.3821
44258,53.3917
44259,53.4461
44260,53.5418
44261,53.6724
44262,53.8299
44263,54.0047
44264,54.1876
44265,54.3695
44266,54.543
44267,54.7016
44268,54.8404
44269,54.9556
44270,55.0444
44271,55.1047
44272,55.1352
44273,55.1351
44274,55.1046
44275,55.0445
44276,54.9569
44277,54.8449
44278,54.7134
44279,54.5688
44280,54.4186
44281,54.271
44282,54.134
44283,54.0144
44284,53.9171
44285,53.8439
44286,53.794
44287,53.7634
44288,53.7458
44289,53.7334
44290,53.7183
44291,53.6938
44292,53.6552
44293,53.6013
44294,53.5344
44295,53.4608
44296,53.3898
44297,53.3331
44298,53.3031
44299,53.311
44300,53.3649
44301,53.4682
44302,53.6189
44303,53.8094
44304,54.0271
44305,54.2556
44306,54.4765
44307,54.6719
44308,54.8262
44309,54.9276
44310,54.9698
44311,54.9515
44312,54.8767
44313,54.7526
44314,54.5887
44315,54.3954
44316,54.1826
44317,53.9596
44318,53.735
44319,53.5168
44320,53.3134
44321,53.1331
44322,52.9838
44323,52.8728
44324,52.8057
44325,52.7862
44326,52.8154
44327,52.8912
44328,53.0086
44329,53.1597
44330,53.3348
44331,53.5233
44332,53.7152
44333,53.902
44334,54.0774
44335,54.2375
44336,54.3803
44337,54.5051
44338,54.6116
44339,54.6992
44340,54.7668
44341,54.8119
44342,54.8315
44343,54.8219
44344,54.7802
44345,54.7046
44346,54.5952
44347,54.4553
44348,54.291
44349,54.1117
44350,53.9296
44351,53.7585
44352,53.6127
44353,53.5054
44354,53.4465
44355,53.4419
44356,53.4925
44357,53.5946
44358,53.7403
44359,53.9191
44360,54.1187
44361,54.3268
44362,54.5321
44363,54.7254
44364,54.9004
44365,55.0541
44366,55.1874
44367,55.304
44368,55.41
44369,55.5122
44370,55.6166
44371,55.7271
44372,55.8435
44373,55.9614
44374,56.0721
44375,56.1634
44376,56.2215
44377,56.2333
44378,56.1887
44379,56.0825
44380,55.9164
44381,55.6984
44382,55.4428
44383,55.1681
44384,54.8942
44385,54.6402
44386,54.4212
44387,54.2473
44388,54.1224
44389,54.0439
44390,54.0043
44391,53.9916
44392,53.9913
44393,53.9886
44394,53.9694
44395,53.9229
44396,53.8421
44397,53.7252
44398,53.5751
44399,53.3996
44400,53.2097
44401,53.0186
44402,52.8393
44403,52.6831
44404,52.5583
44405,52.4692
44406,52.4157
44407,52.3937
44408,52.3961
44409,52.4142
44410,52.4389
44411,52.4627
44412,52.4808
44413,52.4924
44414,52.5006
44415,52.5127
44416,52.5394
44417,52.5931
44418,52.6866
44419,52.8305
44420,53.0315
44421,53.2909
44422,53.6034
44423,53.9573
44424,54.3351
44425,54.7148
44426,55.0717
44427,55.3815
44428,55.622
44429,55.7759
44430,55.8328
44431,55.7899
44432,55.652
44433,55.4307
44434,55.1425
44435,54.8073
44436,54.4458
44437,54.0785
44438,53.7236
44439,53.3967
44440,53.1099
44441,52.8718
44442,52.6874
44443,52.5588
44444,52.4851
44445,52.4632
44446,52.4882
44447,52.554
44448,52.6531
44449,52.7773
44450,52.9184
44451,53.0682
44452,53.2195
44453,53.3666
44454,53.5052
44455,53.6326
44456,53.7472
44457,53.8478
44458,53.9338
44459,54.0043
44460,54.0588
44461,54.0974
44462,54.1217
44463,54.1349
44464,54.1424
44465,54.1511
44466,54.1691
44467,54.2039
44468,54.2621
44469,54.3475
44470,54.4607
44471,54.5987
44472,54.7555
44473,54.9219
44474,55.0872
44475,55.2395
44476,55.3663
44477,55.4562
44478,55.4988
44479,55.4861
44480,55.4139
44481,55.2822
44482,55.0959
44483,54.8647
44484,54.6025
44485,54.3256
44486,54.0513
44487,53.7954
44488,53.5707
44489,53.3859
44490,53.2445
44491,53.1457
44492,53.0852
44493,53.0564
44494,53.0527
44495,53.0684
44496,53.0999
44497,53.1464
44498,53.2092
44499,53.2907
44500,53.393
44501,53.5165
44502,53.6584
44503,53.8124
44504,53.9686
44505,54.1152
44506,54.2392
44507,54.3291
44508,54.3757
44509,54.3738
44510,54.322
44511,54.2224
44512,54.0808
44513,53.9054
44514,53.7064
44515,53.495
44516,53.2828
44517,53.081
44518,52.8993
44519,52.7461
44520,52.6273
44521,52.5463
44522,52.5043
44523,52.4997
44524,52.5291
44525,52.5876
44526,52.6693
44527,52.7686
44528,52.8802
44529,53.0005
44530,53.1271
44531,53.2595
44532,53.3983
44533,53.5445
44534,53.6992
44535,53.8623
44536,54.0317
44537,54.2036
44538,54.3717
44539,54.5285
44540,54.6651
44541,54.7733
44542,54.8459
44543,54.878
44544,54.8677
44545,54.8165
44546,54.7291
44547,54.613
44548,54.4774
44549,54.3323
44550,54.1875
44551,54.0517
44552,53.9314
44553,53.8309
44554,53.7517
44555,53.6934
44556,53.6534
44557,53.6282
44558,53.6135
44559,53.6047
44560,53.5976
44561,53.5886
44562,53.5753
44563,53.5573
44564,53.5359
44565,53.5145
44566,53.4979
44567,53.4918
44568,53.5016
44569,53.5316
44570,53.5842
44571,53.659
44572,53.7526
44573,53.859
44574,53.9697
44575,54.0751
44576,54.1651
44577,54.2307
44578,54.2648
44579,54.2633
44580,54.2259
44581,54.1566
44582,54.0629
44583,53.9552
44584,53.8457
44585,53.7464
44586,53.6677
44587,53.6169
44588,53.5973
44589,53.6087
44590,53.6477
44591,53.7088
44592,53.7854
44593,53.8714
44594,53.9609
44595,54.0495
44596,54.1334
44597,54.2099
44598,54.2765
44599,54.3312
44600,54.3724
44601,54.3988
44602,54.4097
44603,54.4056
44604,54.3877
44605,54.3588
44606,54.3224
44607,54.2825
44608,54.2435
44609,54.2086
44610,54.1802
44611,54.159
44612,54.1441
44613,54.1332
44614,54.1234
44615,54.1117
44616,54.0964
44617,54.0771
44618,54.0554
44619,54.0343
44620,54.0178
44621,54.0098
44622,54.0133
44623,54.0298
44624,54.0584
44625,54.0958
44626,54.1359
44627,54.1708
44628,54.1906
44629,54.1856
44630,54.147
44631,54.0691
44632,53.9498
44633,53.7921
44634,53.6033
44635,53.3948
44636,53.1804
44637,52.9748
44638,52.7921
44639,52.6442
44640,52.5401
44641,52.485
44642,52.4801
44643,52.5229
44644,52.608
44645,52.7276
44646,52.8728
44647,53.0342
44648,53.2028
44649,53.3704
44650,53.53
44651,53.6755
44652,53.8021
44653,53.9058
44654,53.9832
44655,54.0317
44656,54.0493
44657,54.0354
44658,53.991
44659,53.9191
44660,53.8251
44661,53.7169
44662,53.6035
44663,53.4947
44664,53.3995
44665,53.325
44666,53.2754
44667,53.2516
44668,53.2515
44669,53.2702
44670,53.3011
44671,53.3364
44672,53.3675
44673,53.3863
44674,53.3856
44675,53.3604
44676,53.3087
44677,53.2316
44678,53.1337
44679,53.0226
44680,52.9084
44681,52.8023
44682,52.7157
44683,52.659
44684,52.6398
44685,52.6625
44686,52.7274
44687,52.8309
44688,52.9663
44689,53.1242
44690,53.2939
44691,53.4641
44692,53.6238
44693,53.7628
44694,53.8724
44695,53.9466
44696,53.9819
44697,53.9782
44698,53.9384
44699,53.8682
44700,53.775
44701,53.6673
44702,53.5536
44703,53.4421
44704,53.3402
44705,53.2537
44706,53.1873
44707,53.1437
44708,53.1239
44709,53.1272
44710,53.1515
44711,53.1931
44712,53.2473
44713,53.3089
44714,53.3728
44715,53.4342
44716,53.49
44717,53.5384
44718,53.5796
44719,53.6152
44720,53.6477
44721,53.6797
44722,53.7127
44723,53.7463
44724,53.7779
44725,53.8023
44726,53.8128
44727,53.8023
44728,53.7647
44729,53.6961
44730,53.5964
44731,53.4696
44732,53.324
44733,53.171
44734,53.0243
44735,52.8975
44736,52.8036
44737,52.7522
44738,52.7499
44739,52.7984
44740,52.8952
44741,53.0335
44742,53.2029
44743,53.3901
44744,53.5801
44745,53.7573
44746,53.9071
44747,54.0175
44748,54.0801
44749,54.0914
44750,54.053
44751,53.9713
44752,53.8563
44753,53.7198
44754,53.5745
44755,53.4317
44756,53.3011
44757,53.1899
44758,53.1037
44759,53.0466
44760,53.0216
44761,53.0312
44762,53.0769
44763,53.1589
44764,53.2752
44765,53.4209
44766,53.5882
44767,53.7659
44768,53.9406
44769,54.0978
44770,54.2228
44771,54.3029
44772,54.3281
44773,54.2928
44774,54.1968
44775,54.0459
44776,53.8518
44777,53.6315
44778,53.4051
44779,53.1942
44780,53.0188
44781,52.8948
44782,52.8324
44783,52.8348
44784,52.8983
44785,53.0132
44786,53.1657
44787,53.3397
44788,53.5187
44789,53.6882
44790,53.8364
44791,53.9552
44792,54.0406
44793,54.0921
44794,54.1125
44795,54.1061
44796,54.0786
44797,54.0357
44798,53.9829
44799,53.9245
44800,53.8639
44801,53.8031
44802,53.7426
44803,53.6818
44804,53.6191
44805,53.5523
44806,53.4793
44807,53.3978
44808,53.3059
44809,53.2027
44810,53.0879
44811,52.9629
44812,52.8303
44813,52.6943
44814,52.5608
44815,52.4367
44816,52.3296
44817,52.2471
44818,52.1961
44819,52.1818
44820,52.2077
44821,52.2744
44822,52.3799
44823,52.5192
44824,52.6846
44825,52.8662
44826,53.0529
44827,53.2339
44828,53.3997
44829,53.5435
44830,53.662
44831,53.755
44832,53.8253
44833,53.8772
44834,53.9155
44835,53.9441
44836,53.9652
44837,53.9785
44838,53.9814
44839,53.969
44840,53.9352
44841,53.8742
44842,53.7813
44843,53.6552
44844,53.4982
44845,53.3176
44846,53.1248
44847,52.9342
44848,52.7622
44849,52.6248
44850,52.5358
44851,52.505
44852,52.5369
44853,52.6301
44854,52.7773
44855,52.9667
44856,53.1841
44857,53.4144
44858,53.6444
44859,53.8636
44860,54.065
44861,54.2454
44862,54.4044
44863,54.5437
44864,54.6653
44865,54.7714
44866,54.8627
44867,54.9388
44868,54.9979
44869,55.0371
44870,55.0533
44871,55.0438
44872,55.0063
44873,54.9401
44874,54.8454
44875,54.7243
44876,54.5806
44877,54.4202
44878,54.2505
44879,54.0807
44880,53.9205
44881,53.7796
44882,53.6664
44883,53.5874
44884,53.5458
44885,53.542
44886,53.5725
44887,53.6316
44888,53.7112
44889,53.8025
44890,53.8963
44891,53.9848
44892,54.0615
44893,54.1225
44894,54.1666
44895,54.1954
44896,54.2123
44897,54.2212
44898,54.2256
44899,54.2272
44900,54.2252
44901,54.2168
44902,54.1975
44903,54.1629
44904,54.1101
44905,54.0387
44906,53.9519
44907,53.8566
44908,53.7631
44909,53.6832
44910,53.629
44911,53.6108
44912,53.6353
44913,53.7046
44914,53.8159
44915,53.9616
44916,54.1305
44917,54.3094
44918,54.4843
44919,54.6427
44920,54.7747
44921,54.8738
44922,54.937
44923,54.9651
44924,54.9613
44925,54.9305
44926,54.8781
44927,54.809
44928,54.7272
44929,54.6354
44930,54.5355
44931,54.4294
44932,54.3194
44933,54.2089
44934,54.1024
44935,54.0052
44936,53.9225
44937,53.8582
44938,53.8139
44939,53.7891
44940,53.7807
44941,53.7835
44942,53.7917
44943,53.7993
44944,53.8015
44945,53.7953
44946,53.7797
44947,53.7555
44948,53.7255
44949,53.6933
44950,53.6631
44951,53.6382
44952,53.621
44953,53.6117
44954,53.6084
44955,53.6077
44956,53.6053
44957,53.5972
44958,53.5807
44959,53.555
44960,53.5213
44961,53.4826
44962,53.4434
44963,53.4088
44964,53.3844
44965,53.3755
44966,53.3866
44967,53.4209
44968,53.4794
44969,53.5608
44970,53.6606
44971,53.7719
44972,53.8855
44973,53.9909
44974,54.0773
44975,54.1351
44976,54.1572
44977,54.1396
44978,54.0821
44979,53.9886
44980,53.8671
44981,53.7282
44982,53.5855
44983,53.4533
44984,53.3464
44985,53.2777
44986,53.2575
44987,53.292
44988,53.3818
44989,53.5219
44990,53.7013
44991,53.9036
44992,54.1084
44993,54.2934
44994,54.4371
44995,54.5211
44996,54.533
44997,54.4676
44998,54.3282
44999,54.1256
45000,53.8776
45001,53.6063
45002,53.3356
45003,53.0888
45004,52.8861
45005,52.7427
45006,52.6675
45007,52.663
45008,52.7255
45009,52.8461
45010,53.0116
45011,53.2065
45012,53.4143
45013,53.6193
45014,53.8079
45015,53.9701
45016,54.1002
45017,54.1968
45018,54.2626
45019,54.3037
45020,54.3282
45021,54.3447
45022,54.3615
45023,54.3852
45024,54.4201
45025,54.4677
45026,54.5273
45027,54.596
45028,54.6699
45029,54.7441
45030,54.8135
45031,54.8735
45032,54.9199
45033,54.95
45034,54.9619
45035,54.9556
45036,54.932
45037,54.8933
45038,54.8421
45039,54.7811
45040,54.7128
45041,54.6395
45042,54.5627
45043,54.4836
45044,54.4033
45045,54.3228
45046,54.2433
45047,54.1659
45048,54.0915
45049,54.0208
45050,53.9539
45051,53.8902
45052,53.8278
45053,53.7638
45054,53.6939
45055,53.6132
45056,53.5164
45057,53.3989
45058,53.258
45059,53.0935
45060,52.9092
45061,52.7133
45062,52.5185
45063,52.3415
45064,52.201
45065,52.1156
45066,52.1013
45067,52.1687
45068,52.3216
45069,52.5554
45070,52.8578
45071,53.2097
45072,53.5873
45073,53.9643
45074,54.3153
45075,54.6174
45076,54.8525
45077,55.0079
45078,55.0766
45079,55.0578
45080,54.9555
45081,54.7791
45082,54.5417
45083,54.26
45084,53.9528
45085,53.6398
45086,53.3403
45087,53.072
45088,52.85
45089,52.6863
45090,52.589
45091,52.562
45092,52.6042
45093,52.7101
45094,52.8694
45095,53.0685
45096,53.291
45097,53.5196
45098,53.7372
45099,53.9287
45100,54.0819
45101,54.1885
45102,54.2443
45103,54.2499
45104,54.2101
45105,54.133
45106,54.0293
45107,53.9106
45108,53.788
45109,53.6713
45110,53.568
45111,53.4832
45112,53.4197
45113,53.3786
45114,53.3592
45115,53.3598
45116,53.3776
45117,53.4087
45118,53.4481
45119,53.4904
45120,53.5296
45121,53.5599
45122,53.5762
45123,53.5748
45124,53.554
45125,53.5143
45126,53.4584
45127,53.3914
45128,53.3199
45129,53.2516
45130,53.1941
45131,53.1539
45132,53.1353
45133,53.1402
45134,53.168
45135,53.2153
45136,53.2775
45137,53.3493
45138,53.4256
45139,53.5022
45140,53.5766
45141,53.6474
45142,53.715
45143,53.7803
45144,53.8447
45145,53.909
45146,53.9728
45147,54.0345
45148,54.0913
45149,54.1399
45150,54.1771
45151,54.2016
45152,54.2134
45153,54.215
45154,54.2106
45155,54.2057
45156,54.2065
45157,54.219
45158,54.2483
45159,54.298
45160,54.3698
45161,54.4636
45162,54.5777
45163,54.7084
45164,54.8511
45165,54.9995
45166,55.1468
45167,55.2856
45168,55.4081
45169,55.5065
45170,55.5734
45171,55.602
45172,55.5865
45173,55.5228
45174,55.4088
45175,55.2445
45176,55.0327
45177,54.7793
45178,54.493
45179,54.1855
45180,53.8707
45181,53.5639
45182,53.2801
45183,53.0327
45184,52.8321
45185,52.6849
45186,52.5933
45187,52.5552
45188,52.5644
45189,52.6118
45190,52.686
45191,52.7743
45192,52.8643
45193,52.9446
45194,53.0062
45195,53.0432
45196,53.0532
45197,53.0377
45198,53.0012
45199,52.9505
45200,52.8936
45201,52.8391
45202,52.7952
45203,52.7694
45204,52.7678
45205,52.7952
45206,52.8546
45207,52.9468
45208,53.0702
45209,53.2208
45210,53.392
45211,53.5755
45212,53.7619
45213,53.9415
45214,54.1063
45215,54.2507
45216,54.372
45217,54.471
45218,54.551
45219,54.6168
45220,54.6735
45221,54.7252
45222,54.7745
45223,54.8224
45224,54.8682
45225,54.9107
45226,54.9486
45227,54.9814
45228,55.0092
45229,55.033
45230,55.0542
45231,55.0739
45232,55.0929
45233,55.1111
45234,55.1278
45235,55.1419
45236,55.152
45237,55.1562
45238,55.1525
45239,55.1385
45240,55.1115
45241,55.0686
45242,55.0068
45243,54.9234
45244,54.8164
45245,54.6841
45246,54.5256
45247,54.3411
45248,54.1323
45249,53.9027
45250,53.6587
45251,53.4091
45252,53.166
45253,52.9432
45254,52.7561
45255,52.6192
45256,52.5449
45257,52.5414
45258,52.6116
45259,52.7519
45260,52.9527
45261,53.1993
45262,53.4725
45263,53.751
45264,54.0131
45265,54.2381
45266,54.4088
45267,54.5121
45268,54.5406
45269,54.493
45270,54.3738
45271,54.193
45272,53.9646
45273,53.705
45274,53.4315
45275,53.1606
45276,52.9075
45277,52.685
45278,52.503
45279,52.3694
45280,52.289
45281,52.265
45282,52.2981
45283,52.3872
45284,52.5292
45285,52.7189
45286,52.9491
45287,53.2106
45288,53.4923
45289,53.7818
45290,54.066
45291,54.3318
45292,54.5669
45293,54.7611
45294,54.9062
45295,54.9968
45296,55.03
45297,55.0052
45298,54.9247
45299,54.7929
45300,54.6167
45301,54.4049
45302,54.1677
45303,53.9159
45304,53.66
45305,53.4097
45306,53.1728
45307,52.9553
45308,52.7608
45309,52.591
45310,52.446
45311,52.3244
45312,52.2246
45313,52.1448
45314,52.0844
45315,52.0441
45316,52.0261
45317,52.0339
45318,52.0714
45319,52.1417
45320,52.2464
45321,52.3849
45322,52.5545
45323,52.7497
45324,52.9635
45325,53.1874
45326,53.4121
45327,53.628
45328,53.8257
45329,53.9967
45330,54.134
45331,54.2324
45332,54.2889
45333,54.3036
45334,54.2796
45335,54.2227
45336,54.1416
45337,54.0467
45338,53.9494
45339,53.8605
45340,53.7896
45341,53.744
45342,53.7285
45343,53.7448
45344,53.7911
45345,53.862
45346,53.9492
45347,54.0422
45348,54.1299
45349,54.2022
45350,54.2514
45351,54.273
45352,54.266
45353,54.2325
45354,54.1772
45355,54.1061
45356,54.0255
45357,53.9411
45358,53.8579
45359,53.7795
45360,53.7089
45361,53.6487
45362,53.6011
45363,53.5685
45364,53.5532
45365,53.5577
45366,53.5843
45367,53.6349
45368,53.7103
45369,53.8098
45370,53.9307
45371,54.0682
45372,54.2156
45373,54.3647
45374,54.5063
45375,54.631
45376,54.7301
45377,54.7953
45378,54.8199
45379,54.7993
45380,54.7311
45381,54.6161
45382,54.4587
45383,54.2666
45384,54.0508
45385,53.8249
45386,53.604
45387,53.4036
45388,53.2383
45389,53.1206
45390,53.0598
45391,53.0613
45392,53.1254
45393,53.2474
45394,53.4177
45395,53.6223
45396,53.8442
45397,54.0645
45398,54.2641
45399,54.425
45400,54.5317
45401,54.5723
45402,54.5393
45403,54.4302
45404,54.2478
45405,54.0006
45406,53.7025
45407,53.3721
45408,53.032
45409,52.7072
45410,52.423
45411,52.2026
45412,52.0646
45413,52.0214
45414,52.0769
45415,52.2268
45416,52.4587
45417,52.7536
45418,53.0883
45419,53.437
45420,53.7747
45421,54.0784
45422,54.3298
45423,54.5162
45424,54.6313
45425,54.6754
45426,54.6546
45427,54.5794
45428,54.4636
45429,54.3217
45430,54.1684
45431,54.0166
45432,53.8776
45433,53.7609
45434,53.674
45435,53.623
45436,53.6122
45437,53.6441
45438,53.7183
45439,53.8317
45440,53.9779
45441,54.1475
45442,54.3283
45443,54.5068
45444,54.6689
45445,54.8012
45446,54.8922
45447,54.9331
45448,54.9186
45449,54.8474
45450,54.7218
45451,54.5479
45452,54.3348
45453,54.0943
45454,53.8402
45455,53.5874
45456,53.3514
45457,53.1465
45458,52.9853
45459,52.8763
45460,52.8235
45461,52.8244
45462,52.8706
45463,52.948
45464,53.0384
45465,53.122
45466,53.1798
45467,53.1966
45468,53.1627
45469,53.0754
45470,52.9392
45471,52.7649
45472,52.5676
45473,52.3648
45474,52.1739
45475,52.0098
45476,51.8836
45477,51.8021
45478,51.7674
45479,51.7782
45480,51.8306
45481,51.9194
45482,52.0386
45483,52.1825
45484,52.3455
45485,52.5221
45486,52.7069
45487,52.8952
45488,53.0824
45489,53.265
45490,53.44
45491,53.6048
45492,53.7573
45493,53.8955
45494,54.0171
45495,54.1202
45496,54.2027
45497,54.2628
45498,54.2992
45499,54.3111
45500,54.2987
45501,54.2631
45502,54.2065
45503,54.1319
45504,54.0431
45505,53.9441
45506,53.8385
45507,53.7298
45508,53.6214
45509,53.517
45510,53.4207
45511,53.3373
45512,53.2719
45513,53.2289
45514,53.2112
45515,53.2198
45516,53.2526
45517,53.3043
45518,53.3674
45519,53.4323
45520,53.4889
45521,53.5283
45522,53.5439
45523,53.5327
45524,53.4956
45525,53.4378
45526,53.3678
45527,53.2965
45528,53.2351
45529,53.1937
45530,53.1792
45531,53.194
45532,53.2356
45533,53.2969
45534,53.3675
45535,53.4355
45536,53.4903
45537,53.5234
45538,53.5304
45539,53.5112
45540,53.4695
45541,53.412
45542,53.3472
45543,53.2836
45544,53.2287
45545,53.1882
45546,53.1653
45547,53.1608
45548,53.1737
45549,53.2007
45550,53.2375
45551,53.2787
45552,53.3187
45553,53.3523
45554,53.3748
45555,53.3832
45556,53.3756
45557,53.352
45558,53.3139
45559,53.2645
45560,53.2079
45561,53.1492
45562,53.0938
45563,53.0466
45564,53.0116
45565,52.9916
45566,52.9876
45567,52.9998
45568,53.0278
45569,53.0715
45570,53.1314
45571,53.2091
45572,53.3064
45573,53.4243
45574,53.5628
45575,53.719
45576,53.8868
45577,54.0573
45578,54.2189
45579,54.3589
45580,54.4652
45581,54.5277
45582,54.5401
45583,54.5003
45584,54.4112
45585,54.2804
45586,54.1195
45587,53.9431
45588,53.7673
45589,53.6084
45590,53.481
45591,53.3971
45592,53.3645
45593,53.3864
45594,53.4611
45595,53.5819
45596,53.7386
45597,53.9184
45598,54.1069
45599,54.2899
45600,54.4547
45601,54.5904
45602,54.6895
45603,54.7477
45604,54.764
45605,54.741
45606,54.6836
45607,54.5987
45608,54.4939
45609,54.3769
45610,54.2548
45611,54.1335
45612,54.0178
45613,53.9109
45614,53.8147
45615,53.7296
45616,53.6553
45617,53.5905
45618,53.5335
45619,53.4822
45620,53.4339
45621,53.3858
45622,53.3341
45623,53.2756
45624,53.2073
45625,53.128
45626,53.0382
45627,52.941
45628,52.8416
45629,52.7472
45630,52.6661
45631,52.6068
45632,52.5773
45633,52.5844
45634,52.6326
45635,52.724
45636,52.8575
45637,53.0289
45638,53.231
45639,53.4541
45640,53.6868
45641,53.9169
45642,54.1319
45643,54.32
45644,54.4709
45645,54.5769
45646,54.633
45647,54.6376
45648,54.5922
45649,54.5015
45650,54.372
45651,54.2119
45652,54.0303
45653,53.8361
45654,53.6377
45655,53.4422
45656,53.2553
45657,53.081
45658,52.9219
45659,52.7792
45660,52.654
45661,52.5474
45662,52.4616
45663,52.3998
45664,52.3666
45665,52.3674
45666,52.4075
45667,52.4911
45668,52.62
45669,52.7924
45670,53.0024
45671,53.2395
45672,53.4893
45673,53.734
45674,53.9546
45675,54.1321
45676,54.2505
45677,54.2977
45678,54.2676
45679,54.1602
45680,53.982
45681,53.7448
45682,53.4651
45683,53.1629
45684,52.86
45685,52.5792
45686,52.3422
45687,52.1681
45688,52.0719
45689,52.0634
45690,52.1466
45691,52.3202
45692,52.5775
45693,52.9067
45694,53.2915
45695,53.7116
45696,54.1439
45697,54.5636
45698,54.9459
45699,55.2681
45700,55.5112
45701,55.6614
45702,55.7114
45703,55.6608
45704,55.5167
45705,55.2929
45706,55.0093
45707,54.6909
45708,54.3652
45709,54.0601
45710,53.8015
45711,53.6103
45712,53.5003
45713,53.4776
45714,53.5396
45715,53.6759
45716,53.8698
45717,54.0994
45718,54.3404
45719,54.5678
45720,54.7587
45721,54.8944
45722,54.9618
45723,54.9542
45724,54.8716
45725,54.7199
45726,54.5102
45727,54.2578
45728,53.9808
45729,53.6992
45730,53.4328
45731,53.2
45732,53.0162
45733,52.8926
45734,52.8354
45735,52.8458
45736,52.92
45737,53.0502
45738,53.2253
45739,53.4323
45740,53.6562
45741,53.8814
45742,54.0919
45743,54.2726
45744,54.41
45745,54.4928
45746,54.5136
45747,54.4689
45748,54.36
45749,54.1936
45750,53.9813
45751,53.7391
45752,53.4858
45753,53.2407
45754,53.0217
45755,52.8434
45756,52.7153
45757,52.6418
45758,52.6225
45759,52.6529
45760,52.7263
45761,52.8345
45762,52.9694
45763,53.1233
45764,53.2888
45765,53.4593
45766,53.6276
45767,53.7864
45768,53.9279
45769,54.0441
45770,54.1273
45771,54.171
45772,54.1701
45773,54.122
45774,54.0269
45775,53.8883
45776,53.713
45777,53.5117
45778,53.2976
45779,53.0858
45780,52.8926
45781,52.7335
45782,52.622
45783,52.5683
45784,52.5778
45785,52.6502
45786,52.7792
45787,52.9524
45788,53.1534
45789,53.3631
45790,53.5625
45791,53.735
45792,53.868
45793,53.9544
45794,53.9931
45795,53.9884
45796,53.9489
45797,53.8857
45798,53.8105
45799,53.7337
45800,53.6633
45801,53.6039
45802,53.5575
45803,53.5234
45804,53.4997
45805,53.484
45806,53.4743
45807,53.4691
45808,53.4677
45809,53.4699
45810,53.4762
45811,53.4871
45812,53.5028
45813,53.5232
45814,53.5475
45815,53.574
45816,53.6003
45817,53.6237
45818,53.6413
45819,53.6504
45820,53.6491
45821,53.6355
45822,53.6083
45823,53.5667
45824,53.5101
45825,53.4386
45826,53.3538
45827,53.2584
45828,53.1573
45829,53.0571
45830,52.966
45831,52.8935
45832,52.849
45833,52.841
45834,52.876
45835,52.9571
45836,53.0831
45837,53.2486
45838,53.4436
45839,53.6548
45840,53.8663
45841,54.0614
45842,54.2243
45843,54.342
45844,54.4054
45845,54.4106
45846,54.3587
45847,54.2556
45848,54.1107
45849,53.9359
45850,53.7436
45851,53.546
45852,53.3535
45853,53.1739
45854,53.012
45855,52.8698
45856,52.7465
45857,52.64
45858,52.5474
45859,52.4664
45860,52.3966
45861,52.3392
45862,52.298
45863,52.2783
45864,52.287
45865,52.3313
45866,52.4176
45867,52.5507
45868,52.7324
45869,52.9611
45870,53.2313
45871,53.5333
45872,53.8541
45873,54.1776
45874,54.4866
45875,54.7635
45876,54.9925
45877,55.1602
45878,55.2576
45879,55.2798
45880,55.2273
45881,55.1048
45882,54.9217
45883,54.6908
45884,54.4278
45885,54.1508
45886,53.8785
45887,53.6292
45888,53.4192
45889,53.2607
45890,53.1609
45891,53.1204
45892,53.1335
45893,53.1891
45894,53.2717
45895,53.3644
45896,53.4505
45897,53.5161
45898,53.5514
45899,53.5512
45900,53.5151
45901,53.4461
45902,53.3502
45903,53.2344
45904,53.1066
45905,52.9745
45906,52.8457
45907,52.7279
45908,52.6285
45909,52.5547
45910,52.5134
45911,52.5105
45912,52.5504
45913,52.6358
45914,52.7676
45915,52.9442
45916,53.1623
45917,53.416
45918,53.6972
45919,53.9955
45920,54.2982
45921,54.5909
45922,54.8582
45923,55.0847
45924,55.2567
45925,55.3633
45926,55.3977
45927,55.3578
45928,55.2467
45929,55.0721
45930,54.8464
45931,54.5849
45932,54.305
45933,54.0243
45934,53.7596
45935,53.5251
45936,53.3312
45937,53.184
45938,53.085
45939,53.031
45940,53.0154
45941,53.0296
45942,53.0636
45943,53.1083
45944,53.1549
45945,53.1963
45946,53.2266
45947,53.2413
45948,53.2375
45949,53.2141
45950,53.1724
45951,53.1163
45952,53.0524
45953,52.9896
45954,52.9384
45955,52.9094
45956,52.9123
45957,52.9544
45958,53.0395
45959,53.1674
45960,53.3335
45961,53.5296
45962,53.7442
45963,53.9638
45964,54.1746
45965,54.363
45966,54.5172
45967,54.6278
45968,54.6885
45969,54.6958
45970,54.6497
45971,54.5528
45972,54.4102
45973,54.2296
45974,54.0207
45975,53.7949
45976,53.5652
45977,53.345
45978,53.1474
45979,52.9839
45980,52.8637
45981,52.7926
45982,52.7725
45983,52.8018
45984,52.8754
45985,52.9851
45986,53.1209
45987,53.2721
45988,53.4278
45989,53.5789
45990,53.718
45991,53.8398
45992,53.9412
45993,54.0202
45994,54.0757
45995,54.1066
45996,54.1118
45997,54.09
45998,54.0402
45999,53.9621
46000,53.8569
46001,53.7281
46002,53.5812
46003,53.4245
46004,53.2683
46005,53.1243
46006,53.0048
46007,52.9214
46008,52.8837
46009,52.898
46010,52.9666
46011,53.087
46012,53.2521
46013,53.451
46014,53.67
46015,53.8949
46016,54.1129
46017,54.3139
46018,54.4911
46019,54.6413
46020,54.7638
46021,54.8594
46022,54.9295
46023,54.9757
46024,55.0
46025,55.0051
46026,54.9946
46027,54.9738
46028,54.9492
46029,54.9283
46030,54.9189
46031,54.9281
46032,54.9615
46033,55.0228
46034,55.1126
46035,55.2286
46036,55.3652
46037,55.5133
46038,55.6608
46039,55.7932
46040,55.8949
46041,55.9506
46042,55.9475
46043,55.8762
46044,55.7329
46045,55.5191
46046,55.2422
46047,54.9147
46048,54.553
46049,54.1763
46050,53.8046
46051,53.4574
46052,53.152
46053,52.902
46054,52.7166
46055,52.5995
46056,52.5496
46057,52.5606
46058,52.6233
46059,52.7255
46060,52.8543
46061,52.9965
46062,53.1399
46063,53.2733
46064,53.387
46065,53.4732
46066,53.5262
46067,53.5431
46068,53.5233
46069,53.4694
46070,53.3861
46071,53.2802
46072,53.1595
46073,53.0323
46074,52.9068
46075,52.7909
46076,52.6921
46077,52.6174
46078,52.5731
46079,52.5653
46080,52.5997
46081,52.6814
46082,52.8145
46083,53.0014
46084,53.2414
46085,53.5302
46086,53.8587
46087,54.213
46088,54.5752
46089,54.9241
46090,55.2377
46091,55.4948
46092,55.6773
46093,55.7726
46094,55.7745
46095,55.685
46096,55.5137
46097,55.2777
46098,54.999
46099,54.7023
46100,54.4122
46101,54.1498
46102,53.9308
46103,53.7642
46104,53.6514
46105,53.5875
46106,53.563
46107,53.5653
46108,53.582
46109,53.6019
46110,53.6168
46111,53.6223
46112,53.618
46113,53.607
46114,53.595
46115,53.5893
46116,53.5975
46117,53.6262
46118,53.6792
46119,53.7563
46120,53.8528
46121,53.9596
46122,54.0632
46123,54.1481
46124,54.1983
46125,54.2002
46126,54.1451
46127,54.0305
46128,53.8618
46129,53.6516
46130,53.4183
46131,53.1842
46132,52.9722
46133,52.8029
46134,52.6923
46135,52.65
46136,52.6786
46137,52.7737
46138,52.9256
46139,53.1203
46140,53.3419
46141,53.5735
46142,53.7994
46143,54.0057
46144,54.1814
46145,54.3185
46146,54.4121
46147,54.4603
46148,54.4633
46149,54.4236
46150,54.345
46151,54.233
46152,54.0941
46153,53.936
46154,53.7679
46155,53.5996
46156,53.4418
46157,53.3053
46158,53.2
46159,53.1343
46160,53.1137
46161,53.1405
46162,53.2131
46163,53.3263
46164,53.4712
46165,53.6367
46166,53.8099
46167,53.9775
46168,54.127
46169,54.2474
46170,54.33
46171,54.369
46172,54.3621
46173,54.3104
46174,54.2183
46175,54.0928
46176,53.9436
46177,53.7814
46178,53.6179
46179,53.4648
46180,53.3327
46181,53.231
46182,53.167
46183,53.1454
46184,53.1677
46185,53.2324
46186,53.3345
46187,53.4662
46188,53.6172
46189,53.775
46190,53.9264
46191,54.0588
46192,54.1613
46193,54.2264
46194,54.2509
46195,54.2362
46196,54.1879
46197,54.115
46198,54.0285
46199,53.9406
46200,53.8625
46201,53.8045
46202,53.7744
46203,53.7777
46204,53.817
46205,53.8918
46206,53.9991
46207,54.1332
46208,54.2861
46209,54.4485
46210,54.6103
46211,54.7614
46212,54.893
46213,54.998
46214,55.0714
46215,55.1105
46216,55.1148
46217,55.0858
46218,55.0267
46219,54.9421
46220,54.8378
46221,54.7204
46222,54.5965
46223,54.4722
46224,54.3528
46225,54.2417
46226,54.1408
46227,54.0506
46228,53.9706
46229,53.8999
46230,53.8375
46231,53.783
46232,53.7367
46233,53.6991
46234,53.6711
46235,53.6534
46236,53.6459
46237,53.6479
46238,53.658
46239,53.6747
46240,53.6962
46241,53.7204
46242,53.7453
46243,53.7687
46244,53.7882
46245,53.8013
46246,53.8061
46247,53.8015
46248,53.7876
46249,53.7657
46250,53.7382
46251,53.7086
46252,53.6808
46253,53.6588
46254,53.6458
46255,53.6447
46256,53.6568
46257,53.6826
46258,53.7215
46259,53.7719
46260,53.8319
46261,53.899
46262,53.9707
46263,54.0436
46264,54.1137
46265,54.1761
46266,54.2251
46267,54.2544
46268,54.2583
46269,54.2321
46270,54.1731
46271,54.081
46272,53.9581
46273,53.8094
46274,53.6421
46275,53.4646
46276,53.2861
46277,53.1155
46278,52.9607
46279,52.828
46280,52.7222
46281,52.6462
46282,52.6015
46283,52.5881
46284,52.6052
46285,52.6511
46286,52.7237
46287,52.8208
46288,52.9395
46289,53.0764
46290,53.2267
46291,53.3841
46292,53.5405
46293,53.6865
46294,53.8119
46295,53.9068
46296,53.9626
46297,53.9733
46298,53.9368
46299,53.8551
46300,53.735
46301,53.5866
46302,53.4228
46303,53.2574
46304,53.1038
46305,52.9737
46306,52.8761
46307,52.8172
46308,52.8004
46309,52.8262
46310,52.8927
46311,52.996
46312,53.1304
46313,53.2892
46314,53.4653
46315,53.6521
46316,53.8433
46317,54.034
46318,54.2205
46319,54.3998
46320,54.5694
46321,54.7272
46322,54.8712
46323,54.9994
46324,55.1101
46325,55.2015
46326,55.2722
46327,55.3211
46328,55.3467
46329,55.348
46330,55.3241
46331,55.2743
46332,55.1991
46333,55.0999
46334,54.9801
46335,54.8452
46336,54.703
46337,54.5631
46338,54.4359
46339,54.3316
46340,54.2588
46341,54.2233
46342,54.2272
46343,54.2686
46344,54.3422
46345,54.4397
46346,54.5514
46347,54.6676
46348,54.7792
46349,54.8789
46350,54.9611
46351,55.0223
46352,55.0603
46353,55.0749
46354,55.0666
46355,55.0371
46356,54.9884
46357,54.9229
46358,54.843
46359,54.7503
46360,54.646
46361,54.5302
46362,54.4025
46363,54.2621
46364,54.1082
46365,53.9415
46366,53.7642
46367,53.5807
46368,53.3973
46369,53.222
46370,53.0627
46371,52.9271
46372,52.8212
46373,52.749
46374,52.7122
46375,52.7103
46376,52.7407
46377,52.7991
46378,52.8799
46379,52.9766
46380,53.0828
46381,53.1925
46382,53.301
46383,53.4053
46384,53.5044
46385,53.599
46386,53.6915
46387,53.7852
46388,53.8836
46389,53.9897
46390,54.1058
46391,54.232
46392,54.3668
46393,54.5065
46394,54.646
46395,54.7786
46396,54.897
46397,54.9939
46398,55.062
46399,55.0945
46400,55.0855
46401,55.0299
46402,54.9242
46403,54.7668
46404,54.5589
46405,54.3047
46406,54.0122
46407,53.6934
46408,53.3643
46409,53.0437
46410,52.7524
46411,52.5108
46412,52.3369
46413,52.2438
46414,52.2376
46415,52.3168
46416,52.4718
46417,52.6858
46418,52.9367
46419,53.2004
46420,53.4536
46421,53.6767
46422,53.8565
46423,53.9872
46424,54.0708
46425,54.1159
46426,54.1357
46427,54.1459
46428,54.1613
46429,54.1943
46430,54.2529
46431,54.3395
46432,54.4512
46433,54.5801
46434,54.7149
46435,54.8424
46436,54.9492
46437,55.0238
46438,55.0572
46439,55.0442
46440,54.9836
46441,54.8779
46442,54.7338
46443,54.5605
46444,54.3695
46445,54.1734
46446,53.9846
46447,53.8142
46448,53.6712
46449,53.5619
46450,53.4898
46451,53.4551
46452,53.4557
46453,53.4866
46454,53.5408
46455,53.6097
46456,53.684
46457,53.7547
46458,53.8143
46459,53.8576
46460,53.8825
46461,53.8899
46462,53.8836
46463,53.8692
46464,53.8531
46465,53.8412
46466,53.838
46467,53.8463
46468,53.867
46469,53.8996
46470,53.9422
46471,53.9929
46472,54.0493
46473,54.1099
46474,54.1735
46475,54.2396
46476,54.3084
46477,54.3801
46478,54.4546
46479,54.5315
46480,54.6096
46481,54.6862
46482,54.7574
46483,54.818
46484,54.8613
46485,54.88
46486,54.867
46487,54.8162
46488,54.7241
46489,54.5905
46490,54.4197
46491,54.2203
46492,54.0049
46493,53.7893
46494,53.5905
46495,53.4246
46496,53.3054
46497,53.242
46498,53.2383
46499,53.2923
46500,53.3968
46501,53.5403
46502,53.7079
46503,53.8835
46504,54.0507
46505,54.1947
46506,54.3023
46507,54.3634
46508,54.3709
46509,54.3219
46510,54.217
46511,54.0617
46512,53.8656
46513,53.6422
46514,53.4083
46515,53.1825
46516,52.9837
46517,52.829
46518,52.7322
46519,52.7022
46520,52.7422
46521,52.8495
46522,53.0155
46523,53.2263
46524,53.4639
46525,53.7078
46526,53.9373
46527,54.1332
46528,54.2804
46529,54.3689
46530,54.395
46531,54.3619
46532,54.2788
46533,54.16
46534,54.0227
46535,53.8855
46536,53.7658
46537,53.6781
46538,53.633
46539,53.6361
46540,53.6884
46541,53.7866
46542,53.9243
46543,54.093
46544,54.283
46545,54.4845
46546,54.6882
46547,54.886
46548,55.071
46549,55.2373
46550,55.3802
46551,55.4958
46552,55.5809
46553,55.633
46554,55.651
46555,55.6351
46556,55.587
46557,55.5094
46558,55.4064
46559,55.2829
46560,55.144
46561,54.9955
46562,54.8426
46563,54.6907
46564,54.5439
46565,54.4056
46566,54.278
46567,54.1621
46568,54.0582
46569,53.9667
46570,53.8879
46571,53.8232
46572,53.7748
46573,53.7453
46574,53.737
46575,53.7514
46576,53.7878
46577,53.8435
46578,53.9138
46579,53.992
46580,54.0707
46581,54.1422
46582,54.1999
46583,54.2383
46584,54.2536
46585,54.244
46586,54.2088
46587,54.149
46588,54.0664
46589,53.9643
46590,53.847
46591,53.7197
46592,53.5886
46593,53.4602
46594,53.3407
46595,53.2355
46596,53.1487
46597,53.0823
46598,53.0366
46599,53.0101
46600,52.9994
46601,53.0001
46602,53.0065
46603,53.0127
46604,53.0127
46605,53.0005
46606,52.9714
46607,52.9214
46608,52.8483
46609,52.7513
46610,52.6319
46611,52.4937
46612,52.3426
46613,52.1871
46614,52.0377
46615,51.9065
46616,51.8059
46617,51.7472
46618,51.7392
46619,51.7868
46620,51.8902
46621,52.0444
46622,52.2392
46623,52.4599
46624,52.6885
46625,52.9055
46626,53.0919
46627,53.2314
46628,53.3124
46629,53.3297
46630,53.2854
46631,53.1885
46632,53.0547
46633,52.9037
46634,52.7575
46635,52.6379
46636,52.5635
46637,52.5478
46638,52.5979
46639,52.7133
46640,52.8865
46641,53.104
46642,53.3481
46643,53.5988
46644,53.8361
46645,54.0421
46646,54.2026
46647,54.3083
46648,54.3552
46649,54.3446
46650,54.2821
46651,54.1768
46652,54.0396
46653,53.8827
46654,53.7186
46655,53.5594
46656,53.4167
46657,53.3008
46658,53.2204
46659,53.1818
46660,53.1883
46661,53.2396
46662,53.3316
46663,53.4568
46664,53.6047
46665,53.7633
46666,53.92
46667,54.063
46668,54.1815
46669,54.267
46670,54.3135
46671,54.318
46672,54.2806
46673,54.205
46674,54.0975
46675,53.9673
46676,53.8249
46677,53.6818
46678,53.5493
46679,53.4381
46680,53.3572
46681,53.3132
46682,53.3098
46683,53.3477
46684,53.424
46685,53.5327
46686,53.6648
46687,53.809
46688,53.9531
46689,54.0846
46690,54.1924
46691,54.2681
46692,54.3074
46693,54.3101
46694,54.2802
46695,54.2251
46696,54.1536
46697,54.0746
46698,53.9953
46699,53.92
46700,53.8498
46701,53.7829
46702,53.7152
46703,53.6419
46704,53.5589
46705,53.4641
46706,53.3582
46707,53.2456
46708,53.1336
46709,53.0323
46710,52.953
46711,52.9063
46712,52.9007
46713,52.9409
46714,53.0262
46715,53.1505
46716,53.3023
46717,53.4657
46718,53.622
46719,53.7523
46720,53.8395
46721,53.8703
46722,53.8369
46723,53.7378
46724,53.578
46725,53.3685
46726,53.1253
46727,52.8677
46728,52.6168
46729,52.3932
46730,52.2148
46731,52.0952
46732,52.0418
46733,52.0553
46734,52.13
46735,52.2543
46736,52.4131
46737,52.5894
46738,52.7665
46739,52.9301
46740,53.0697
46741,53.1794
46742,53.258
46743,53.3084
46744,53.3357
46745,53.3466
46746,53.3477
46747,53.3445
46748,53.3413
46749,53.3409
46750,53.3457
46751,53.3571
46752,53.3769
46753,53.4065
46754,53.4469
46755,53.4982
46756,53.5595
46757,53.6278
46758,53.6987
46759,53.7663
46760,53.8237
46761,53.8643
46762,53.8816
46763,53.8702
46764,53.8261
46765,53.7471
46766,53.6328
46767,53.4853
46768,53.309
46769,53.111
46770,52.9008
46771,52.6895
46772,52.4894
46773,52.3128
46774,52.1709
46775,52.0725
46776,52.0234
46777,52.0256
46778,52.0773
46779,52.1736
46780,52.3071
46781,52.469
46782,52.6504
46783,52.8425
46784,53.0379
46785,53.23
46786,53.4134
46787,53.5839
46788,53.7379
46789,53.8729
46790,53.9872
46791,54.08
46792,54.1513
46793,54.2022
46794,54.2343
46795,54.2498
46796,54.2512
46797,54.2409
46798,54.2215
46799,54.1956
46800,58.8053
46801,58.7698
46802,58.7329
46803,58.695
46804,58.6555
46805,58.6128
46806,58.5646
46807,58.5085
46808,58.4424
46809,58.3651
46810,58.2768
46811,58.1795
46812,58.0769
46813,57.9741
46814,57.8777
46815,57.7944
46816,57.7305
46817,57.6913
46818,57.6793
46819,57.6944
46820,57.7328
46821,57.788
46822,57.8509
46823,57.9115
46824,57.9599
46825,57.988
46826,57.9907
46827,57.9669
46828,57.9197
46829,57.8567
46830,57.7881
46831,57.7264
46832,57.6836
46833,57.6704
46834,57.6942
46835,57.7581
46836,57.8609
46837,57.9974
46838,58.1588
46839,58.3344
46840,58.5128
46841,58.6831
46842,58.8359
46843,58.9639
46844,59.062
46845,59.1272
46846,59.158
46847,59.1544
46848,59.1176
46849,59.0501
46850,58.9561
46851,58.8413
46852,58.7131
46853,58.5798
46854,58.4502
46855,58.3318
46856,58.2303
46857,58.1481
46858,58.0849
46859,58.0376
46860,58.0017
46861,57.9719
46862,57.9436
46863,57.9133
46864,57.8789
46865,57.8402
46866,57.7987
46867,57.7579
46868,57.723
46869,57.7005
46870,57.6973
46871,57.7197
46872,57.7716
46873,57.8538
46874,57.9626
46875,58.09
46876,58.2249
46877,58.3542
46878,58.4651
46879,58.547
46880,58.5935
46881,58.603
46882,58.5798
46883,58.5332
46884,58.4768
46885,58.4271
46886,58.4015
46887,58.4159
46888,58.4823
46889,58.6072
46890,58.7901
46891,59.0234
46892,59.2926
46893,59.5785
46894,59.8586
46895,60.1096
46896,60.3101
46897,60.442
46898,60.4922
46899,60.454
46900,60.328
46901,60.1215
46902,59.8485
46903,59.5275
46904,59.1799
46905,58.8271
46906,58.4883
46907,58.179
46908,57.9098
46909,57.6868
46910,57.5119
46911,57.3836
46912,57.2986
46913,57.2527
46914,57.2421
46915,57.2635
46916,57.3151
46917,57.3957
46918,57.5047
46919,57.641
46920,57.8024
46921,57.9853
46922,58.1837
46923,58.3897
46924,58.5927
46925,58.7805
46926,58.9398
46927,59.0571
46928,59.1204
46929,59.1206
46930,59.0527
46931,58.9166
46932,58.7167
46933,58.4621
46934,58.1656
46935,57.8428
46936,57.5122
46937,57.1935
46938,56.9072
46939,56.6733
46940,56.5098
46941,56.4311
46942,56.447
46943,56.5611
46944,56.7704
46945,57.0646
46946,57.4272
46947,57.836
46948,58.2652
46949,58.6874
46950,59.0756
46951,59.4054
46952,59.6563
46953,59.8135
46954,59.8688
46955,59.8209
46956,59.676
46957,59.4473
46958,59.1536
46959,58.818
46960,58.4654
46961,58.1204
46962,57.8048
46963,57.5358
46964,57.3248
46965,57.1771
46966,57.0927
46967,57.0671
46968,57.0933
46969,57.1633
46970,57.2694
46971,57.4052
46972,57.566
46973,57.7479
46974,57.9477
46975,58.1619
46976,58.3855
46977,58.6119
46978,58.8326
46979,59.0373
46980,59.2147
46981,59.3538
46982,59.445
46983,59.4812
46984,59.459
46985,59.3796
46986,59.2492
46987,59.0782
46988,58.8805
46989,58.6719
46990,58.468
46991,58.2826
46992,58.1258
46993,58.0037
46994,57.918
46995,57.8673
46996,57.8476
46997,57.8542
46998,57.8823
46999,57.9281
47000,57.9895
47001,58.0655
47002,58.1561
47003,58.2614
47004,58.3808
47005,58.5123
47006,58.6516
47007,58.7924
47008,58.9265
47009,59.0441
47010,59.1352
47011,59.1897
47012,59.1997
47013,59.1596
47014,59.0678
47015,58.927
47016,58.744
47017,58.5293
47018,58.2958
47019,58.0579
47020,57.8301
47021,57.6258
47022,57.4564
47023,57.3305
47024,57.2532
47025,57.2261
47026,57.2473
47027,57.3116
47028,57.4119
47029,57.5395
47030,57.6852
47031,57.8401
47032,57.9965
47033,58.1475
47034,58.2875
47035,58.4113
47036,58.5142
47037,58.5919
47038,58.6409
47039,58.6581
47040,58.6418
47041,58.5919
47042,58.5096
47043,58.3984
47044,58.263
47045,58.1103
47046,57.9483
47047,57.786
47048,57.6323
47049,57.4955
47050,57.3825
47051,57.2979
47052,57.2445
47053,57.2227
47054,57.2316
47055,57.2686
47056,57.3304
47057,57.4125
47058,57.5098
47059,57.6162
47060,57.7247
47061,57.8281
47062,57.9196
47063,57.9938
47064,58.0477
47065,58.0809
47066,58.0962
47067,58.0984
47068,58.0937
47069,58.0886
47070,58.0878
47071,58.0938
47072,58.1059
47073,58.1201
47074,58.1304
47075,58.129
47076,58.1086
47077,58.0631
47078,57.989
47079,57.886
47080,57.7574
47081,57.6097
47082,57.4528
47083,57.2986
47084,57.1598
47085,57.0487
47086,56.9753
47087,56.9461
47088,56.9626
47089,57.0211
47090,57.1133
47091,57.2265
47092,57.3459
47093,57.4563
47094,57.5439
47095,57.5985
47096,57.6141
47097,57.5901
47098,57.5309
47099,57.445
47100,57.3436
47101,57.2391
47102,57.1432
47103,57.0653
47104,57.0124
47105,56.9878
47106,56.9918
47107,57.0222
47108,57.0749
47109,57.1448
47110,57.2266
47111,57.3152
47112,57.406
47113,57.4949
47114,57.5781
47115,57.6526
47116,57.7159
47117,57.7668
47118,57.8051
47119,57.832
47120,57.8498
47121,57.8621
47122,57.8728
47123,57.8865
47124,57.9072
47125,57.9386
47126,57.9828
47127,58.0406
47128,58.111
47129,58.1918
47130,58.2804
47131,58.3741
47132,58.4708
47133,58.5688
47134,58.6671
47135,58.7641
47136,58.8578
47137,58.9444
47138,59.0187
47139,59.0738
47140,59.1015
47141,59.0931
47142,59.0406
47143,58.9385
47144,58.7847
47145,58.5822
47146,58.3394
47147,58.0706
47148,57.7947
47149,57.5345
47150,57.3138
47151,57.1557
47152,57.0797
47153,57.0999
47154,57.2233
47155,57.45
47156,57.7724
47157,58.1769
47158,58.6444
47159,59.1525
47160,59.6761
47161,60.1896
47162,60.6674
47163,61.0852
47164,61.4208
47165,61.6553
47166,61.7741
47167,61.7679
47168,61.6342
47169,61.377
47170,61.008
47171,60.5453
47172,60.0131
47173,59.4394
47174,58.8545
47175,58.2887
47176,57.7695
47177,57.3202
47178,56.958
47179,56.6936
47180,56.5309
47181,56.4673
47182,56.4949
47183,56.6016
47184,56.7728
47185,56.9924
47186,57.2443
47187,57.5136
47188,57.7873
47189,58.0544
47190,58.3068
47191,58.5385
47192,58.7453
47193,58.9242
47194,59.0727
47195,59.1886
47196,59.2699
47197,59.3148
47198,59.3229
47199,59.2959
47200,59.2381
47201,59.1568
47202,59.0621
47203,58.9664
47204,58.8832
47205,58.8263
47206,58.8079
47207,58.8375
47208,58.9203
47209,59.056
47210,59.2381
47211,59.4538
47212,59.6847
47213,59.9087
47214,60.1019
47215,60.2419
47216,60.3098
47217,60.2929
47218,60.1867
47219,59.9953
47220,59.7315
47221,59.4154
47222,59.0722
47223,58.7296
47224,58.4144
47225,58.15
47226,57.9539
47227,57.836
47228,57.7981
47229,57.8346
47230,57.9335
47231,58.0787
47232,58.2522
47233,58.4361
47234,58.6155
47235,58.779
47236,58.9201
47237,59.0363
47238,59.1286
47239,59.1995
47240,59.2525
47241,59.2903
47242,59.3149
47243,59.3273
47244,59.3272
47245,59.3138
47246,59.2857
47247,59.2418
47248,59.1811
47249,59.1034
47250,59.0096
47251,58.9014
47252,58.781
47253,58.6513
47254,58.515
47255,58.3747
47256,58.2331
47257,58.0933
47258,57.9589
47259,57.8341
47260,57.7237
47261,57.6323
47262,57.5639
47263,57.5213
47264,57.5055
47265,57.5153
47266,57.5476
47267,57.5978
47268,57.6605
47269,57.73
47270,57.801
47271,57.8693
47272,57.9318
47273,57.9862
47274,58.0313
47275,58.0668
47276,58.0928
47277,58.1102
47278,58.121
47279,58.1282
47280,58.1359
47281,58.1494
47282,58.1745
47283,58.2173
47284,58.283
47285,58.3756
47286,58.4966
47287,58.6448
47288,58.8161
47289,59.0031
47290,59.196
47291,59.3826
47292,59.5491
47293,59.6811
47294,59.764
47295,59.7843
47296,59.7311
47297,59.5972
47298,59.3809
47299,59.0872
47300,58.728
47301,58.3222
47302,57.8946
47303,57.4736
47304,57.0889
47305,56.7687
47306,56.5364
47307,56.4085
47308,56.3921
47309,56.4847
47310,56.6743
47311,56.9405
47312,57.2574
47313,57.5955
47314,57.9252
47315,58.2187
47316,58.4528
47317,58.6105
47318,58.6821
47319,58.6659
47320,58.5682
47321,58.4024
47322,58.1876
47323,57.9471
47324,57.7056
47325,57.4876
47326,57.3144
47327,57.2031
47328,57.1647
47329,57.2036
47330,57.3181
47331,57.5006
47332,57.7389
47333,58.0171
47334,58.317
47335,58.6196
47336,58.9061
47337,59.1591
47338,59.3642
47339,59.5104
47340,59.591
47341,59.6036
47342,59.5505
47343,59.4373
47344,59.2725
47345,59.0666
47346,58.8304
47347,58.5743
47348,58.3081
47349,58.0401
47350,57.7778
47351,57.5276
47352,57.2958
47353,57.0892
47354,56.9147
47355,56.7796
47356,56.691
47357,56.6544
47358,56.673
47359,56.7465
47360,56.8712
47361,57.0394
47362,57.2407
47363,57.4628
47364,57.6921
47365,57.9156
47366,58.1211
47367,58.2984
47368,58.4395
47369,58.5389
47370,58.5938
47371,58.6034
47372,58.5689
47373,58.4924
47374,58.3775
47375,58.2282
47376,58.0495
47377,57.8472
47378,57.628
47379,57.3997
47380,57.1715
47381,56.9542
47382,56.7598
47383,56.6015
47384,56.4922
47385,56.443
47386,56.4622
47387,56.5533
47388,56.7151
47389,56.9407
47390,57.2184
47391,57.5328
47392,57.8655
47393,58.1969
47394,58.5077
47395,58.7801
47396,58.9994
47397,59.1553
47398,59.2424
47399,59.2614
47400,59.2185
47401,59.1248
47402,58.995
47403,58.8459
47404,58.6942
47405,58.5546
47406,58.4384
47407,58.3523
47408,58.2987
47409,58.2759
47410,58.2796
47411,58.3042
47412,58.3441
47413,58.3949
47414,58.4532
47415,58.5168
47416,58.5835
47417,58.6501
47418,58.7122
47419,58.763
47420,58.7943
47421,58.7971
47422,58.7632
47423,58.6866
47424,58.5654
47425,58.4022
47426,58.2046
47427,57.9844
47428,57.7565
47429,57.5375
47430,57.3434
47431,57.1885
47432,57.0842
47433,57.038
47434,57.0533
47435,57.1291
47436,57.2597
47437,57.4353
47438,57.6424
47439,57.8651
47440,58.087
47441,58.293
47442,58.4706
47443,58.6114
47444,58.7112
47445,58.7698
47446,58.7907
47447,58.78
47448,58.7457
47449,58.6968
47450,58.6431
47451,58.5933
47452,58.5549
47453,58.5329
47454,58.5291
47455,58.5421
47456,58.5675
47457,58.5986
47458,58.6275
47459,58.646
47460,58.6467
47461,58.6238
47462,58.5739
47463,58.4964
47464,58.3933
47465,58.2691
47466,58.1299
47467,57.9831
47468,57.8365
47469,57.6972
47470,57.5718
47471,57.465
47472,57.3798
47473,57.3179
47474,57.2797
47475,57.2654
47476,57.2751
47477,57.3095
47478,57.3689
47479,57.4536
47480,57.5626
47481,57.6935
47482,57.8417
47483,58.0008
47484,58.1623
47485,58.3169
47486,58.4547
47487,58.5663
47488,58.6434
47489,58.6795
47490,58.6703
47491,58.6139
47492,58.5107
47493,58.3634
47494,58.1769
47495,57.9578
47496,57.7149
47497,57.4589
47498,57.2022
47499,56.9584
47500,56.7417
47501,56.5659
47502,56.4431
47503,56.3831
47504,56.3924
47505,56.474
47506,56.6268
47507,56.8458
47508,57.1226
47509,57.4451
47510,57.7987
47511,58.1665
47512,58.5304
47513,58.8722
47514,59.1745
47515,59.4227
47516,59.6059
47517,59.7178
47518,59.7574
47519,59.7291
47520,59.6419
47521,59.509
47522,59.3465
47523,59.1722
47524,59.0039
47525,58.858
47526,58.7474
47527,58.6808
47528,58.6617
47529,58.6872
47530,58.7488
47531,58.833
47532,58.9224
47533,58.9982
47534,59.0425
47535,59.0404
47536,58.9819
47537,58.8632
47538,58.6871
47539,58.4631
47540,58.2061
47541,57.9346
47542,57.6689
47543,57.4277
47544,57.2265
47545,57.0758
47546,56.9795
47547,56.9361
47548,56.9389
47549,56.9782
47550,57.0427
47551,57.1217
47552,57.2068
47553,57.2925
47554,57.3773
47555,57.4628
47556,57.553
47557,57.6528
47558,57.7661
47559,57.8948
47560,58.0374
47561,58.1891
47562,58.3415
47563,58.4836
47564,58.6028
47565,58.6869
47566,58.7248
47567,58.7087
47568,58.6346
47569,58.5031
47570,58.3198
47571,58.0947
47572,57.8413
47573,57.5751
47574,57.3123
47575,57.0681
47576,56.8553
47577,56.6836
47578,56.5588
47579,56.4829
47580,56.4544
47581,56.4692
47582,56.5213
47583,56.6032
47584,56.7072
47585,56.8256
47586,56.9513
47587,57.0786
47588,57.2036
47589,57.3244
47590,57.4413
47591,57.5567
47592,57.6738
47593,57.7962
47594,57.9257
47595,58.0622
47596,58.2022
47597,58.3401
47598,58.4681
47599,58.578
47600,58.6621
47601,58.7149
47602,58.7332
47603,58.7176
47604,58.6718
47605,58.6032
47606,58.5215
47607,58.438
47608,58.3642
47609,58.3099
47610,58.2827
47611,58.2863
47612,58.3207
47613,58.3829
47614,58.4668
47615,58.5652
47616,58.6701
47617,58.774
47618,58.8704
47619,58.9544
47620,59.0234
47621,59.0765
47622,59.1148
47623,59.1408
47624,59.1577
47625,59.1685
47626,59.1755
47627,59.1795
47628,59.1799
47629,59.1742
47630,59.159
47631,59.1303
47632,59.0843
47633,59.018
47634,58.9299
47635,58.8206
47636,58.6926
47637,58.5508
47638,58.4012
47639,58.251
47640,58.107
47641,57.9757
47642,57.8619
47643,57.7693
47644,57.7001
47645,57.6556
47646,57.6368
47647,57.6439
47648,57.6768
47649,57.7343
47650,57.8138
47651,57.9112
47652,58.0212
47653,58.1377
47654,58.2542
47655,58.3649
47656,58.465
47657,58.5508
47658,58.6205
47659,58.6738
47660,58.7119
47661,58.7381
47662,58.7571
47663,58.7748
47664,58.7978
47665,58.8327
47666,58.8847
47667,58.9573
47668,59.0515
47669,59.1652
47670,59.2944
47671,59.4325
47672,59.5722
47673,59.7051
47674,59.8233
47675,59.919
47676,59.9857
47677,60.0179
47678,60.0115
47679,59.9646
47680,59.8777
47681,59.7539
47682,59.5999
47683,59.4255
47684,59.2431
47685,59.0672
47686,58.9123
47687,58.7922
47688,58.718
47689,58.6966
47690,58.73
47691,58.8144
47692,58.9401
47693,59.0929
47694,59.2555
47695,59.4091
47696,59.536
47697,59.6214
47698,59.6548
47699,59.6316
47700,59.5529
47701,59.4256
47702,59.2613
47703,59.075
47704,58.8833
47705,58.7025
47706,58.5469
47707,58.4271
47708,58.3491
47709,58.3141
47710,58.3186
47711,58.3556
47712,58.4153
47713,58.4863
47714,58.5564
47715,58.6138
47716,58.6476
47717,58.6489
47718,58.6124
47719,58.537
47720,58.4263
47721,58.2883
47722,58.135
47723,57.9805
47724,57.8393
47725,57.7249
47726,57.648
47727,57.6153
47728,57.6293
47729,57.6876
47730,57.7833
47731,57.9057
47732,58.0414
47733,58.1756
47734,58.2936
47735,58.3822
47736,58.4311
47737,58.4349
47738,58.3934
47739,58.3123
47740,58.2032
47741,58.0816
47742,57.965
47743,57.8707
47744,57.8133
47745,57.8027
47746,57.8433
47747,57.9339
47748,58.0687
47749,58.2385
47750,58.4324
47751,58.6398
47752,58.8517
47753,59.061
47754,59.2629
47755,59.4538
47756,59.6308
47757,59.7907
47758,59.929
47759,60.0397
47760,60.1149
47761,60.1448
47762,60.1189
47763,60.0275
47764,59.8632
47765,59.6237
47766,59.3134
47767,58.9444
47768,58.537
47769,58.1183
47770,57.7198
47771,57.3746
47772,57.1139
47773,56.9637
47774,56.942
47775,57.0569
47776,57.3049
47777,57.6712
47778,58.1303
47779,58.6486
47780,59.1865
47781,59.703
47782,60.1585
47783,60.5191
47784,60.759
47785,60.8631
47786,60.8278
47787,60.6607
47788,60.3796
47789,60.0099
47790,59.5821
47791,59.1285
47792,58.6802
47793,58.2647
47794,57.904
47795,57.6131
47796,57.3997
47797,57.2648
47798,57.2031
47799,57.205
47800,57.2581
47801,57.3486
47802,57.4637
47803,57.5917
47804,57.7237
47805,57.8531
47806,57.9755
47807,58.0886
47808,58.1909
47809,58.2815
47810,58.3598
47811,58.425
47812,58.476
47813,58.5117
47814,58.5316
47815,58.5362
47816,58.5276
47817,58.5105
47818,58.4912
47819,58.4778
47820,58.4785
47821,58.5005
47822,58.5486
47823,58.6241
47824,58.7245
47825,58.8437
47826,58.9729
47827,59.1019
47828,59.221
47829,59.3217
47830,59.3977
47831,59.4457
47832,59.4652
47833,59.458
47834,59.4278
47835,59.3791
47836,59.316
47837,59.2417
47838,59.158
47839,59.0651
47840,58.9629
47841,58.8513
47842,58.7312
47843,58.6058
47844,58.4798
47845,58.3602
47846,58.2545
47847,58.17
47848,58.1122
47849,58.0839
47850,58.0843
47851,58.109
47852,58.1504
47853,58.1992
47854,58.2453
47855,58.28
47856,58.297
47857,58.2933
47858,58.2701
47859,58.2324
47860,58.188
47861,58.1464
47862,58.1177
47863,58.1102
47864,58.13
47865,58.1799
47866,58.2584
47867,58.3602
47868,58.4765
47869,58.5954
47870,58.7038
47871,58.7885
47872,58.8376
47873,58.842
47874,58.796
47875,58.698
47876,58.5503
47877,58.3596
47878,58.1362
47879,57.8934
47880,57.6463
47881,57.4105
47882,57.2006
47883,57.0297
47884,56.9081
47885,56.843
47886,56.8379
47887,56.8928
47888,57.0043
47889,57.166
47890,57.3694
47891,57.6047
47892,57.8616
47893,58.1297
47894,58.3988
47895,58.659
47896,58.9004
47897,59.1141
47898,59.292
47899,59.4278
47900,59.5176
47901,59.56
47902,59.5568
47903,59.5125
47904,59.4342
47905,59.3308
47906,59.2129
47907,59.0911
47908,58.9758
47909,58.8763
47910,58.8001
47911,58.7523
47912,58.7355
47913,58.7498
47914,58.7927
47915,58.8592
47916,58.9419
47917,59.0315
47918,59.1173
47919,59.1877
47920,59.2312
47921,59.2381
47922,59.2014
47923,59.1188
47924,58.9927
47925,58.8311
47926,58.6457
47927,58.451
47928,58.2616
47929,58.0901
47930,57.9454
47931,57.8317
47932,57.7478
47933,57.6879
47934,57.643
47935,57.6019
47936,57.554
47937,57.4907
47938,57.4073
47939,57.3039
47940,57.186
47941,57.0632
47942,56.9479
47943,56.8537
47944,56.7929
47945,56.7753
47946,56.806
47947,56.8855
47948,57.0085
47949,57.1648
47950,57.3401
47951,57.5178
47952,57.6808
47953,57.8138
47954,57.9049
47955,57.9472
47956,57.9394
47957,57.8853
47958,57.7936
47959,57.6763
47960,57.5477
47961,57.4229
47962,57.3163
47963,57.2405
47964,57.2048
47965,57.2146
47966,57.2711
47967,57.3716
47968,57.51
47969,57.6781
47970,57.8668
47971,58.0672
47972,58.2712
47973,58.472
47974,58.6636
47975,58.8403
47976,58.9966
47977,59.1264
47978,59.2232
47979,59.2803
47980,59.2917
47981,59.2523
47982,59.1595
47983,59.0137
47984,58.8187
47985,58.5818
47986,58.3137
47987,58.0275
47988,57.7376
47989,57.459
47990,57.2056
47991,56.9897
47992,56.8209
47993,56.7054
47994,56.6458
47995,56.6412
47996,56.6866
47997,56.7739
47998,56.8925
47999,57.03
48000,57.1737
48001,57.3121
48002,57.4365
48003,57.5419
48004,57.6276
48005,57.6971
48006,57.7574
48007,57.8172
48008,57.8857
48009,57.9706
48010,58.0768
48011,58.2061
48012,58.3566
48013,58.5235
48014,58.6998
48015,58.8775
48016,59.0485
48017,59.2052
48018,59.3414
48019,59.4526
48020,59.5362
48021,59.5914
48022,59.6186
48023,59.6194
48024,59.5961
48025,59.5518
48026,59.4897
48027,59.4137
48028,59.3278
48029,59.2358
48030,59.1412
48031,59.0463
48032,58.9519
48033,58.8574
48034,58.7603
48035,58.6572
48036,58.5444
48037,58.4187
48038,58.2782
48039,58.1234
48040,57.9568
48041,57.7838
48042,57.6117
48043,57.4494
48044,57.3059
48045,57.1892
48046,57.1054
48047,57.0577
48048,57.0462
48049,57.0677
48050,57.1162
48051,57.1831
48052,57.2588
48053,57.333
48054,57.3965
48055,57.4417
48056,57.4634
48057,57.4595
48058,57.4302
48059,57.3781
48060,57.3072
48061,57.2222
48062,57.1281
48063,57.0298
48064,56.9325
48065,56.8416
48066,56.7627
48067,56.7012
48068,56.662
48069,56.6491
48070,56.6647
48071,56.7094
48072,56.7822
48073,56.8809
48074,57.0022
48075,57.1424
48076,57.2977
48077,57.4635
48078,57.6351
48079,57.8068
48080,57.9719
48081,58.1233
48082,58.2534
48083,58.3548
48084,58.4213
48085,58.4486
48086,58.4347
48087,58.3804
48088,58.2896
48089,58.1693
48090,58.029
48091,57.8799
48092,57.7343
48093,57.6044
48094,57.5007
48095,57.4311
48096,57.4002
48097,57.4083
48098,57.4519
48099,57.5237
48100,57.6142
48101,57.7124
48102,57.8077
48103,57.891
48104,57.9561
48105,57.9999
48106,58.0223
48107,58.0263
48108,58.0164
48109,57.9984
48110,57.9776
48111,57.9584
48112,57.9436
48113,57.9337
48114,57.9276
48115,57.923
48116,57.9168
48117,57.9063
48118,57.8899
48119,57.8672
48120,57.8397
48121,57.8104
48122,57.7835
48123,57.7642
48124,57.7579
48125,57.7695
48126,57.8031
48127,57.8611
48128,57.9437
48129,58.0489
48130,58.1718
48131,58.3049
48132,58.4385
48133,58.5614
48134,58.6619
48135,58.7296
48136,58.7565
48137,58.7383
48138,58.6748
48139,58.5698
48140,58.4306
48141,58.267
48142,58.0909
48143,57.9148
48144,57.7512
48145,57.6115
48146,57.5052
48147,57.4389
48148,57.4154
48149,57.4341
48150,57.4906
48151,57.5781
48152,57.6879
48153,57.8116
48154,57.9415
48155,58.0712
48156,58.1962
48157,58.3132
48158,58.4204
48159,58.5164
48160,58.6012
48161,58.6753
48162,58.7405
48163,58.7992
48164,58.8541
48165,58.9081
48166,58.9632
48167,59.0202
48168,59.0784
48169,59.1354
48170,59.1875
48171,59.2297
48172,59.2566
48173,59.2628
48174,59.2437
48175,59.1962
48176,59.1192
48177,59.0144
48178,58.8859
48179,58.7402
48180,58.5855
48181,58.4306
48182,58.2838
48183,58.1519
48184,58.0386
48185,57.9444
48186,57.8664
48187,57.7989
48188,57.7349
48189,57.6676
48190,57.5924
48191,57.5083
48192,57.4193
48193,57.3335
48194,57.263
48195,57.2211
48196,57.2199
48197,57.2681
48198,57.3682
48199,57.5161
48200,57.7003
48201,57.904
48202,58.1066
48203,58.2868
48204,58.4255
48205,58.5087
48206,58.529
48207,58.4867
48208,58.3899
48209,58.2531
48210,58.0958
48211,57.9398
48212,57.8069
48213,57.7164
48214,57.6829
48215,57.715
48216,57.8146
48217,57.9771
48218,58.1924
48219,58.4456
48220,58.7186
48221,58.9915
48222,59.2435
48223,59.4545
48224,59.6064
48225,59.6843
48226,59.6776
48227,59.5815
48228,59.3978
48229,59.135
48230,58.8082
48231,58.4379
48232,58.048
48233,57.6635
48234,57.3085
48235,57.0043
48236,56.7675
48237,56.6091
48238,56.5344
48239,56.5431
48240,56.6297
48241,56.7844
48242,56.994
48243,57.2436
48244,57.5173
48245,57.7995
48246,58.0757
48247,58.3333
48248,58.5619
48249,58.754
48250,58.9041
48251,59.0097
48252,59.0699
48253,59.0861
48254,59.0608
48255,58.9975
48256,58.9011
48257,58.777
48258,58.6322
48259,58.4752
48260,58.316
48261,58.1651
48262,58.033
48263,57.9286
48264,57.8584
48265,57.8261
48266,57.8322
48267,57.8753
48268,57.9526
48269,58.061
48270,58.1974
48271,58.3593
48272,58.5438
48273,58.7467
48274,58.9618
48275,59.1804
48276,59.3913
48277,59.5815
48278,59.7378
48279,59.8484
48280,59.9042
48281,59.8999
48282,59.8352
48283,59.7142
48284,59.5457
48285,59.3414
48286,59.1159
48287,58.8846
48288,58.6626
48289,58.4637
48290,58.2994
48291,58.178
48292,58.1046
48293,58.0806
48294,58.1041
48295,58.1703
48296,58.2716
48297,58.3986
48298,58.5402
48299,58.6842
48300,58.818
48301,58.929
48302,59.0058
48303,59.039
48304,59.0226
48305,58.9548
48306,58.8387
48307,58.6824
48308,58.4986
48309,58.3034
48310,58.115
48311,57.9513
48312,57.8284
48313,57.7581
48314,57.7472
48315,57.7962
48316,57.8997
48317,58.0475
48318,58.2256
48319,58.4185
48320,58.6106
48321,58.7881
48322,58.9398
48323,59.0579
48324,59.1379
48325,59.1787
48326,59.1822
48327,59.1527
48328,59.0962
48329,59.0201
48330,58.9319
48331,58.8386
48332,58.7455
48333,58.656
48334,58.5712
48335,58.4901
48336,58.4107
48337,58.3304
48338,58.2472
48339,58.1606
48340,58.0719
48341,57.985
48342,57.9056
48343,57.8409
48344,57.7982
48345,57.7836
48346,57.8012
48347,57.8524
48348,57.9353
48349,58.0456
48350,58.177
48351,58.3221
48352,58.4734
48353,58.6237
48354,58.7669
48355,58.8976
48356,59.0108
48357,59.1014
48358,59.1635
48359,59.1906
48360,59.1759
48361,59.1134
48362,58.9995
48363,58.8342
48364,58.6224
48365,58.3744
48366,58.105
48367,57.8328
48368,57.5779
48369,57.3602
48370,57.1967
48371,57.1002
48372,57.0782
48373,57.1319
48374,57.2569
48375,57.4433
48376,57.6769
48377,57.9405
48378,58.2151
48379,58.4812
48380,58.721
48381,58.9189
48382,59.0637
48383,59.1486
48384,59.172
48385,59.1376
48386,59.0537
48387,58.9326
48388,58.7892
48389,58.6396
48390,58.499
48391,58.3814
48392,58.2976
48393,58.2554
48394,58.2591
48395,58.3091
48396,58.4024
48397,58.5326
48398,58.69
48399,58.8627
48400,59.0367
48401,59.1973
48402,59.3304
48403,59.4236
48404,59.4678
48405,59.4575
48406,59.3918
48407,59.2738
48408,59.1099
48409,58.909
48410,58.6814
48411,58.438
48412,58.1894
48413,57.9454
48414,57.7151
48415,57.5068
48416,57.3278
48417,57.1848
48418,57.083
48419,57.0266
48420,57.0184
48421,57.0592
48422,57.1475
48423,57.2797
48424,57.4495
48425,57.6485
48426,57.8666
48427,58.0931
48428,58.3174
48429,58.5303
48430,58.7239
48431,58.8925
48432,59.0318
48433,59.1392
48434,59.2132
48435,59.2532
48436,59.2598
48437,59.2351
48438,59.1831
48439,59.11
48440,59.0243
48441,58.9366
48442,58.8587
48443,58.8019
48444,58.7758
48445,58.7868
48446,58.8367
48447,58.9229
48448,59.0382
48449,59.1717
48450,59.3101
48451,59.439
48452,59.5443
48453,59.6141
48454,59.6403
48455,59.6194
48456,59.553
48457,59.4475
48458,59.3134
48459,59.1631
48460,59.0098
48461,58.8654
48462,58.7396
48463,58.6391
48464,58.5667
48465,58.522
48466,58.5007
48467,58.4963
48468,58.5003
48469,58.5041
48470,58.5004
48471,58.4841
48472,58.4531
48473,58.4087
48474,58.3549
48475,58.2972
48476,58.2417
48477,58.1935
48478,58.1555
48479,58.1282
48480,58.1094
48481,58.0945
48482,58.0775
48483,58.0519
48484,58.0119
48485,57.9531
48486,57.8732
48487,57.7726
48488,57.6541
48489,57.5234
48490,57.3884
48491,57.259
48492,57.1463
48493,57.0615
48494,57.015
48495,57.0151
48496,57.0671
48497,57.1726
48498,57.3288
48499,57.529
48500,57.7633
48501,58.0191
48502,58.2822
48503,58.5381
48504,58.7728
48505,58.9739
48506,59.1312
48507,59.2376
48508,59.2895
48509,59.2872
48510,59.235
48511,59.1403
48512,59.0136
48513,58.8666
48514,58.7118
48515,58.5608
48516,58.4235
48517,58.3072
48518,58.2158
48519,58.1503
48520,58.1087
48521,58.0877
48522,58.0835
48523,58.0933
48524,58.1162
48525,58.1539
48526,58.2095
48527,58.2876
48528,58.3922
48529,58.526
48530,58.6889
48531,58.8777
48532,59.086
48533,59.3041
48534,59.52
48535,59.7203
48536,59.8912
48537,60.0197
48538,60.0949
48539,60.1085
48540,60.0557
48541,59.9361
48542,59.7538
48543,59.5177
48544,59.2415
48545,58.9423
48546,58.6401
48547,58.3555
48548,58.1076
48549,57.9123
48550,57.7807
48551,57.7182
48552,57.7248
48553,57.7951
48554,57.9202
48555,58.0879
48556,58.2848
48557,58.4968
48558,58.7102
48559,58.9123
48560,59.0921
48561,59.2407
48562,59.3518
48563,59.422
48564,59.4511
48565,59.4414
48566,59.3976
48567,59.3257
48568,59.2328
48569,59.1259
48570,59.0117
48571,58.8959
48572,58.7837
48573,58.6787
48574,58.5837
48575,58.4999
48576,58.4272
48577,58.3642
48578,58.3083
48579,58.2561
48580,58.204
48581,58.1488
48582,58.0883
48583,58.0221
48584,57.9518
48585,57.8814
48586,57.8166
48587,57.7638
48588,57.7294
48589,57.7186
48590,57.7342
48591,57.7769
48592,57.845
48593,57.9353
48594,58.0435
48595,58.165
48596,58.2948
48597,58.4286
48598,58.5622
48599,58.6927
48600,58.8178
48601,58.9368
48602,59.0497
48603,59.1573
48604,59.2599
48605,59.3571
48606,59.4469
48607,59.5258
48608,59.5891
48609,59.6321
48610,59.6502
48611,59.6403
48612,59.6008
48613,59.5323
48614,59.4375
48615,59.3219
48616,59.1927
48617,59.059
48618,58.9299
48619,58.814
48620,58.7182
48621,58.6469
48622,58.6019
48623,58.5824
48624,58.5857
48625,58.6073
48626,58.6418
48627,58.6834
48628,58.7265
48629,58.7666
48630,58.8007
48631,58.8276
48632,58.8479
48633,58.8638
48634,58.8786
48635,58.8958
48636,58.9181
48637,58.9467
48638,58.9809
48639,59.0176
48640,59.0513
48641,59.0751
48642,59.0815
48643,59.0634
48644,59.0151
48645,58.933
48646,58.8161
48647,58.6656
48648,58.4852
48649,58.2803
48650,58.0585
48651,57.8289
48652,57.6013
48653,57.3866
48654,57.1949
48655,57.0359
48656,56.9177
48657,56.8464
48658,56.826
48659,56.8586
48660,56.9436
48661,57.0782
48662,57.2569
48663,57.4718
48664,57.713
48665,57.9691
48666,58.2283
48667,58.4792
48668,58.7113
48669,58.9153
48670,59.0834
48671,59.2092
48672,59.2878
48673,59.3158
48674,59.2918
48675,59.2165
48676,59.0928
48677,58.9267
48678,58.7273
48679,58.5066
48680,58.279
48681,58.0598
48682,57.8646
48683,57.7074
48684,57.5994
48685,57.5483
48686,57.5579
48687,57.6276
48688,57.7532
48689,57.9273
48690,58.1404
48691,58.3812
48692,58.6369
48693,58.8937
48694,59.1365
48695,59.3499
48696,59.5184
48697,59.6281
48698,59.6677
48699,59.6298
48700,59.5122
48701,59.3186
48702,59.0587
48703,58.7478
48704,58.4059
48705,58.0558
48706,57.7213
48707,57.4246
48708,57.1851
48709,57.017
48710,56.9287
48711,56.9219
48712,56.9917
48713,57.1268
48714,57.3106
48715,57.5222
48716,57.7387
48717,57.937
48718,58.0965
48719,58.2006
48720,58.2388
48721,58.2077
48722,58.111
48723,57.9597
48724,57.7707
48725,57.5648
48726,57.3645
48727,57.1912
48728,57.0629
48729,56.9923
48730,56.9855
48731,57.042
48732,57.155
48733,57.3131
48734,57.5016
48735,57.7044
48736,57.9057
48737,58.0906
48738,58.2468
48739,58.3648
48740,58.4388
48741,58.4672
48742,58.4529
48743,58.4034
48744,58.3305
48745,58.2494
48746,58.1775
48747,58.1318
48748,58.1275
48749,58.1754
48750,58.2804
48751,58.4404
48752,58.6457
48753,58.8803
48754,59.1228
48755,59.3494
48756,59.5358
48757,59.6606
48758,59.7078
48759,59.6688
48760,59.5435
48761,59.3399
48762,59.0736
48763,58.7655
48764,58.4394
48765,58.1198
48766,57.8293
48767,57.587
48768,57.4072
48769,57.2982
48770,57.2625
48771,57.2967
48772,57.3923
48773,57.5367
48774,57.7149
48775,57.9111
48776,58.1101
48777,58.2989
48778,58.4669
48779,58.6064
48780,58.7125
48781,58.7827
48782,58.8173
48783,58.819
48784,58.7937
48785,58.7496
48786,58.697
48787,58.6472
48788,58.6112
48789,58.5988
48790,58.6176
48791,58.6723
48792,58.7646
48793,58.8927
48794,59.052
48795,59.2352
48796,59.4334
48797,59.6361
48798,59.8329
48799,60.0132
48800,60.1671
48801,60.2857
48802,60.362
48803,60.3913
48804,60.372
48805,60.306
48806,60.1984
48807,60.0572
48808,59.8914
48809,59.7101
48810,59.5212
48811,59.3308
48812,59.1426
48813,58.9586
48814,58.7797
48815,58.6057
48816,58.4365
48817,58.2715
48818,58.1101
48819,57.9514
48820,57.7942
48821,57.6373
48822,57.4799
48823,57.3226
48824,57.1679
48825,57.0209
48826,56.8889
48827,56.7811
48828,56.7074
48829,56.6772
48830,56.6975
48831,56.772
48832,56.9
48833,57.0763
48834,57.2907
48835,57.5298
48836,57.7771
48837,58.0159
48838,58.2303
48839,58.4078
48840,58.5397
48841,58.6221
48842,58.6552
48843,58.6429
48844,58.5911
48845,58.5069
48846,58.3975
48847,58.2699
48848,58.1306
48849,57.9859
48850,57.8422
48851,57.7067
48852,57.5871
48853,57.4922
48854,57.4305
48855,57.4102
48856,57.4379
48857,57.5176
48858,57.6502
48859,57.8322
48860,58.0559
48861,58.3094
48862,58.5769
48863,58.8401
48864,59.0797
48865,59.2771
48866,59.4165
48867,59.4862
48868,59.4795
48869,59.3958
48870,59.24
48871,59.0225
48872,58.7586
48873,58.4665
48874,58.1669
48875,57.8806
48876,57.6272
48877,57.4231
48878,57.2805
48879,57.2066
48880,57.2032
48881,57.2671
48882,57.3906
48883,57.5622
48884,57.7674
48885,57.9895
48886,58.2108
48887,58.4139
48888,58.5825
48889,58.703
48890,58.7652
48891,58.7633
48892,58.6955
48893,58.5648
48894,58.3779
48895,58.1447
48896,57.8784
48897,57.5942
48898,57.3095
48899,57.0428
48900,56.8133
48901,56.6395
48902,56.5375
48903,56.5195
48904,56.592
48905,56.7543
48906,56.9983
48907,57.3087
48908,57.6642
48909,58.0398
48910,58.4091
48911,58.747
48912,59.0324
48913,59.2494
48914,59.3893
48915,59.45
48916,59.4361
48917,59.3569
48918,59.2252
48919,59.0553
48920,58.8607
48921,58.6532
48922,58.4418
48923,58.2324
48924,58.0278
48925,57.8291
48926,57.6359
48927,57.4474
48928,57.2636
48929,57.0855
48930,56.916
48931,56.7599
48932,56.6234
48933,56.5143
48934,56.4405
48935,56.4092
48936,56.4256
48937,56.4919
48938,56.6061
48939,56.762
48940,56.9498
48941,57.1571
48942,57.3705
48943,57.5775
48944,57.7675
48945,57.9332
48946,58.0701
48947,58.1765
48948,58.2519
48949,58.2968
48950,58.3117
48951,58.2975
48952,58.2561
48953,58.1916
48954,58.1104
48955,58.0215
48956,57.936
48957,57.8659
48958,57.8226
48959,57.8157
48960,57.8513
48961,57.9311
48962,58.0517
48963,58.2046
48964,58.3767
48965,58.5516
48966,58.7117
48967,58.8401
48968,58.9234
48969,58.9528
48970,58.9257
48971,58.8457
48972,58.7214
48973,58.5653
48974,58.3919
48975,58.2157
48976,58.0497
48977,57.9038
48978,57.7838
48979,57.6914
48980,57.624
48981,57.576
48982,57.5396
48983,57.5069
48984,57.4704
48985,57.4246
48986,57.3663
48987,57.2952
48988,57.2134
48989,57.1261
48990,57.0403
48991,56.9652
48992,56.9109
48993,56.8878
48994,56.9056
48995,56.9719
48996,57.0912
48997,57.264
48998,57.4865
48999,57.7495
49000,58.0399
49001,58.3405
49002,58.6316
49003,58.8931
49004,59.1061
49005,59.2553
49006,59.3309
49007,59.3301
49008,59.2569
49009,59.1225
49010,58.9429
49011,58.7374
49012,58.5264
49013,58.3288
49014,58.1607
49015,58.0338
49016,57.9546
49017,57.9245
49018,57.9397
49019,57.9925
49020,58.0722
49021,58.167
49022,58.2653
49023,58.3574
49024,58.4361
49025,58.4975
49026,58.5414
49027,58.5702
49028,58.5889
49029,58.6035
49030,58.6202
49031,58.6437
49032,58.6768
49033,58.7193
49034,58.768
49035,58.8168
49036,58.8573
49037,58.8801
49038,58.876
49039,58.8376
49040,58.7606
49041,58.6447
49042,58.4941
49043,58.3167
49044,58.124
49045,57.9295
49046,57.7473
49047,57.5909
49048,57.4716
49049,57.3971
49050,57.3709
49051,57.3916
49052,57.4536
49053,57.5479
49054,57.6635
49055,57.7889
49056,57.9138
49057,58.0301
49058,58.1326
49059,58.2191
49060,58.2901
49061,58.3482
49062,58.3971
49063,58.4415
49064,58.4862
49065,58.5355
49066,58.5934
49067,58.6628
49068,58.7449
49069,58.8392
49070,58.9431
49071,59.052
49072,59.1594
49073,59.2578
49074,59.3394
49075,59.3975
49076,59.4277
49077,59.4284
49078,59.4019
49079,59.3538
49080,59.2922
49081,59.2274
49082,59.1694
49083,59.1274
49084,59.1082
49085,59.1155
49086,59.1499
49087,59.2093
49088,59.2899
49089,59.3874
49090,59.4975
49091,59.6168
49092,59.7419
49093,59.8692
49094,59.9939
49095,60.1101
49096,60.2105
49097,60.2873
49098,60.3332
49099,60.3426
49100,60.3121
49101,60.2418
49102,60.1347
49103,59.9968
49104,59.8362
49105,59.662
49106,59.4833
49107,59.308
49108,59.1414
49109,58.9857
49110,58.84
49111,58.7002
49112,58.5606
49113,58.4157
49114,58.261
49115,58.0956
49116,57.9221
49117,57.7474
49118,57.5818
49119,57.4371
49120,57.3248
49121,57.2538
49122,57.2282
49123,57.2466
49124,57.3013
49125,57.3797
49126,57.4656
49127,57.5415
49128,57.5905
49129,57.5989
49130,57.5578
49131,57.465
49132,57.3248
49133,57.1486
49134,56.9533
49135,56.7592
49136,56.5877
49137,56.4586
49138,56.3885
49139,56.3885
49140,56.4637
49141,56.6126
49142,56.8275
49143,57.095
49144,57.3975
49145,57.7143
49146,58.0243
49147,58.3077
49148,58.5478
49149,58.7332
49150,58.8581
49151,58.9227
49152,58.9329
49153,58.899
49154,58.8344
49155,58.7536
49156,58.6705
49157,58.597
49158,58.542
49159,58.5102
49160,58.5027
49161,58.5168
49162,58.5477
49163,58.5894
49164,58.6367
49165,58.6865
49166,58.738
49167,58.7932
49168,58.8558
49169,58.9302
49170,59.0204
49171,59.1281
49172,59.2525
49173,59.3893
49174,59.5315
49175,59.6694
49176,59.7922
49177,59.8893
49178,59.9515
49179,59.972
49180,59.9472
49181,59.877
49182,59.7646
49183,59.6169
49184,59.4434
49185,59.2558
49186,59.067
49187,58.8897
49188,58.7359
49189,58.615
49190,58.5334
49191,58.494
49192,58.4962
49193,58.5356
49194,58.6055
49195,58.6972
49196,58.8012
49197,58.909
49198,59.0133
49199,59.1093
49200,59.1944
49201,59.2682
49202,59.3317
49203,59.3858
49204,59.4314
49205,59.4679
49206,59.4932
49207,59.5039
49208,59.4957
49209,59.4646
49210,59.4076
49211,59.3239
49212,59.2154
49213,59.0869
49214,58.9458
49215,58.8013
49216,58.6637
49217,58.5427
49218,58.4465
49219,58.3809
49220,58.3484
49221,58.3481
49222,58.3759
49223,58.425
49224,58.487
49225,58.5526
49226,58.6129
49227,58.6597
49228,58.686
49229,58.6863
49230,58.6568
49231,58.5951
49232,58.5007
49233,58.3745
49234,58.2202
49235,58.0437
49236,57.8543
49237,57.6632
49238,57.4835
49239,57.3284
49240,57.2097
49241,57.1363
49242,57.1137
49243,57.1431
49244,57.2215
49245,57.3425
49246,57.4965
49247,57.6719
49248,57.8561
49249,58.036
49250,58.1993
49251,58.335
49252,58.4339
49253,58.4897
49254,58.4991
49255,58.4623
49256,58.3827
49257,58.2669
49258,58.1234
49259,57.9618
49260,57.7918
49261,57.6214
49262,57.4567
49263,57.3011
49264,57.1554
49265,57.0181
49266,56.8868
49267,56.7588
49268,56.6328
49269,56.5095
49270,56.3918
49271,56.2843
49272,56.1932
49273,56.1245
49274,56.0837
49275,56.0751
49276,56.1013
49277,56.1635
49278,56.2615
49279,56.3937
49280,56.5572
49281,56.748
49282,56.9606
49283,57.1881
49284,57.4226
49285,57.6546
49286,57.8737
49287,58.0691
49288,58.2297
49289,58.3463
49290,58.4116
49291,58.4222
49292,58.379
49293,58.2874
49294,58.1573
49295,58.0019
49296,57.8368
49297,57.6782
49298,57.5412
49299,57.4384
49300,57.3786
49301,57.3662
49302,57.401
49303,57.4779
49304,57.588
49305,57.7195
49306,57.8588
49307,57.9923
49308,58.1076
49309,58.1944
49310,58.2457
49311,58.2577
49312,58.2304
49313,58.1664
49314,58.0708
49315,57.9505
49316,57.813
49317,57.6664
49318,57.5183
49319,57.3759
49320,57.245
49321,57.1302
49322,57.0346
49323,56.9599
49324,56.9063
49325,56.873
49326,56.8583
49327,56.8597
49328,56.8741
49329,56.8981
49330,56.9282
49331,56.9613
49332,56.9946
49333,57.0262
49334,57.0555
49335,57.0827
49336,57.1094
49337,57.1383
49338,57.1728
49339,57.2165
49340,57.2732
49341,57.3456
49342,57.4357
49343,57.544
49344,57.6693
49345,57.8088
49346,57.9577
49347,58.1099
49348,58.2577
49349,58.3932
49350,58.5083
49351,58.5958
49352,58.6502
49353,58.6685
49354,58.6506
49355,58.5998
49356,58.5226
49357,58.4285
49358,58.3292
49359,58.2371
49360,58.1642
49361,58.1203
49362,58.1116
49363,58.1396
49364,58.1999
49365,58.2831
49366,58.3746
49367,58.457
49368,58.5119
49369,58.5225
49370,58.476
49371,58.3656
49372,58.1923
49373,57.9644
49374,57.6974
49375,57.4124
49376,57.1337
49377,56.8864
49378,56.6936
49379,56.5746
49380,56.543
49381,56.6058
49382,56.763
49383,57.008
49384,57.3286
49385,57.7079
49386,58.1262
49387,58.5617
49388,58.9922
49389,59.396
49390,59.7529
49391,60.0452
49392,60.2587
49393,60.3837
49394,60.4153
49395,60.3544
49396,60.2074
49397,59.9861
49398,59.7072
49399,59.3909
49400,59.0603
49401,58.7394
49402,58.4519
49403,58.2196
49404,58.0605
49405,57.9876
49406,58.0072
49407,58.1182
49408,58.3121
49409,58.5735
49410,58.882
49411,59.2136
49412,59.5431
49413,59.8466
49414,60.1029
49415,60.2953
49416,60.4118
49417,60.4465
49418,60.3988
49419,60.274
49420,60.0817
49421,59.8359
49422,59.5532
49423,59.2521
49424,58.9508
49425,58.6667
49426,58.4142
49427,58.204
49428,58.0421
49429,57.9295
49430,57.8624
49431,57.8328
49432,57.8301
49433,57.8416
49434,57.8552
49435,57.8606
49436,57.851
49437,57.8237
49438,57.7812
49439,57.7302
49440,57.6809
49441,57.6454
49442,57.6361
49443,57.6631
49444,57.7327
49445,57.8459
49446,57.9972
49447,58.1756
49448,58.3653
49449,58.5472
49450,58.7015
49451,58.8095
49452,58.8561
49453,58.8309
49454,58.7299
49455,58.5561
49456,58.3189
49457,58.034
49458,57.7221
49459,57.4068
49460,57.1131
49461,56.8646
49462,56.6818
49463,56.5799
49464,56.5675
49465,56.6459
49466,56.809
49467,57.0441
49468,57.3332
49469,57.6546
49470,57.985
49471,58.3013
49472,58.5829
49473,58.8135
49474,58.9823
49475,59.0855
49476,59.1259
49477,59.1125
49478,59.0595
49479,58.9841
49480,58.9044
49481,58.8369
49482,58.7947
49483,58.7858
49484,58.8122
49485,58.8701
49486,58.9496
49487,59.0364
49488,59.1128
49489,59.1591
49490,59.1566
49491,59.0891
49492,58.9457
49493,58.7229
49494,58.426
49495,58.0698
49496,57.6777
49497,57.2799
49498,56.9108
49499,56.6052
49500,56.395
49501,56.3059
49502,56.3541
49503,56.5453
49504,56.873
49505,57.3192
49506,57.856
49507,58.4475
49508,59.0536
49509,59.6328
49510,60.1459
49511,60.5587
49512,60.8448
49513,60.9871
49514,60.9795
49515,60.8269
49516,60.5454
49517,60.1605
49518,59.7054
49519,59.2183
49520,58.7384
49521,58.3034
49522,57.9453
49523,57.6887
49524,57.5481
49525,57.5276
49526,57.6208
49527,57.8124
49528,58.0795
49529,58.395
49530,58.7295
49531,59.0547
49532,59.3449
49533,59.5795
49534,59.7436
49535,59.8291
49536,59.8344
49537,59.7645
49538,59.6295
49539,59.4439
49540,59.2249
49541,58.9907
49542,58.7588
49543,58.5441
49544,58.3576
49545,58.206
49546,58.0912
49547,58.0115
49548,57.9622
49549,57.9376
49550,57.9311
49551,57.9371
49552,57.9516
49553,57.9722
49554,57.9988
49555,58.0335
49556,58.0795
49557,58.141
49558,58.2217
49559,58.3243
49560,58.4488
49561,58.5924
49562,58.7487
49563,58.9075
49564,59.0561
49565,59.1801
49566,59.2653
49567,59.2992
49568,59.2726
49569,59.1808
49570,59.0246
49571,58.8109
49572,58.5524
49573,58.2666
49574,57.9743
49575,57.6981
49576,57.4602
49577,57.2803
49578,57.1741
49579,57.1518
49580,57.2168
49581,57.3654
49582,57.5866
49583,57.8633
49584,58.1735
49585,58.4924
49586,58.7945
49587,59.0558
49588,59.256
49589,59.3798
49590,59.4182
49591,59.3691
49592,59.2376
49593,59.035
49594,58.7784
49595,58.4887
49596,58.1891
49597,57.9028
49598,57.6517
49599,57.4542
49600,57.3243
49601,57.2706
49602,57.2965
49603,57.3999
49604,57.5744
49605,57.8099
49606,58.0937
49607,58.412
49608,58.7504
49609,59.0949
49610,59.4324
49611,59.7512
49612,60.0408
49613,60.2922
49614,60.4976
49615,60.6504
49616,60.7453
49617,60.7781
49618,60.7462
49619,60.6489
49620,60.4879
49621,60.2678
49622,59.996
49623,59.6827
49624,59.3406
49625,58.9835
49626,58.6263
49627,58.2832
49628,57.9677
49629,57.691
49630,57.461
49631,57.2823
49632,57.1548
49633,57.0743
49634,57.0319
49635,57.0155
49636,57.0108
49637,57.0027
49638,56.9773
49639,56.9237
49640,56.8355
49641,56.7125
49642,56.5612
49643,56.3941
49644,56.2293
49645,56.0883
49646,55.9939
49647,55.968
49648,56.0289
49649,56.1896
49650,56.4555
49651,56.8239
49652,57.283
49653,57.8125
49654,58.3845
49655,58.9655
49656,59.5197
49657,60.012
49658,60.4114
49659,60.6944
49660,60.8463
49661,60.863
49662,60.7508
49663,60.5256
49664,60.2113
49665,59.8368
49666,59.434
49667,59.0335
49668,58.662
49669,58.3398
49670,58.0786
49671,57.8817
49672,57.7441
49673,57.6549
49674,57.5991
49675,57.5606
49676,57.525
49677,57.4814
49678,57.424
49679,57.3529
49680,57.2729
49681,57.1924
49682,57.1208
49683,57.0668
49684,57.0365
49685,57.0322
49686,57.0526
49687,57.0928
49688,57.1453
49689,57.2014
49690,57.2523
49691,57.2911
49692,57.3133
49693,57.3187
49694,57.3114
49695,57.2996
49696,57.2946
49697,57.3096
49698,57.3573
49699,57.4479
49700,57.5873
49701,57.7753
49702,58.0052
49703,58.2643
49704,58.5357
49705,58.7995
49706,59.0356
49707,59.2252
49708,59.3527
49709,59.4072
49710,59.3826
49711,59.2789
49712,59.1014
49713,58.8602
49714,58.5693
49715,58.2459
49716,57.9084
49717,57.5762
49718,57.2682
49719,57.0025
49720,56.7948
49721,56.6585
49722,56.6033
49723,56.6349
49724,56.7542
49725,56.9567
49726,57.2327
49727,57.5667
49728,57.9386
49729,58.3251
49730,58.7012
49731,59.0429
49732,59.3291
49733,59.5443
49734,59.6795
49735,59.7333
49736,59.7107
49737,59.6225
49738,59.4829
49739,59.308
49740,59.1129
49741,58.911
49742,58.7117
49743,58.5208
49744,58.3396
49745,58.1664
49746,57.9975
49747,57.8294
49748,57.66
49749,57.4899
49750,57.3228
49751,57.1653
49752,57.0255
49753,56.9119
49754,56.8322
49755,56.7921
49756,56.7943
49757,56.8385
49758,56.9214
49759,57.0376
49760,57.1798
49761,57.3402
49762,57.5103
49763,57.6816
49764,57.8457
49765,57.9946
49766,58.1208
49767,58.2178
49768,58.2812
49769,58.309
49770,58.3025
49771,58.2664
49772,58.209
49773,58.1414
49774,58.0769
49775,58.0295
49776,58.0125
49777,58.0365
49778,58.1085
49779,58.2303
49780,58.399
49781,58.6066
49782,58.8413
49783,59.089
49784,59.3344
49785,59.5628
49786,59.7612
49787,59.9199
49788,60.0329
49789,60.0982
49790,60.1182
49791,60.0987
49792,60.0485
49793,59.9785
49794,59.8996
49795,59.8222
49796,59.7545
49797,59.7019
49798,59.6665
49799,59.6471
49800,59.64
49801,59.6399
49802,59.6411
49803,59.638
49804,59.6263
49805,59.6033
49806,59.5674
49807,59.5185
49808,59.4574
49809,59.3854
49810,59.3039
49811,59.2145
49812,59.1186
49813,59.0179
49814,58.9138
49815,58.8089
49816,58.7062
49817,58.6104
49818,58.5269
49819,58.4619
49820,58.4213
49821,58.4098
49822,58.4295
49823,58.4794
49824,58.5549
49825,58.6486
49826,58.7503
49827,58.8489
49828,58.9328
49829,58.991
49830,59.0137
49831,58.9929
49832,58.9229
49833,58.8004
49834,58.6254
49835,58.4014
49836,58.136
49837,57.841
49838,57.5318
49839,57.2268
49840,56.9458
49841,56.7082
49842,56.531
49843,56.4272
49844,56.4046
49845,56.4652
49846,56.605
49847,56.8151
49848,57.0819
49849,57.389
49850,57.7184
49851,58.0511
49852,58.3683
49853,58.6528
49854,58.8894
49855,59.0665
49856,59.1765
49857,59.2166
49858,59.189
49859,59.1
49860,58.9599
49861,58.7814
49862,58.5785
49863,58.3656
49864,58.1564
49865,57.9637
49866,57.7986
49867,57.6705
49868,57.5867
49869,57.5524
49870,57.5706
49871,57.6415
49872,57.7626
49873,57.9287
49874,58.1312
49875,58.3589
49876,58.5986
49877,58.8354
49878,59.0545
49879,59.2425
49880,59.3882
49881,59.4838
49882,59.526
49883,59.5153
49884,59.456
49885,59.3557
49886,59.2234
49887,59.0695
49888,58.904
49889,58.7366
49890,58.5757
49891,58.4286
49892,58.3015
49893,58.2001
49894,58.1291
49895,58.0921
49896,58.0912
49897,58.126
49898,58.1925
49899,58.2837
49900,58.3894
49901,58.4978
49902,58.5973
49903,58.6784
49904,58.735
49905,58.7653
49906,58.7719
49907,58.7609
49908,58.7408
49909,58.721
49910,58.7104
49911,58.716
49912,58.7417
49913,58.7885
49914,58.8536
49915,58.9317
49916,59.0154
49917,59.0967
49918,59.1675
49919,59.2211
49920,59.2528
49921,59.2604
49922,59.2446
49923,59.2091
49924,59.1601
49925,59.1058
49926,59.0554
49927,59.0181
49928,59.0019
49929,59.0121
49930,59.0508
49931,59.116
49932,59.2018
49933,59.2987
49934,59.3946
49935,59.4765
49936,59.5314
49937,59.5485
49938,59.52
49939,59.4422
49940,59.3159
49941,59.1466
49942,58.9435
49943,58.7189
49944,58.486
49945,58.2581
49946,58.0463
49947,57.8591
49948,57.7009
49949,57.5724
49950,57.471
49951,57.392
49952,57.3295
49953,57.2778
49954,57.2325
49955,57.1914
49956,57.1545
49957,57.1242
49958,57.1047
49959,57.1007
49960,57.1165
49961,57.1553
49962,57.2182
49963,57.3041
49964,57.4092
49965,57.5276
49966,57.6516
49967,57.7721
49968,57.8795
49969,57.9647
49970,58.0201
49971,58.0408
49972,58.0252
49973,57.9757
49974,57.8983
49975,57.8013
49976,57.6941
49977,57.5859
49978,57.4844
49979,57.3952
49980,57.3224
49981,57.2691
49982,57.2376
49983,57.2308
49984,57.2519
49985,57.304
49986,57.3898
49987,57.5105
49988,57.6645
49989,57.8476
49990,58.0521
49991,58.2678
49992,58.482
49993,58.6816
49994,58.8537
49995,58.9873
49996,59.0745
49997,59.1112
49998,59.0979
49999,59.0392
50000,58.943
50001,58.8198
50002,58.6806
50003,58.536
50004,58.3948
50005,58.2632
50006,58.1452
50007,58.0424
50008,57.955
50009,57.8816
50010,57.8204
50011,57.7692
50012,57.7256
50013,57.6874
50014,57.6532
50015,57.6224
50016,57.5963
50017,57.5778
50018,57.5714
50019,57.5825
50020,57.6163
50021,57.6765
50022,57.7643
50023,57.8774
50024,58.0102
50025,58.1541
50026,58.2986
50027,58.4332
50028,58.5489
50029,58.6391
50030,58.7002
50031,58.7313
50032,58.7337
50033,58.7099
50034,58.6628
50035,58.5957
50036,58.5119
50037,58.4149
50038,58.3086
50039,58.197
50040,58.0843
50041,57.9749
50042,57.873
50043,57.783
50044,57.7096
50045,57.6573
50046,57.6307
50047,57.6339
50048,57.6701
50049,57.7406
50050,57.8445
50051,57.9784
50052,58.1367
50053,58.3119
50054,58.4963
50055,58.6823
50056,58.8639
50057,59.0374
50058,59.2014
50059,59.3573
50060,59.508
50061,59.6575
50062,59.8091
50063,59.9649
50064,60.1245
50065,60.2846
50066,60.4386
50067,60.5767
50068,60.6868
50069,60.7551
50070,60.7681
50071,60.7145
50072,60.5869
50073,60.3832
50074,60.1071
50075,59.768
50076,59.3806
50077,58.9626
50078,58.5338
50079,58.1139
50080,57.7213
50081,57.3724
50082,57.0805
50083,56.8559
50084,56.7053
50085,56.6323
50086,56.6368
50087,56.7155
50088,56.8617
50089,57.0657
50090,57.3154
50091,57.5968
50092,57.8947
50093,58.1936
50094,58.4785
50095,58.7351
50096,58.9512
50097,59.1164
50098,59.2235
50099,59.2684
50100,59.2511
50101,59.1752
50102,59.0477
50103,58.8785
50104,58.6789
50105,58.461
50106,58.2364
50107,58.0158
50108,57.8078
50109,57.6191
50110,57.4543
50111,57.3157
50112,57.204
50113,57.1184
50114,57.0582
50115,57.0226
50116,57.0118
50117,57.0272
50118,57.0707
50119,57.1441
50120,57.2481
50121,57.3805
50122,57.5359
50123,57.7049
50124,57.8753
50125,58.0331
50126,58.1647
50127,58.2593
50128,58.3105
50129,58.3177
50130,58.2861
50131,58.2263
50132,58.1524
50133,58.0805
50134,58.0264
50135,58.0033
50136,58.021
50137,58.0844
50138,58.193
50139,58.3413
50140,58.519
50141,58.7122
50142,58.9041
50143,59.0774
50144,59.2155
50145,59.3044
50146,59.334
50147,59.299
50148,59.1997
50149,59.0421
50150,58.8371
50151,58.6004
50152,58.3505
50153,58.1075
50154,57.8909
50155,57.7182
50156,57.6028
50157,57.5531
50158,57.5714
50159,57.6545
50160,57.7935
50161,57.975
50162,58.1826
50163,58.3985
50164,58.6058
50165,58.7901
50166,58.9411
50167,59.0536
50168,59.1274
50169,59.1669
50170,59.1799
50171,59.1764
50172,59.1669
50173,59.1613
50174,59.1679
50175,59.1929
50176,59.2399
50177,59.3098
50178,59.4004
50179,59.5065
50180,59.6196
50181,59.7287
50182,59.8206
50183,59.8812
50184,59.897
50185,59.8568
50186,59.7531
50187,59.5836
50188,59.3516
50189,59.0663
50190,58.7416
50191,58.3952
50192,58.0466
50193,57.7156
50194,57.4212
50195,57.18
50196,57.0053
50197,56.9069
50198,56.8896
50199,56.9528
50200,57.0903
50201,57.2906
50202,57.5374
50203,57.8114
50204,58.0914
50205,58.3565
50206,58.5876
50207,58.7692
50208,58.8906
50209,58.9471
50210,58.9402
50211,58.8774
50212,58.7712
50213,58.6374
50214,58.4932
50215,58.3549
50216,58.2359
50217,58.1456
50218,58.0883
50219,58.0637
50220,58.0677
50221,58.0934
50222,58.1321
50223,58.1748
50224,58.2126
50225,58.238
50226,58.2453
50227,58.2307
50228,58.1931
50229,58.1336
50230,58.0556
50231,57.9646
50232,57.8675
50233,57.7723
50234,57.6871
50235,57.6194
50236,57.5753
50237,57.559
50238,57.5721
50239,57.6129
50240,57.6774
50241,57.759
50242,57.8495
50243,57.9406
50244,58.0244
50245,58.0948
50246,58.1477
50247,58.1821
50248,58.1995
50249,58.2046
50250,58.2041
50251,58.2066
50252,58.221
50253,58.2556
50254,58.3165
50255,58.4071
50256,58.5269
50257,58.6716
50258,58.8333
50259,59.0014
50260,59.1638
50261,59.3082
50262,59.4239
50263,59.5029
50264,59.5404
50265,59.5347
50266,59.4868
50267,59.3998
50268,59.2778
50269,59.1252
50270,58.9463
50271,58.7453
50272,58.5266
50273,58.295
50274,58.0561
50275,57.8167
50276,57.5846
50277,57.3687
50278,57.1781
50279,57.0219
50280,56.9086
50281,56.8447
50282,56.834
50283,56.8769
50284,56.9694
50285,57.1031
50286,57.2657
50287,57.4421
50288,57.6159
50289,57.7715
50290,57.8957
50291,57.9789
50292,58.0165
50293,58.0084
50294,57.9588
50295,57.8749
50296,57.766
50297,57.6415
50298,57.5101
50299,57.379
50300,57.253
50301,57.1349
50302,57.0257
50303,56.9254
50304,56.8337
50305,56.7512
50306,56.6799
50307,56.6241
50308,56.5898
50309,56.5842
50310,56.6143
50311,56.6852
50312,56.7984
50313,56.9508
50314,57.1346
50315,57.3373
50316,57.544
50317,57.7383
50318,57.9048
50319,58.0311
50320,58.1086
50321,58.1344
50322,58.111
50323,58.0459
50324,57.9512
50325,57.8412
50326,57.7311
50327,57.6352
50328,57.565
50329,57.5287
50330,57.5301
50331,57.5689
50332,57.6406
50333,57.7368
50334,57.8467
50335,57.958
50336,58.0591
50337,58.1403
50338,58.1961
50339,58.2254
50340,58.2325
50341,58.2257
50342,58.2158
50343,58.2141
50344,58.2298
50345,58.2687
50346,58.3316
50347,58.415
50348,58.5108
50349,58.6085
50350,58.6961
50351,58.7621
50352,58.7969
50353,58.7942
50354,58.7511
50355,58.6697
50356,58.556
50357,58.4204
50358,58.2766
50359,58.1404
50360,58.0284
50361,57.9561
50362,57.9363
50363,57.9776
50364,58.083
50365,58.2497
50366,58.468
50367,58.7227
50368,58.9934
50369,59.2564
50370,59.4868
50371,59.6613
50372,59.7604
50373,59.7709
50374,59.687
50375,59.5115
50376,59.2547
50377,58.9335
50378,58.5691
50379,58.1853
50380,57.8059
50381,57.4535
50382,57.1478
50383,56.9049
50384,56.7365
50385,56.6492
50386,56.644
50387,56.7161
50388,56.8557
50389,57.0483
50390,57.2763
50391,57.5206
50392,57.7617
50393,57.9823
50394,58.1677
50395,58.3077
50396,58.3968
50397,58.4344
50398,58.4249
50399,58.3762
50400,49.5991
50401,49.5192
50402,49.4354
50403,49.3568
50404,49.2908
50405,49.2425
50406,49.2149
50407,49.2084
50408,49.2218
50409,49.2523
50410,49.2962
50411,49.3495
50412,49.4084
50413,49.4698
50414,49.5307
50415,49.5888
50416,49.6417
50417,49.6868
50418,49.721
50419,49.7408
50420,49.7422
50421,49.7215
50422,49.6758
50423,49.6038
50424,49.5062
50425,49.386
50426,49.2493
50427,49.1041
50428,48.9604
50429,48.829
50430,48.7204
50431,48.6438
50432,48.6061
50433,48.6107
50434,48.6576
50435,48.7427
50436,48.8583
50437,48.9944
50438,49.1388
50439,49.2792
50440,49.403
50441,49.4991
50442,49.5578
50443,49.5719
50444,49.5374
50445,49.4543
50446,49.3267
50447,49.1631
50448,48.9759
50449,48.7805
50450,48.5935
50451,48.4318
50452,48.3101
50453,48.2401
50454,48.2291
50455,48.2791
50456,48.3868
50457,48.5444
50458,48.7402
50459,48.9595
50460,49.1863
50461,49.404
50462,49.5971
50463,49.7515
50464,49.856
50465,49.9029
50466,49.8885
50467,49.8132
50468,49.6814
50469,49.5017
50470,49.2856
50471,49.0472
50472,48.8019
50473,48.5654
50474,48.3524
50475,48.1758
50476,48.0453
50477,47.9676
50478,47.9459
50479,47.9801
50480,48.0671
50481,48.2011
50482,48.3745
50483,48.5779
50484,48.8007
50485,49.0317
50486,49.259
50487,49.4711
50488,49.6568
50489,49.8063
50490,49.9114
50491,49.966
50492,49.967
50493,49.9139
50494,49.8097
50495,49.6599
50496,49.4731
50497,49.2593
50498,49.0299
50499,48.7962
50500,48.5688
50501,48.3571
50502,48.1684
50503,48.0082
50504,47.8798
50505,47.7846
50506,47.7229
50507,47.6935
50508,47.6952
50509,47.7262
50510,47.785
50511,47.8702
50512,47.9804
50513,48.1134
50514,48.2665
50515,48.4357
50516,48.6159
50517,48.8013
50518,48.9856
50519,49.163
50520,49.3283
50521,49.4779
50522,49.6094
50523,49.7218
50524,49.815
50525,49.8894
50526,49.9453
50527,49.9827
50528,50.0006
50529,49.9976
50530,49.9722
50531,49.9232
50532,49.8504
50533,49.7551
50534,49.6404
50535,49.5112
50536,49.374
50537,49.2368
50538,49.1084
50539,48.9978
50540,48.9136
50541,48.8628
50542,48.8511
50543,48.8819
50544,48.9564
50545,49.0736
50546,49.2303
50547,49.4212
50548,49.6386
50549,49.8733
50550,50.114
50551,50.3475
50552,50.56
50553,50.7371
50554,50.8656
50555,50.9345
50556,50.9364
50557,50.8686
50558,50.7335
50559,50.5394
50560,50.299
50561,50.0291
50562,49.7485
50563,49.4761
50564,49.2301
50565,49.0256
50566,48.8746
50567,48.7847
50568,48.7594
50569,48.7981
50570,48.8961
50571,49.0456
50572,49.2359
50573,49.4545
50574,49.6877
50575,49.9221
50576,50.1452
50577,50.3465
50578,50.5187
50579,50.6575
50580,50.7613
50581,50.831
50582,50.8693
50583,50.8797
50584,50.8664
50585,50.8337
50586,50.7859
50587,50.7274
50588,50.6621
50589,50.5934
50590,50.524
50591,50.4555
50592,50.3892
50593,50.3263
50594,50.2682
50595,50.2171
50596,50.1757
50597,50.1473
50598,50.1349
50599,50.1406
50600,50.1652
50601,50.2074
50602,50.2638
50603,50.329
50604,50.3961
50605,50.4573
50606,50.5044
50607,50.5293
50608,50.5241
50609,50.4822
50610,50.3983
50611,50.2698
50612,50.0973
50613,49.8853
50614,49.6423
50615,49.3807
50616,49.116
50617,48.8658
50618,48.6483
50619,48.4806
50620,48.3768
50621,48.3469
50622,48.3952
50623,48.5201
50624,48.7145
50625,48.9662
50626,49.2594
50627,49.5758
50628,49.8961
50629,50.201
50630,50.4727
50631,50.695
50632,50.8548
50633,50.9426
50634,50.9534
50635,50.8873
50636,50.7498
50637,50.5522
50638,50.3108
50639,50.0458
50640,49.78
50641,49.5364
50642,49.3363
50643,49.1969
50644,49.1301
50645,49.1415
50646,49.2303
50647,49.3902
50648,49.61
50649,49.8745
50650,50.1662
50651,50.4658
50652,50.7534
50653,51.0104
50654,51.2203
50655,51.3706
50656,51.4534
50657,51.4659
50658,51.4103
50659,51.2928
50660,51.1229
50661,50.9122
50662,50.6734
50663,50.4192
50664,50.1618
50665,49.9121
50666,49.6798
50667,49.4728
50668,49.2977
50669,49.1591
50670,49.06
50671,49.0012
50672,48.9806
50673,48.9934
50674,49.032
50675,49.0866
50676,49.1462
50677,49.2001
50678,49.2396
50679,49.2584
50680,49.2536
50681,49.2261
50682,49.1793
50683,49.1196
50684,49.0546
50685,48.9928
50686,48.9422
50687,48.909
50688,48.8976
50689,48.9094
50690,48.9433
50691,48.9964
50692,49.0641
50693,49.141
50694,49.2223
50695,49.3035
50696,49.3813
50697,49.4538
50698,49.5197
50699,49.579
50700,49.6318
50701,49.6788
50702,49.721
50703,49.7594
50704,49.795
50705,49.8289
50706,49.8621
50707,49.8951
50708,49.9279
50709,49.9601
50710,49.9903
50711,50.0167
50712,50.0365
50713,50.0466
50714,50.0435
50715,50.0236
50716,49.9836
50717,49.9208
50718,49.8334
50719,49.721
50720,49.5851
50721,49.4296
50722,49.2607
50723,49.0875
50724,48.9205
50725,48.7712
50726,48.6503
50727,48.5671
50728,48.5283
50729,48.5375
50730,48.5953
50731,48.6991
50732,48.8439
50733,49.022
50734,49.2245
50735,49.4408
50736,49.6594
50737,49.8691
50738,50.059
50739,50.2204
50740,50.3473
50741,50.4373
50742,50.4918
50743,50.5156
50744,50.5159
50745,50.5011
50746,50.4793
50747,50.457
50748,50.4381
50749,50.4238
50750,50.4126
50751,50.4011
50752,50.3853
50753,50.3616
50754,50.3278
50755,50.284
50756,50.2317
50757,50.174
50758,50.1141
50759,50.0551
50760,49.9988
50761,49.9456
50762,49.8948
50763,49.8451
50764,49.7951
50765,49.7443
50766,49.6932
50767,49.6441
50768,49.6001
50769,49.5653
50770,49.5435
50771,49.5378
50772,49.5503
50773,49.5812
50774,49.6291
50775,49.6903
50776,49.7593
50777,49.8292
50778,49.8919
50779,49.9398
50780,49.9661
50781,49.9658
50782,49.9364
50783,49.878
50784,49.7932
50785,49.6867
50786,49.5643
50787,49.4323
50788,49.2968
50789,49.1624
50790,49.0326
50791,48.9091
50792,48.7924
50793,48.6818
50794,48.5764
50795,48.476
50796,48.3814
50797,48.2957
50798,48.224
50799,48.1736
50800,48.1531
50801,48.1715
50802,48.2369
50803,48.3549
50804,48.5282
50805,48.7553
50806,49.0308
50807,49.3453
50808,49.6859
50809,50.0374
50810,50.3832
50811,50.706
50812,50.9897
50813,51.22
50814,51.3855
50815,51.4782
50816,51.4942
50817,51.4335
50818,51.3002
50819,51.1022
50820,50.8509
50821,50.5603
50822,50.2461
50823,49.9246
50824,49.6116
50825,49.3213
50826,49.0658
50827,48.854
50828,48.6922
50829,48.5835
50830,48.5285
50831,48.5251
50832,48.5695
50833,48.6556
50834,48.7755
50835,48.9202
50836,49.0793
50837,49.2424
50838,49.3994
50839,49.5414
50840,49.6612
50841,49.7539
50842,49.8169
50843,49.8503
50844,49.8563
50845,49.8392
50846,49.8045
50847,49.7587
50848,49.7081
50849,49.6584
50850,49.6139
50851,49.5773
50852,49.5497
50853,49.5305
50854,49.518
50855,49.5098
50856,49.5039
50857,49.4985
50858,49.4929
50859,49.4867
50860,49.4798
50861,49.4719
50862,49.4621
50863,49.449
50864,49.4305
50865,49.4045
50866,49.3687
50867,49.3212
50868,49.2606
50869,49.1866
50870,49.0995
50871,49.0012
50872,48.8946
50873,48.7844
50874,48.6766
50875,48.5785
50876,48.4986
50877,48.4459
50878,48.429
50879,48.4552
50880,48.5296
50881,48.6543
50882,48.8269
50883,49.0411
50884,49.286
50885,49.5477
50886,49.81
50887,50.0564
50888,50.2716
50889,50.4432
50890,50.563
50891,50.627
50892,50.6363
50893,50.5963
50894,50.5156
50895,50.4054
50896,50.2775
50897,50.1432
50898,50.0118
50899,49.8903
50900,49.7828
50901,49.6917
50902,49.6173
50903,49.5592
50904,49.5165
50905,49.4885
50906,49.4744
50907,49.474
50908,49.4873
50909,49.5145
50910,49.5555
50911,49.6097
50912,49.6753
50913,49.7495
50914,49.8283
50915,49.907
50916,49.9804
50917,50.044
50918,50.0942
50919,50.129
50920,50.1482
50921,50.1536
50922,50.1479
50923,50.1346
50924,50.1173
50925,50.0988
50926,50.0807
50927,50.0635
50928,50.0462
50929,50.027
50930,50.0033
50931,49.9729
50932,49.9337
50933,49.8851
50934,49.8277
50935,49.7636
50936,49.6963
50937,49.6297
50938,49.5675
50939,49.5131
50940,49.4682
50941,49.4335
50942,49.4081
50943,49.3905
50944,49.3783
50945,49.3693
50946,49.362
50947,49.3555
50948,49.35
50949,49.3466
50950,49.347
50951,49.3535
50952,49.3686
50953,49.3941
50954,49.4316
50955,49.4815
50956,49.5426
50957,49.6124
50958,49.6864
50959,49.759
50960,49.8241
50961,49.8756
50962,49.9081
50963,49.918
50964,49.9034
50965,49.8649
50966,49.8055
50967,49.7309
50968,49.6489
50969,49.5687
50970,49.5
50971,49.4518
50972,49.4311
50973,49.4416
50974,49.4832
50975,49.5522
50976,49.6413
50977,49.741
50978,49.8405
50979,49.9289
50980,49.9966
50981,50.0356
50982,50.0406
50983,50.0094
50984,49.9429
50985,49.8454
50986,49.7239
50987,49.587
50988,49.4439
50989,49.3033
50990,49.172
50991,49.055
50992,48.9554
50993,48.8749
50994,48.8145
50995,48.7749
50996,48.7576
50997,48.7637
50998,48.7947
50999,48.8511
51000,48.9325
51001,49.0372
51002,49.1622
51003,49.3038
51004,49.4574
51005,49.618
51006,49.7797
51007,49.9365
51008,50.0818
51009,50.2088
51010,50.3111
51011,50.3829
51012,50.4197
51013,50.4184
51014,50.3786
51015,50.3024
51016,50.1949
51017,50.0638
51018,49.9189
51019,49.7707
51020,49.6298
51021,49.5055
51022,49.4051
51023,49.3339
51024,49.2943
51025,49.286
51026,49.3061
51027,49.3487
51028,49.406
51029,49.468
51030,49.5243
51031,49.5645
51032,49.5793
51033,49.562
51034,49.5091
51035,49.4206
51036,49.3007
51037,49.1567
51038,48.9993
51039,48.8405
51040,48.6931
51041,48.569
51042,48.4787
51043,48.4306
51044,48.4309
51045,48.4835
51046,48.5899
51047,48.7489
51048,48.956
51049,49.2036
51050,49.4806
51051,49.7732
51052,50.0652
51053,50.3393
51054,50.5782
51055,50.7658
51056,50.8893
51057,50.9402
51058,50.9154
51059,50.8178
51060,50.6564
51061,50.4452
51062,50.2018
51063,49.946
51064,49.697
51065,49.4722
51066,49.2849
51067,49.1437
51068,49.0523
51069,49.0095
51070,49.0103
51071,49.0467
51072,49.1093
51073,49.188
51074,49.2731
51075,49.3564
51076,49.4313
51077,49.4937
51078,49.5416
51079,49.5751
51080,49.5959
51081,49.6072
51082,49.6129
51083,49.6178
51084,49.6264
51085,49.6426
51086,49.6691
51087,49.7066
51088,49.7532
51089,49.8048
51090,49.8549
51091,49.8961
51092,49.9206
51093,49.9224
51094,49.8977
51095,49.8466
51096,49.7726
51097,49.6827
51098,49.5864
51099,49.4945
51100,49.4174
51101,49.3635
51102,49.3383
51103,49.3429
51104,49.3741
51105,49.4249
51106,49.4847
51107,49.5415
51108,49.5835
51109,49.6005
51110,49.5862
51111,49.5388
51112,49.4619
51113,49.3636
51114,49.2551
51115,49.1495
51116,49.0592
51117,48.9953
51118,48.9658
51119,48.9755
51120,49.026
51121,49.1157
51122,49.2405
51123,49.3945
51124,49.5703
51125,49.7598
51126,49.955
51127,50.1488
51128,50.3352
51129,50.5104
51130,50.6727
51131,50.822
51132,50.9602
51133,51.0898
51134,51.2137
51135,51.3343
51136,51.4536
51137,51.5724
51138,51.6901
51139,51.8052
51140,51.9144
51141,52.0134
51142,52.0968
51143,52.1586
51144,52.1932
51145,52.1955
51146,52.1623
51147,52.0926
51148,51.9883
51149,51.8542
51150,51.6978
51151,51.5281
51152,51.3547
51153,51.1866
51154,51.0313
51155,50.8939
51156,50.777
51157,50.6804
51158,50.6011
51159,50.5346
51160,50.4749
51161,50.4157
51162,50.3512
51163,50.2767
51164,50.1889
51165,50.0861
51166,49.9689
51167,49.8393
51168,49.701
51169,49.5588
51170,49.4177
51171,49.2828
51172,49.1589
51173,49.0507
51174,48.9628
51175,48.8997
51176,48.8661
51177,48.8659
51178,48.9013
51179,48.9717
51180,49.0735
51181,49.199
51182,49.3374
51183,49.476
51184,49.6016
51185,49.7029
51186,49.772
51187,49.8056
51188,49.8054
51189,49.7775
51190,49.7307
51191,49.6755
51192,49.6213
51193,49.575
51194,49.5402
51195,49.5164
51196,49.4996
51197,49.4836
51198,49.4613
51199,49.4268
51200,49.3763
51201,49.3095
51202,49.2301
51203,49.1453
51204,49.0653
51205,49.0019
51206,48.9664
51207,48.9685
51208,49.0142
51209,49.1049
51210,49.2368
51211,49.4014
51212,49.5861
51213,49.7754
51214,49.9527
51215,50.1019
51216,50.2094
51217,50.2648
51218,50.2633
51219,50.2054
51220,50.0978
51221,49.9524
51222,49.785
51223,49.6136
51224,49.4559
51225,49.3276
51226,49.2409
51227,49.2034
51228,49.2175
51229,49.2806
51230,49.3853
51231,49.5204
51232,49.6716
51233,49.8231
51234,49.9587
51235,50.0633
51236,50.124
51237,50.1319
51238,50.0834
51239,49.9807
51240,49.8326
51241,49.6534
51242,49.4616
51243,49.2775
51244,49.1209
51245,49.0079
51246,48.9497
51247,48.9507
51248,49.0085
51249,49.1148
51250,49.2569
51251,49.4196
51252,49.5874
51253,49.7468
51254,49.8879
51255,50.0055
51256,50.0992
51257,50.173
51258,50.2341
51259,50.2909
51260,50.352
51261,50.4237
51262,50.5098
51263,50.6104
51264,50.7223
51265,50.8393
51266,50.9535
51267,51.0558
51268,51.1371
51269,51.1892
51270,51.2058
51271,51.1821
51272,51.1158
51273,51.0067
51274,50.8565
51275,50.6693
51276,50.4509
51277,50.2085
51278,49.9508
51279,49.6866
51280,49.4249
51281,49.174
51282,48.9413
51283,48.7326
51284,48.5528
51285,48.4051
51286,48.292
51287,48.215
51288,48.1745
51289,48.1701
51290,48.2002
51291,48.2617
51292,48.3505
51293,48.4614
51294,48.5891
51295,48.728
51296,48.8734
51297,49.0206
51298,49.1662
51299,49.307
51300,49.4405
51301,49.565
51302,49.6787
51303,49.7799
51304,49.8659
51305,49.9331
51306,49.9764
51307,49.9895
51308,49.966
51309,49.8998
51310,49.7873
51311,49.6278
51312,49.4244
51313,49.1846
51314,48.9196
51315,48.6438
51316,48.3733
51317,48.1246
51318,47.9136
51319,47.7537
51320,47.6555
51321,47.6257
51322,47.6667
51323,47.7765
51324,47.9485
51325,48.172
51326,48.4329
51327,48.7142
51328,48.9976
51329,49.2648
51330,49.4988
51331,49.6859
51332,49.8171
51333,49.8886
51334,49.9026
51335,49.8664
51336,49.7919
51337,49.6938
51338,49.5885
51339,49.4917
51340,49.4175
51341,49.3763
51342,49.3743
51343,49.4126
51344,49.4878
51345,49.5921
51346,49.7149
51347,49.8441
51348,49.968
51349,50.076
51350,50.1601
51351,50.2147
51352,50.2372
51353,50.2273
51354,50.187
51355,50.1199
51356,50.0314
51357,49.9283
51358,49.8185
51359,49.7107
51360,49.6139
51361,49.5365
51362,49.485
51363,49.4633
51364,49.4717
51365,49.5063
51366,49.5591
51367,49.6185
51368,49.671
51369,49.7029
51370,49.7022
51371,49.6603
51372,49.5735
51373,49.4437
51374,49.2783
51375,49.0893
51376,48.8921
51377,48.7032
51378,48.5385
51379,48.4109
51380,48.3287
51381,48.2952
51382,48.3083
51383,48.3614
51384,48.4444
51385,48.5456
51386,48.6526
51387,48.7544
51388,48.842
51389,48.9091
51390,48.9529
51391,48.9736
51392,48.974
51393,48.9598
51394,48.9388
51395,48.9202
51396,48.9142
51397,48.9307
51398,48.978
51399,49.0623
51400,49.1862
51401,49.3482
51402,49.5435
51403,49.763
51404,49.9948
51405,50.2248
51406,50.438
51407,50.6199
51408,50.7579
51409,50.8423
51410,50.8672
51411,50.8305
51412,50.7338
51413,50.5819
51414,50.3823
51415,50.1446
51416,49.8795
51417,49.599
51418,49.3159
51419,49.043
51420,48.7928
51421,48.5772
51422,48.406
51423,48.287
51424,48.2249
51425,48.2214
51426,48.2745
51427,48.3794
51428,48.5279
51429,48.7102
51430,48.9148
51431,49.1305
51432,49.3464
51433,49.5535
51434,49.7447
51435,49.9154
51436,50.0629
51437,50.1866
51438,50.2867
51439,50.3639
51440,50.419
51441,50.4522
51442,50.4633
51443,50.4513
51444,50.4148
51445,50.3522
51446,50.2616
51447,50.1415
51448,49.991
51449,49.8107
51450,49.6028
51451,49.3725
51452,49.1277
51453,48.8789
51454,48.639
51455,48.4217
51456,48.2407
51457,48.1078
51458,48.0321
51459,48.0192
51460,48.0701
51461,48.1815
51462,48.3456
51463,48.5504
51464,48.7806
51465,49.0193
51466,49.2487
51467,49.453
51468,49.6194
51469,49.7395
51470,49.8102
51471,49.8338
51472,49.8169
51473,49.7697
51474,49.7044
51475,49.6337
51476,49.57
51477,49.5238
51478,49.5036
51479,49.5151
51480,49.5612
51481,49.6425
51482,49.7571
51483,49.9013
51484,50.0699
51485,50.2559
51486,50.4515
51487,50.6478
51488,50.8356
51489,51.0058
51490,51.1504
51491,51.2624
51492,51.3367
51493,51.3694
51494,51.3584
51495,51.3028
51496,51.2024
51497,51.0584
51498,50.8732
51499,50.6512
51500,50.3987
51501,50.1245
51502,49.839
51503,49.5543
51504,49.2824
51505,49.0348
51506,48.8211
51507,48.6486
51508,48.5219
51509,48.4432
51510,48.4122
51511,48.4265
51512,48.482
51513,48.573
51514,48.6928
51515,48.8345
51516,48.9912
51517,49.1569
51518,49.3266
51519,49.4964
51520,49.6633
51521,49.8249
51522,49.979
51523,50.123
51524,50.2541
51525,50.3695
51526,50.4666
51527,50.544
51528,50.6015
51529,50.6404
51530,50.6628
51531,50.6711
51532,50.6668
51533,50.6502
51534,50.6199
51535,50.5736
51536,50.5084
51537,50.4217
51538,50.3121
51539,50.1803
51540,50.0293
51541,49.8645
51542,49.6937
51543,49.5256
51544,49.3697
51545,49.2341
51546,49.1251
51547,49.0462
51548,48.9974
51549,48.9754
51550,48.9742
51551,48.9855
51552,49.0
51553,49.0089
51554,49.0046
51555,48.9819
51556,48.9386
51557,48.8756
51558,48.7972
51559,48.7105
51560,48.6245
51561,48.5491
51562,48.4938
51563,48.4669
51564,48.4743
51565,48.5193
51566,48.6016
51567,48.7175
51568,48.8598
51569,49.0186
51570,49.1815
51571,49.3353
51572,49.467
51573,49.5651
51574,49.6214
51575,49.6312
51576,49.5942
51577,49.5146
51578,49.4002
51579,49.262
51580,49.1127
51581,48.9655
51582,48.8334
51583,48.7275
51584,48.6569
51585,48.6277
51586,48.6432
51587,48.7035
51588,48.806
51589,48.9451
51590,49.1125
51591,49.2978
51592,49.4889
51593,49.6735
51594,49.8394
51595,49.9768
51596,50.0787
51597,50.1422
51598,50.1682
51599,50.1618
51600,50.1312
51601,50.0863
51602,50.0378
51603,49.9956
51604,49.9676
51605,49.9592
51606,49.9726
51607,50.0072
51608,50.0595
51609,50.1239
51610,50.1928
51611,50.2578
51612,50.3101
51613,50.3417
51614,50.3461
51615,50.3199
51616,50.2637
51617,50.183
51618,50.088
51619,49.9929
51620,49.9142
51621,49.8681
51622,49.8674
51623,49.9197
51624,50.0249
51625,50.1756
51626,50.3572
51627,50.5499
51628,50.7316
51629,50.8801
51630,50.9766
51631,51.0075
51632,50.9661
51633,50.8532
51634,50.6769
51635,50.4516
51636,50.1963
51637,49.9324
51638,49.6816
51639,49.4639
51640,49.2951
51641,49.1861
51642,49.1419
51643,49.1616
51644,49.2391
51645,49.3639
51646,49.5223
51647,49.6989
51648,49.8781
51649,50.0452
51650,50.1878
51651,50.296
51652,50.3635
51653,50.3878
51654,50.3698
51655,50.3141
51656,50.2274
51657,50.1185
51658,49.9965
51659,49.8707
51660,49.7496
51661,49.641
51662,49.5519
51663,49.4879
51664,49.4534
51665,49.4507
51666,49.4803
51667,49.5403
51668,49.6264
51669,49.7327
51670,49.8521
51671,49.9771
51672,50.1007
51673,50.2169
51674,50.3215
51675,50.4117
51676,50.4865
51677,50.5463
51678,50.5923
51679,50.6262
51680,50.6501
51681,50.6663
51682,50.6769
51683,50.6844
51684,50.691
51685,50.699
51686,50.71
51687,50.7249
51688,50.7434
51689,50.7644
51690,50.7856
51691,50.8042
51692,50.8164
51693,50.8185
51694,50.8059
51695,50.7742
51696,50.7185
51697,50.6346
51698,50.519
51699,50.3705
51700,50.1903
51701,49.9827
51702,49.7555
51703,49.5195
51704,49.288
51705,49.0759
51706,48.8985
51707,48.7694
51708,48.6997
51709,48.6959
51710,48.7599
51711,48.8884
51712,49.0727
51713,49.3
51714,49.5542
51715,49.8172
51716,50.071
51717,50.299
51718,50.4876
51719,50.6274
51720,50.7136
51721,50.7461
51722,50.7288
51723,50.6692
51724,50.5769
51725,50.4634
51726,50.3404
51727,50.2191
51728,50.1096
51729,50.0196
51730,49.9547
51731,49.9177
51732,49.9088
51733,49.9262
51734,49.9658
51735,50.0217
51736,50.0865
51737,50.1514
51738,50.2072
51739,50.2453
51740,50.259
51741,50.2448
51742,50.2028
51743,50.1374
51744,50.0566
51745,49.9711
51746,49.8927
51747,49.8323
51748,49.7986
51749,49.7964
51750,49.8262
51751,49.8841
51752,49.9617
51753,50.0477
51754,50.1291
51755,50.1931
51756,50.2285
51757,50.2272
51758,50.1851
51759,50.1027
51760,49.9846
51761,49.8394
51762,49.6789
51763,49.5169
51764,49.368
51765,49.2463
51766,49.1638
51767,49.1291
51768,49.1467
51769,49.216
51770,49.3318
51771,49.4844
51772,49.6607
51773,49.8452
51774,50.0218
51775,50.1754
51776,50.2934
51777,50.3669
51778,50.3916
51779,50.3673
51780,50.298
51781,50.1905
51782,50.0537
51783,49.8975
51784,49.7316
51785,49.5654
51786,49.4068
51787,49.2627
51788,49.1381
51789,49.0363
51790,48.9587
51791,48.9047
51792,48.8715
51793,48.8546
51794,48.849
51795,48.8495
51796,48.8522
51797,48.8546
51798,48.8563
51799,48.858
51800,48.861
51801,48.866
51802,48.8722
51803,48.8769
51804,48.8759
51805,48.8646
51806,48.8387
51807,48.7963
51808,48.7387
51809,48.6705
51810,48.5998
51811,48.537
51812,48.4929
51813,48.4771
51814,48.4965
51815,48.5538
51816,48.6473
51817,48.7708
51818,48.9142
51819,49.0647
51820,49.2083
51821,49.3316
51822,49.4232
51823,49.4753
51824,49.4848
51825,49.4533
51826,49.3868
51827,49.2942
51828,49.1864
51829,49.0749
51830,48.9704
51831,48.8821
51832,48.8168
51833,48.7791
51834,48.7709
51835,48.7923
51836,48.8419
51837,48.9172
51838,49.0148
51839,49.1307
51840,49.2603
51841,49.3985
51842,49.5407
51843,49.6823
51844,49.8197
51845,49.9501
51846,50.0717
51847,50.1837
51848,50.286
51849,50.3794
51850,50.465
51851,50.5441
51852,50.6179
51853,50.687
51854,50.7517
51855,50.8111
51856,50.864
51857,50.9085
51858,50.9421
51859,50.9623
51860,50.9663
51861,50.9516
51862,50.916
51863,50.858
51864,50.7773
51865,50.6745
51866,50.5512
51867,50.41
51868,50.2541
51869,50.0872
51870,49.9131
51871,49.736
51872,49.5596
51873,49.3876
51874,49.2228
51875,49.0676
51876,48.9237
51877,48.7922
51878,48.6741
51879,48.5701
51880,48.4811
51881,48.4082
51882,48.3524
51883,48.315
51884,48.2972
51885,48.3004
51886,48.3256
51887,48.3739
51888,48.4461
51889,48.5425
51890,48.6629
51891,48.8064
51892,48.9717
51893,49.1564
51894,49.3571
51895,49.569
51896,49.7858
51897,49.9993
51898,50.1996
51899,50.3757
51900,50.5164
51901,50.6113
51902,50.6528
51903,50.6366
51904,50.5629
51905,50.4365
51906,50.2665
51907,50.0652
51908,49.8471
51909,49.627
51910,49.4194
51911,49.2365
51912,49.0881
51913,48.9804
51914,48.9158
51915,48.8932
51916,48.9085
51917,48.9551
51918,49.0249
51919,49.1095
51920,49.2004
51921,49.2902
51922,49.3732
51923,49.446
51924,49.5077
51925,49.56
51926,49.6066
51927,49.6525
51928,49.7026
51929,49.7604
51930,49.8272
51931,49.9017
51932,49.9796
51933,50.0548
51934,50.1199
51935,50.1681
51936,50.1935
51937,50.1925
51938,50.1636
51939,50.1078
51940,50.0275
51941,49.9268
51942,49.8104
51943,49.6835
51944,49.5517
51945,49.4206
51946,49.2956
51947,49.1827
51948,49.0877
51949,49.0168
51950,48.9762
51951,48.9716
51952,49.0078
51953,49.0877
51954,49.2119
51955,49.3784
51956,49.5819
51957,49.8142
51958,50.0639
51959,50.3179
51960,50.5612
51961,50.7788
51962,50.9564
51963,51.0817
51964,51.1456
51965,51.1429
51966,51.0732
51967,50.9404
51968,50.7532
51969,50.5238
51970,50.2665
51971,49.9972
51972,49.731
51973,49.4819
51974,49.2618
51975,49.0799
51976,48.9423
51977,48.8522
51978,48.8095
51979,48.8109
51980,48.8509
51981,48.9217
51982,49.0147
51983,49.1211
51984,49.233
51985,49.3439
51986,49.4489
51987,49.5448
51988,49.6297
51989,49.7021
51990,49.761
51991,49.8054
51992,49.8345
51993,49.8483
51994,49.8479
51995,49.8357
51996,49.8158
51997,49.7932
51998,49.7737
51999,49.7629
52000,49.7652
52001,49.7837
52002,49.8192
52003,49.871
52004,49.9362
52005,50.0105
52006,50.089
52007,50.1669
52008,50.2403
52009,50.3072
52010,50.3675
52011,50.423
52012,50.477
52013,50.533
52014,50.594
52015,50.6613
52016,50.7342
52017,50.8099
52018,50.8835
52019,50.9491
52020,51.0005
52021,51.0318
52022,51.0384
52023,51.017
52024,50.9659
52025,50.8855
52026,50.7779
52027,50.6474
52028,50.4997
52029,50.3418
52030,50.181
52031,50.0244
52032,49.8783
52033,49.7477
52034,49.636
52035,49.5448
52036,49.4733
52037,49.4189
52038,49.3766
52039,49.3404
52040,49.3035
52041,49.2601
52042,49.2061
52043,49.1401
52044,49.0643
52045,48.9846
52046,48.9094
52047,48.8492
52048,48.8143
52049,48.8137
52050,48.8538
52051,48.9377
52052,49.0646
52053,49.2302
52054,49.4267
52055,49.6438
52056,49.8689
52057,50.0884
52058,50.2888
52059,50.4583
52060,50.5878
52061,50.6726
52062,50.7121
52063,50.7104
52064,50.6747
52065,50.6147
52066,50.5409
52067,50.463
52068,50.3898
52069,50.328
52070,50.2821
52071,50.255
52072,50.2477
52073,50.2595
52074,50.2882
52075,50.3296
52076,50.378
52077,50.4262
52078,50.4659
52079,50.4886
52080,50.486
52081,50.4512
52082,50.3798
52083,50.2699
52084,50.1227
52085,49.9426
52086,49.7359
52087,49.5111
52088,49.2772
52089,49.0437
52090,48.8201
52091,48.615
52092,48.4365
52093,48.2912
52094,48.1846
52095,48.1201
52096,48.0995
52097,48.1223
52098,48.1862
52099,48.2878
52100,48.4224
52101,48.5854
52102,48.7712
52103,48.9742
52104,49.1877
52105,49.404
52106,49.6148
52107,49.8115
52108,49.986
52109,50.1313
52110,50.2422
52111,50.3156
52112,50.35
52113,50.3459
52114,50.3047
52115,50.229
52116,50.1221
52117,49.988
52118,49.8306
52119,49.6542
52120,49.4629
52121,49.2606
52122,49.0515
52123,48.8396
52124,48.6299
52125,48.4284
52126,48.2418
52127,48.0777
52128,47.9437
52129,47.847
52130,47.7933
52131,47.7866
52132,47.8285
52133,47.9177
52134,48.0504
52135,48.2202
52136,48.4187
52137,48.6359
52138,48.8612
52139,49.0841
52140,49.2952
52141,49.4867
52142,49.6533
52143,49.7918
52144,49.9019
52145,49.9854
52146,50.0458
52147,50.0875
52148,50.1143
52149,50.1296
52150,50.135
52151,50.1309
52152,50.1172
52153,50.0938
52154,50.0613
52155,50.0221
52156,49.9796
52157,49.9382
52158,49.9022
52159,49.8755
52160,49.8605
52161,49.8581
52162,49.8673
52163,49.8857
52164,49.9096
52165,49.935
52166,49.9579
52167,49.975
52168,49.9836
52169,49.9816
52170,49.9668
52171,49.9368
52172,49.8886
52173,49.8186
52174,49.7234
52175,49.6006
52176,49.4498
52177,49.2735
52178,49.0772
52179,48.8693
52180,48.6605
52181,48.4621
52182,48.2848
52183,48.1378
52184,48.0275
52185,47.9576
52186,47.9291
52187,47.9411
52188,47.9916
52189,48.0781
52190,48.1981
52191,48.349
52192,48.5276
52193,48.7295
52194,48.9482
52195,49.1746
52196,49.3966
52197,49.6001
52198,49.7699
52199,49.8916
52200,49.9536
52201,49.9488
52202,49.8759
52203,49.7399
52204,49.552
52205,49.3283
52206,49.0882
52207,48.8529
52208,48.6426
52209,48.4752
52210,48.3644
52211,48.3194
52212,48.344
52213,48.4372
52214,48.5937
52215,48.8044
52216,49.0577
52217,49.3399
52218,49.6358
52219,49.9296
52220,50.2057
52221,50.4496
52222,50.6488
52223,50.7941
52224,50.8796
52225,50.904
52226,50.8707
52227,50.7878
52228,50.6675
52229,50.5253
52230,50.3783
52231,50.2436
52232,50.1368
52233,50.07
52234,50.0511
52235,50.0833
52236,50.1651
52237,50.2911
52238,50.4524
52239,50.6382
52240,50.8361
52241,51.0331
52242,51.2164
52243,51.3741
52244,51.4957
52245,51.5729
52246,51.5997
52247,51.5731
52248,51.4937
52249,51.3654
52250,51.1958
52251,50.9955
52252,50.7768
52253,50.5532
52254,50.3379
52255,50.1428
52256,49.978
52257,49.8507
52258,49.7654
52259,49.7229
52260,49.7211
52261,49.7554
52262,49.8191
52263,49.9044
52264,50.0037
52265,50.1094
52266,50.215
52267,50.3145
52268,50.4027
52269,50.4748
52270,50.5255
52271,50.5493
52272,50.5399
52273,50.4909
52274,50.3965
52275,50.2526
52276,50.0577
52277,49.8138
52278,49.5265
52279,49.2055
52280,48.8641
52281,48.5186
52282,48.1873
52283,47.8895
52284,47.644
52285,47.4671
52286,47.3712
52287,47.3637
52288,47.4462
52289,47.6142
52290,47.8577
52291,48.1615
52292,48.5065
52293,48.8709
52294,49.2319
52295,49.5672
52296,49.8566
52297,50.0836
52298,50.237
52299,50.3117
52300,50.309
52301,50.2364
52302,50.1063
52303,49.9348
52304,49.7397
52305,49.5383
52306,49.3461
52307,49.1754
52308,49.0342
52309,48.9264
52310,48.8526
52311,48.8099
52312,48.7937
52313,48.7979
52314,48.8158
52315,48.8406
52316,48.8663
52317,48.8886
52318,48.9058
52319,48.9189
52320,48.9317
52321,48.951
52322,48.9851
52323,49.0427
52324,49.132
52325,49.259
52326,49.4271
52327,49.6364
52328,49.8838
52329,50.1632
52330,50.466
52331,50.7815
52332,51.0975
52333,51.4011
52334,51.679
52335,51.9188
52336,52.1093
52337,52.2418
52338,52.3098
52339,52.3099
52340,52.2415
52341,52.107
52342,51.9115
52343,51.6631
52344,51.3731
52345,51.0559
52346,50.7282
52347,50.4086
52348,50.1161
52349,49.8678
52350,49.6774
52351,49.5533
52352,49.4976
52353,49.5058
52354,49.5671
52355,49.6661
52356,49.784
52357,49.9012
52358,49.9991
52359,50.0627
52360,50.082
52361,50.0532
52362,49.9792
52363,49.869
52364,49.7364
52365,49.5986
52366,49.4734
52367,49.3777
52368,49.325
52369,49.3243
52370,49.3783
52371,49.4836
52372,49.6303
52373,49.8034
52374,49.9841
52375,50.1525
52376,50.29
52377,50.3812
52378,50.4164
52379,50.3922
52380,50.312
52381,50.185
52382,50.0248
52383,49.8472
52384,49.668
52385,49.5012
52386,49.3577
52387,49.2445
52388,49.165
52389,49.1187
52390,49.1024
52391,49.1106
52392,49.1369
52393,49.1744
52394,49.2167
52395,49.2591
52396,49.2986
52397,49.3345
52398,49.3681
52399,49.4027
52400,49.4425
52401,49.4918
52402,49.5546
52403,49.6337
52404,49.7308
52405,49.8463
52406,49.9791
52407,50.1271
52408,50.287
52409,50.4545
52410,50.6243
52411,50.7899
52412,50.9441
52413,51.079
52414,51.1863
52415,51.2583
52416,51.2881
52417,51.2708
52418,51.2044
52419,51.0897
52420,50.9311
52421,50.7356
52422,50.5124
52423,50.2719
52424,50.0252
52425,49.7833
52426,49.5571
52427,49.3569
52428,49.1923
52429,49.0716
52430,49.0012
52431,48.9848
52432,49.0226
52433,49.1111
52434,49.2432
52435,49.4096
52436,49.599
52437,49.8002
52438,50.0026
52439,50.1972
52440,50.377
52441,50.5365
52442,50.6719
52443,50.7802
52444,50.8589
52445,50.9058
52446,50.919
52447,50.8966
52448,50.8373
52449,50.7414
52450,50.6107
52451,50.4499
52452,50.2667
52453,50.0715
52454,49.8765
52455,49.6944
52456,49.5371
52457,49.4144
52458,49.3327
52459,49.2951
52460,49.3009
52461,49.3464
52462,49.4249
52463,49.5278
52464,49.6449
52465,49.7653
52466,49.8776
52467,49.9715
52468,50.038
52469,50.0702
52470,50.0639
52471,50.0175
52472,49.9321
52473,49.8109
52474,49.6592
52475,49.4841
52476,49.2939
52477,49.0984
52478,48.9075
52479,48.7313
52480,48.5796
52481,48.4613
52482,48.3841
52483,48.3535
52484,48.3726
52485,48.4408
52486,48.5538
52487,48.703
52488,48.8767
52489,49.0609
52490,49.2412
52491,49.4041
52492,49.5393
52493,49.6404
52494,49.7055
52495,49.7369
52496,49.7405
52497,49.7242
52498,49.6973
52499,49.6686
52500,49.6462
52501,49.6367
52502,49.6452
52503,49.6753
52504,49.729
52505,49.8066
52506,49.9066
52507,50.0259
52508,50.159
52509,50.2991
52510,50.4386
52511,50.5694
52512,50.6842
52513,50.7768
52514,50.8422
52515,50.8765
52516,50.8765
52517,50.8394
52518,50.7629
52519,50.6457
52520,50.4881
52521,50.2923
52522,50.0639
52523,49.8113
52524,49.5458
52525,49.2809
52526,49.0315
52527,48.8122
52528,48.6364
52529,48.5143
52530,48.4523
52531,48.452
52532,48.5105
52533,48.6204
52534,48.7718
52535,48.9526
52536,49.1507
52537,49.3544
52538,49.5534
52539,49.7393
52540,49.906
52541,50.0493
52542,50.1672
52543,50.2594
52544,50.3268
52545,50.3714
52546,50.3951
52547,50.4001
52548,50.3884
52549,50.3618
52550,50.3218
52551,50.2697
52552,50.2066
52553,50.1339
52554,50.0533
52555,49.9667
52556,49.8766
52557,49.7856
52558,49.6969
52559,49.6136
52560,49.5383
52561,49.4735
52562,49.421
52563,49.3821
52564,49.3581
52565,49.35
52566,49.3595
52567,49.3884
52568,49.4388
52569,49.5126
52570,49.6106
52571,49.7323
52572,49.8745
52573,50.0319
52574,50.1962
52575,50.3575
52576,50.5048
52577,50.6271
52578,50.7147
52579,50.7598
52580,50.7578
52581,50.7072
52582,50.61
52583,50.4713
52584,50.2986
52585,50.1017
52586,49.8915
52587,49.6793
52588,49.4766
52589,49.2934
52590,49.1381
52591,49.0169
52592,48.9336
52593,48.89
52594,48.8864
52595,48.9219
52596,48.9949
52597,49.1034
52598,49.2443
52599,49.4136
52600,49.6059
52601,49.8138
52602,50.0285
52603,50.2395
52604,50.4356
52605,50.6057
52606,50.7392
52607,50.8269
52608,50.8613
52609,50.8371
52610,50.752
52611,50.6069
52612,50.4065
52613,50.16
52614,49.88
52615,49.5825
52616,49.2852
52617,49.0062
52618,48.7627
52619,48.5691
52620,48.4365
52621,48.3713
52622,48.3751
52623,48.4443
52624,48.5705
52625,48.7413
52626,48.9409
52627,49.152
52628,49.3566
52629,49.538
52630,49.682
52631,49.7783
52632,49.8212
52633,49.8098
52634,49.748
52635,49.6436
52636,49.507
52637,49.3499
52638,49.1843
52639,49.0209
52640,48.8685
52641,48.7339
52642,48.6213
52643,48.5327
52644,48.4679
52645,48.425
52646,48.4013
52647,48.3935
52648,48.3991
52649,48.4164
52650,48.445
52651,48.4851
52652,48.5379
52653,48.6041
52654,48.6844
52655,48.7785
52656,48.8856
52657,49.0043
52658,49.1326
52659,49.2682
52660,49.4082
52661,49.5489
52662,49.686
52663,49.8143
52664,49.9277
52665,50.0199
52666,50.0849
52667,50.118
52668,50.1165
52669,50.0806
52670,50.013
52671,49.9193
52672,49.8068
52673,49.6842
52674,49.5602
52675,49.4434
52676,49.3412
52677,49.2598
52678,49.2037
52679,49.1758
52680,49.1777
52681,49.2093
52682,49.2695
52683,49.3562
52684,49.4658
52685,49.5935
52686,49.7333
52687,49.8772
52688,50.0164
52689,50.1408
52690,50.2399
52691,50.3042
52692,50.3254
52693,50.2981
52694,50.2205
52695,50.0949
52696,49.9281
52697,49.7303
52698,49.515
52699,49.2972
52700,49.0923
52701,48.9153
52702,48.7791
52703,48.6942
52704,48.6668
52705,48.6987
52706,48.7864
52707,48.9211
52708,49.089
52709,49.2733
52710,49.4552
52711,49.6161
52712,49.7397
52713,49.8136
52714,49.8301
52715,49.787
52716,49.6876
52717,49.5394
52718,49.3538
52719,49.144
52720,48.9245
52721,48.709
52722,48.51
52723,48.3377
52724,48.2002
52725,48.1032
52726,48.0502
52727,48.0431
52728,48.082
52729,48.1654
52730,48.2901
52731,48.4513
52732,48.6427
52733,48.8565
52734,49.084
52735,49.3155
52736,49.5419
52737,49.7546
52738,49.9466
52739,50.1126
52740,50.2494
52741,50.3553
52742,50.4298
52743,50.4737
52744,50.488
52745,50.4743
52746,50.4348
52747,50.3722
52748,50.2901
52749,50.1933
52750,50.0872
52751,49.9782
52752,49.8728
52753,49.7769
52754,49.6962
52755,49.6355
52756,49.5992
52757,49.5907
52758,49.6129
52759,49.6673
52760,49.7543
52761,49.8721
52762,50.017
52763,50.1822
52764,50.3586
52765,50.5345
52766,50.6968
52767,50.8318
52768,50.9269
52769,50.9718
52770,50.96
52771,50.8896
52772,50.7642
52773,50.5926
52774,50.3877
52775,50.1657
52776,49.9439
52777,49.739
52778,49.5653
52779,49.4339
52780,49.3519
52781,49.3217
52782,49.3418
52783,49.4063
52784,49.5067
52785,49.6317
52786,49.769
52787,49.9062
52788,50.0323
52789,50.1382
52790,50.2181
52791,50.2692
52792,50.2918
52793,50.2886
52794,50.2639
52795,50.2229
52796,50.1709
52797,50.1125
52798,50.0518
52799,49.9923
52800,49.9369
52801,49.8883
52802,49.8487
52803,49.82
52804,49.8033
52805,49.7982
52806,49.8035
52807,49.8161
52808,49.8318
52809,49.845
52810,49.8501
52811,49.8418
52812,49.8162
52813,49.7715
52814,49.7093
52815,49.634
52816,49.5531
52817,49.4758
52818,49.412
52819,49.3703
52820,49.3569
52821,49.3747
52822,49.4227
52823,49.4965
52824,49.5888
52825,49.6905
52826,49.7914
52827,49.8819
52828,49.953
52829,49.9978
52830,50.0113
52831,49.9911
52832,49.9375
52833,49.853
52834,49.743
52835,49.6141
52836,49.4744
52837,49.3316
52838,49.1933
52839,49.0653
52840,48.9521
52841,48.8565
52842,48.7804
52843,48.7251
52844,48.6923
52845,48.6842
52846,48.7039
52847,48.7546
52848,48.8389
52849,48.9582
52850,49.1114
52851,49.2946
52852,49.5007
52853,49.7194
52854,49.9377
52855,50.1409
52856,50.3132
52857,50.4392
52858,50.506
52859,50.5042
52860,50.4299
52861,50.2856
52862,50.0808
52863,49.8314
52864,49.5588
52865,49.2881
52866,49.0452
52867,48.8542
52868,48.7342
52869,48.697
52870,48.7456
52871,48.874
52872,49.0679
52873,49.3068
52874,49.5662
52875,49.8207
52876,50.0463
52877,50.2229
52878,50.3361
52879,50.3787
52880,50.3506
52881,50.2587
52882,50.116
52883,49.9395
52884,49.7488
52885,49.5638
52886,49.4033
52887,49.2827
52888,49.2131
52889,49.2005
52890,49.2453
52891,49.3419
52892,49.4794
52893,49.6426
52894,49.8133
52895,49.9723
52896,50.1016
52897,50.1865
52898,50.2175
52899,50.1915
52900,50.1123
52901,49.9899
52902,49.8392
52903,49.6777
52904,49.5231
52905,49.3912
52906,49.2939
52907,49.2386
52908,49.2272
52909,49.257
52910,49.3212
52911,49.4102
52912,49.5129
52913,49.6179
52914,49.7146
52915,49.7941
52916,49.8499
52917,49.8776
52918,49.8755
52919,49.8442
52920,49.7865
52921,49.707
52922,49.6113
52923,49.5061
52924,49.3977
52925,49.2923
52926,49.1947
52927,49.1084
52928,49.035
52929,48.9744
52930,48.9249
52931,48.884
52932,48.8484
52933,48.8151
52934,48.7813
52935,48.7441
52936,48.7013
52937,48.6507
52938,48.591
52939,48.522
52940,48.4448
52941,48.3626
52942,48.2807
52943,48.2058
52944,48.146
52945,48.1095
52946,48.1041
52947,48.1358
52948,48.2078
52949,48.3194
52950,48.4658
52951,48.6381
52952,48.8234
52953,49.0064
52954,49.1712
52955,49.3033
52956,49.3911
52957,49.428
52958,49.4126
52959,49.3493
52960,49.2476
52961,49.121
52962,48.9858
52963,48.8587
52964,48.7555
52965,48.6895
52966,48.6703
52967,48.7029
52968,48.7879
52969,48.9216
52970,49.0965
52971,49.3024
52972,49.5275
52973,49.7594
52974,49.9865
52975,50.1984
52976,50.3868
52977,50.5459
52978,50.673
52979,50.768
52980,50.8338
52981,50.8749
52982,50.8969
52983,50.9052
52984,50.9042
52985,50.896
52986,50.8805
52987,50.855
52988,50.8145
52989,50.7525
52990,50.6621
52991,50.5377
52992,50.3758
52993,50.1769
52994,49.9459
52995,49.6922
52996,49.4293
52997,49.1732
52998,48.9409
52999,48.7484
53000,48.6093
53001,48.5335
53002,48.5268
53003,48.5909
53004,48.7233
53005,48.9181
53006,49.1657
53007,49.4538
53008,49.767
53009,50.0878
53010,50.3971
53011,50.6752
53012,50.9034
53013,51.0655
53014,51.1492
53015,51.148
53016,51.0616
53017,50.8963
53018,50.6644
53019,50.3822
53020,50.0687
53021,49.7433
53022,49.4241
53023,49.1271
53024,48.8651
53025,48.6477
53026,48.4818
53027,48.3714
53028,48.3182
53029,48.3208
53030,48.3757
53031,48.4766
53032,48.6147
53033,48.7794
53034,48.9587
53035,49.1397
53036,49.3093
53037,49.455
53038,49.5653
53039,49.6303
53040,49.6427
53041,49.5979
53042,49.4953
53043,49.338
53044,49.1338
53045,48.8942
53046,48.6345
53047,48.372
53048,48.1255
53049,47.9129
53050,47.7507
53051,47.6517
53052,47.6247
53053,47.6731
53054,47.7954
53055,47.9847
53056,48.2302
53057,48.5179
53058,48.8325
53059,49.1574
53060,49.4767
53061,49.775
53062,50.0381
53063,50.254
53064,50.413
53065,50.5088
53066,50.5385
53067,50.5028
53068,50.4062
53069,50.2565
53070,50.0641
53071,49.8416
53072,49.6029
53073,49.3621
53074,49.1332
53075,48.9288
53076,48.7596
53077,48.6337
53078,48.5561
53079,48.5286
53080,48.5492
53081,48.6124
53082,48.7088
53083,48.8261
53084,48.9502
53085,49.0659
53086,49.1592
53087,49.2187
53088,49.2363
53089,49.2092
53090,49.1392
53091,49.0333
53092,48.9023
53093,48.7594
53094,48.6185
53095,48.4925
53096,48.3911
53097,48.32
53098,48.2798
53099,48.2671
53100,48.2749
53101,48.2943
53102,48.3163
53103,48.3335
53104,48.3413
53105,48.3388
53106,48.329
53107,48.3187
53108,48.3181
53109,48.3387
53110,48.3927
53111,48.4904
53112,48.639
53113,48.841
53114,49.0942
53115,49.3911
53116,49.7196
53117,50.0641
53118,50.4066
53119,50.7283
53120,51.011
53121,51.2389
53122,51.4001
53123,51.4876
53124,51.5
53125,51.442
53126,51.3232
53127,51.1579
53128,50.9632
53129,50.7574
53130,50.5585
53131,50.3826
53132,50.2424
53133,50.1463
53134,50.0978
53135,50.095
53136,50.1312
53137,50.1957
53138,50.275
53139,50.3542
53140,50.4191
53141,50.4567
53142,50.4573
53143,50.4151
53144,50.3286
53145,50.2012
53146,50.0409
53147,49.8598
53148,49.6727
53149,49.496
53150,49.3456
53151,49.2353
53152,49.1754
53153,49.1718
53154,49.2255
53155,49.333
53156,49.4863
53157,49.6736
53158,49.88
53159,50.0883
53160,50.2797
53161,50.4359
53162,50.5401
53163,50.5793
53164,50.5461
53165,50.4398
53166,50.2673
53167,50.0422
53168,49.7838
53169,49.5144
53170,49.2565
53171,49.0306
53172,48.8525
53173,48.732
53174,48.6727
53175,48.672
53176,48.7221
53177,48.812
53178,48.9292
53179,49.0609
53180,49.1962
53181,49.3261
53182,49.445
53183,49.5499
53184,49.6404
53185,49.7184
53186,49.7869
53187,49.8495
53188,49.9098
53189,49.9708
53190,50.0342
53191,50.1
53192,50.1664
53193,50.2294
53194,50.2832
53195,50.3206
53196,50.3337
53197,50.3153
53198,50.2599
53199,50.1651
53200,50.0328
53201,49.8698
53202,49.6878
53203,49.5022
53204,49.3304
53205,49.1893
53206,49.0928
53207,49.0495
53208,49.0609
53209,49.1218
53210,49.22
53211,49.3384
53212,49.4568
53213,49.5551
53214,49.6155
53215,49.6251
53216,49.5774
53217,49.473
53218,49.3193
53219,49.1296
53220,48.9211
53221,48.7133
53222,48.5253
53223,48.3743
53224,48.2739
53225,48.2327
53226,48.2544
53227,48.3371
53228,48.4745
53229,48.6563
53230,48.8698
53231,49.1008
53232,49.335
53233,49.5593
53234,49.7623
53235,49.9353
53236,50.072
53237,50.1691
53238,50.2258
53239,50.2431
53240,50.2234
53241,50.1702
53242,50.0879
53243,49.9815
53244,49.8573
53245,49.7222
53246,49.5842
53247,49.4521
53248,49.3346
53249,49.2402
53250,49.1758
53251,49.1462
53252,49.1527
53253,49.1932
53254,49.2613
53255,49.3477
53256,49.4402
53257,49.5257
53258,49.5918
53259,49.6279
53260,49.6266
53261,49.5848
53262,49.5038
53263,49.3893
53264,49.2506
53265,49.0996
53266,48.9495
53267,48.8137
53268,48.7045
53269,48.6319
53270,48.6033
53271,48.6228
53272,48.6904
53273,48.8026
53274,48.9522
53275,49.1286
53276,49.3186
53277,49.5073
53278,49.679
53279,49.8183
53280,49.9116
53281,49.9486
53282,49.9227
53283,49.8322
53284,49.6801
53285,49.4747
53286,49.2287
53287,48.9591
53288,48.6861
53289,48.4318
53290,48.219
53291,48.069
53292,48.0001
53293,48.0254
53294,48.1516
53295,48.3771
53296,48.6918
53297,49.0772
53298,49.5075
53299,49.9518
53300,50.3772
53301,50.7521
53302,51.0492
53303,51.2486
53304,51.3393
53305,51.32
53306,51.1984
53307,50.9896
53308,50.7137
53309,50.3933
53310,50.0511
53311,49.708
53312,49.3811
53313,49.0835
53314,48.824
53315,48.6078
53316,48.4373
53317,48.313
53318,48.234
53319,48.1987
53320,48.205
53321,48.2498
53322,48.3292
53323,48.4378
53324,48.5688
53325,48.7141
53326,48.865
53327,49.0123
53328,49.1478
53329,49.2647
53330,49.3578
53331,49.4241
53332,49.4624
53333,49.4731
53334,49.4576
53335,49.4182
53336,49.3573
53337,49.2777
53338,49.1826
53339,49.0759
53340,48.9629
53341,48.85
53342,48.7449
53343,48.6557
53344,48.5905
53345,48.5562
53346,48.5575
53347,48.5966
53348,48.6721
53349,48.7797
53350,48.9114
53351,49.0566
53352,49.2021
53353,49.3342
53354,49.4391
53355,49.505
53356,49.5237
53357,49.4913
53358,49.4091
53359,49.2836
53360,49.1258
53361,48.9497
53362,48.7715
53363,48.607
53364,48.4708
53365,48.3747
53366,48.3264
53367,48.3292
53368,48.3818
53369,48.4785
53370,48.6102
53371,48.7654
53372,48.9317
53373,49.0969
53374,49.2497
53375,49.3805
53376,49.4818
53377,49.548
53378,49.5761
53379,49.5658
53380,49.5192
53381,49.4416
53382,49.3407
53383,49.2269
53384,49.1124
53385,49.0107
53386,48.9352
53387,48.8981
53388,48.9093
53389,48.9748
53390,49.0966
53391,49.272
53392,49.4937
53393,49.7502
53394,50.0265
53395,50.3057
53396,50.5698
53397,50.8021
53398,50.9882
53399,51.1177
53400,51.1856
53401,51.1919
53402,51.1422
53403,51.0468
53404,50.9195
53405,50.7762
53406,50.6336
53407,50.5075
53408,50.4113
53409,50.3549
53410,50.3443
53411,50.3809
53412,50.4622
53413,50.582
53414,50.7311
53415,50.8986
53416,51.0723
53417,51.2394
53418,51.3873
53419,51.5041
53420,51.5787
53421,51.6017
53422,51.5664
53423,51.4695
53424,51.3118
53425,51.0992
53426,50.8423
53427,50.5558
53428,50.2577
53429,49.967
53430,49.702
53431,49.4787
53432,49.3088
53433,49.1997
53434,49.1534
53435,49.1675
53436,49.2361
53437,49.3508
53438,49.5019
53439,49.6791
53440,49.8724
53441,50.0721
53442,50.2692
53443,50.455
53444,50.6216
53445,50.7619
53446,50.8695
53447,50.9393
53448,50.9676
53449,50.9524
53450,50.8941
53451,50.7952
53452,50.6608
53453,50.4977
53454,50.3138
53455,50.1178
53456,49.9181
53457,49.7224
53458,49.5371
53459,49.3675
53460,49.217
53461,49.0881
53462,48.9817
53463,48.8978
53464,48.8363
53465,48.7968
53466,48.7793
53467,48.7843
53468,48.8127
53469,48.8652
53470,48.9416
53471,49.0405
53472,49.1583
53473,49.2896
53474,49.4269
53475,49.5618
53476,49.6862
53477,49.7932
53478,49.8785
53479,49.941
53480,49.9828
53481,50.0089
53482,50.0258
53483,50.0404
53484,50.058
53485,50.0818
53486,50.1118
53487,50.145
53488,50.1759
53489,50.1975
53490,50.2034
53491,50.1884
53492,50.15
53493,50.0892
53494,50.0108
53495,49.9224
53496,49.8339
53497,49.7561
53498,49.6986
53499,49.6688
53500,49.6703
53501,49.7021
53502,49.7583
53503,49.8292
53504,49.9024
53505,49.9644
53506,50.0033
53507,50.0094
53508,49.9768
53509,49.9033
53510,49.79
53511,49.6412
53512,49.4638
53513,49.2672
53514,49.0627
53515,48.8632
53516,48.6819
53517,48.5315
53518,48.4227
53519,48.3631
53520,48.3558
53521,48.3999
53522,48.4899
53523,48.6166
53524,48.7675
53525,48.9283
53526,49.083
53527,49.2157
53528,49.3111
53529,49.3567
53530,49.3435
53531,49.2678
53532,49.1315
53533,48.9432
53534,48.7172
53535,48.4728
53536,48.2319
53537,48.0172
53538,47.849
53539,47.7437
53540,47.7119
53541,47.7574
53542,47.8775
53543,48.0632
53544,48.3004
53545,48.5715
53546,48.8571
53547,49.1379
53548,49.396
53549,49.6166
53550,49.7887
53551,49.9055
53552,49.9651
53553,49.9699
53554,49.9264
53555,49.8446
53556,49.7363
53557,49.6145
53558,49.492
53559,49.38
53560,49.2878
53561,49.2219
53562,49.1859
53563,49.1801
53564,49.2021
53565,49.2468
53566,49.3071
53567,49.3744
53568,49.4399
53569,49.4949
53570,49.5324
53571,49.5476
53572,49.5385
53573,49.5058
53574,49.4526
53575,49.384
53576,49.3062
53577,49.2261
53578,49.1505
53579,49.0854
53580,49.0361
53581,49.0057
53582,48.9957
53583,49.0051
53584,49.031
53585,49.0688
53586,49.1129
53587,49.1571
53588,49.1952
53589,49.2215
53590,49.231
53591,49.2195
53592,49.1838
53593,49.1221
53594,49.0337
53595,48.9198
53596,48.7833
53597,48.6291
53598,48.4642
53599,48.2976
53600,48.1396
53601,48.0014
53602,47.8939
53603,47.8272
53604,47.8094
53605,47.8458
53606,47.9384
53607,48.0849
53608,48.279
53609,48.5103
53610,48.7645
53611,49.0249
53612,49.2732
53613,49.4921
53614,49.6662
53615,49.7845
53616,49.8413
53617,49.837
53618,49.7783
53619,49.6775
53620,49.5512
53621,49.4177
53622,49.2949
53623,49.1976
53624,49.1355
53625,49.1126
53626,49.1269
53627,49.1721
53628,49.2394
53629,49.319
53630,49.4026
53631,49.4839
53632,49.5593
53633,49.6272
53634,49.6878
53635,49.7416
53636,49.7892
53637,49.8309
53638,49.8665
53639,49.8956
53640,49.9177
53641,49.9325
53642,49.9395
53643,49.9387
53644,49.9301
53645,49.9141
53646,49.8913
53647,49.8624
53648,49.8275
53649,49.7866
53650,49.7386
53651,49.6819
53652,49.6146
53653,49.5352
53654,49.4432
53655,49.3398
53656,49.2286
53657,49.1157
53658,49.0097
53659,48.9207
53660,48.8598
53661,48.8373
53662,48.8621
53663,48.9394
53664,49.0703
53665,49.2508
53666,49.472
53667,49.7216
53668,49.985
53669,50.2471
53670,50.4945
53671,50.7154
53672,50.9014
53673,51.0465
53674,51.1476
53675,51.204
53676,51.217
53677,51.1897
53678,51.1263
53679,51.0321
53680,50.9128
53681,50.7745
53682,50.6238
53683,50.4674
53684,50.3124
53685,50.1652
53686,50.0319
53687,49.9171
53688,49.8237
53689,49.7529
53690,49.7037
53691,49.6738
53692,49.6596
53693,49.6572
53694,49.6625
53695,49.6718
53696,49.6822
53697,49.6912
53698,49.697
53699,49.6983
53700,49.6944
53701,49.6851
53702,49.671
53703,49.6538
53704,49.636
53705,49.6206
53706,49.6109
53707,49.6091
53708,49.616
53709,49.6305
53710,49.6493
53711,49.6671
53712,49.6775
53713,49.6737
53714,49.6498
53715,49.6018
53716,49.529
53717,49.4341
53718,49.3233
53719,49.2053
53720,49.0903
53721,48.9878
53722,48.9053
53723,48.8471
53724,48.814
53725,48.8037
53726,48.812
53727,48.8343
53728,48.8663
53729,48.9053
53730,48.9504
53731,49.0024
53732,49.0633
53733,49.1355
53734,49.2212
53735,49.3217
53736,49.4364
53737,49.5633
53738,49.6984
53739,49.8369
53740,49.9733
53741,50.1025
53742,50.2202
53743,50.3234
53744,50.4103
53745,50.4797
53746,50.5305
53747,50.5608
53748,50.5676
53749,50.5461
53750,50.4911
53751,50.3971
53752,50.2605
53753,50.0806
53754,49.8612
53755,49.6113
53756,49.3447
53757,49.0792
53758,48.8349
53759,48.6311
53760,48.4845
53761,48.4061
53762,48.4001
53763,48.4628
53764,48.5835
53765,48.7455
53766,48.9279
53767,49.1088
53768,49.267
53769,49.3846
53770,49.4487
53771,49.4525
53772,49.3957
53773,49.284
53774,49.128
53775,48.9423
53776,48.7436
53777,48.549
53778,48.3752
53779,48.2371
53780,48.1475
53781,48.1164
53782,48.1504
53783,48.253
53784,48.4244
53785,48.6609
53786,48.9556
53787,49.2977
53788,49.6735
53789,50.0663
53790,50.4573
53791,50.8268
53792,51.155
53793,51.4238
53794,51.6182
53795,51.727
53796,51.7445
53797,51.67
53798,51.5085
53799,51.2692
53800,50.9656
53801,50.6136
53802,50.2309
53803,49.8358
53804,49.4461
53805,49.0783
53806,48.7469
53807,48.4635
53808,48.2366
53809,48.0714
53810,47.9694
53811,47.9292
53812,47.9468
53813,48.0157
53814,48.1284
53815,48.2763
53816,48.4506
53817,48.6428
53818,48.8453
53819,49.0513
53820,49.2552
53821,49.4529
53822,49.6411
53823,49.8181
53824,49.9826
53825,50.1344
53826,50.2736
53827,50.4004
53828,50.5148
53829,50.6163
53830,50.7038
53831,50.7752
53832,50.8278
53833,50.8585
53834,50.864
53835,50.8419
53836,50.791
53837,50.7124
53838,50.6099
53839,50.4894
53840,50.359
53841,50.2279
53842,50.1056
53843,50.0009
53844,49.9207
53845,49.8698
53846,49.8494
53847,49.8574
53848,49.8883
53849,49.9331
53850,49.9807
53851,50.0189
53852,50.0364
53853,50.0239
53854,49.9755
53855,49.8898
53856,49.7698
53857,49.6224
53858,49.4579
53859,49.2891
53860,49.1297
53861,48.9931
53862,48.8907
53863,48.8311
53864,48.8187
53865,48.8535
53866,48.9317
53867,49.0461
53868,49.1874
53869,49.3457
53870,49.5114
53871,49.6759
53872,49.8319
53873,49.973
53874,50.0939
53875,50.1894
53876,50.255
53877,50.2865
53878,50.2806
53879,50.235
53880,50.1493
53881,50.0253
53882,49.8682
53883,49.6862
53884,49.4908
53885,49.2955
53886,49.1151
53887,48.9638
53888,48.8541
53889,48.7952
53890,48.7921
53891,48.845
53892,48.9494
53893,49.0962
53894,49.2728
53895,49.4639
53896,49.6531
53897,49.8247
53898,49.9648
53899,50.0633
53900,50.1154
53901,50.1216
53902,50.0884
53903,50.027
53904,49.9525
53905,49.8812
53906,49.8293
53907,49.8103
53908,49.8334
53909,49.9021
53910,50.0141
53911,50.1606
53912,50.3285
53913,50.5013
53914,50.6615
53915,50.793
53916,50.8832
53917,50.9242
53918,50.9138
53919,50.8555
53920,50.7582
53921,50.6347
53922,50.4998
53923,50.3686
53924,50.2541
53925,50.1655
53926,50.1074
53927,50.0791
53928,50.0757
53929,50.0886
53930,50.1073
53931,50.1207
53932,50.1188
53933,50.0934
53934,50.0397
53935,49.9569
53936,49.8484
53937,49.7215
53938,49.5875
53939,49.4594
53940,49.351
53941,49.2747
53942,49.2397
53943,49.2514
53944,49.3099
53945,49.4103
53946,49.5432
53947,49.6949
53948,49.8496
53949,49.991
53950,50.1042
53951,50.178
53952,50.2061
53953,50.1874
53954,50.126
53955,50.0302
53956,49.9103
53957,49.7768
53958,49.6387
53959,49.5022
53960,49.3696
53961,49.2403
53962,49.1111
53963,48.9777
53964,48.8359
53965,48.6828
53966,48.5173
53967,48.3402
53968,48.1552
53969,47.968
53970,47.7863
53971,47.6198
53972,47.479
53973,47.3749
53974,47.3185
53975,47.3196
53976,47.3862
53977,47.5237
53978,47.7336
53979,48.0127
53980,48.3532
53981,48.7423
53982,49.1634
53983,49.5972
53984,50.023
53985,50.4202
53986,50.7693
53987,51.0537
53988,51.2598
53989,51.3787
53990,51.4067
53991,51.3454
53992,51.2022
53993,50.9892
53994,50.7226
53995,50.4216
53996,50.1062
53997,49.7959
53998,49.508
53999,49.2568
54000,33.3278
54001,33.2244
54002,33.1579
54003,33.127
54004,33.1287
54005,33.1581
54006,33.2095
54007,33.2762
54008,33.3515
54009,33.4289
54010,33.5031
54011,33.5696
54012,33.6261
54013,33.6719
54014,33.708
54015,33.7371
54016,33.7623
54017,33.7872
54018,33.8147
54019,33.8471
54020,33.8851
54021,33.928
54022,33.9736
54023,34.0183
54024,34.0579
54025,34.0881
54026,34.1052
54027,34.1073
54028,34.0938
54029,34.0664
54030,34.0277
54031,33.9814
54032,33.9314
54033,33.8814
54034,33.8344
54035,33.7927
54036,33.7578
54037,33.73
54038,33.709
54039,33.6938
54040,33.6831
54041,33.6749
54042,33.6675
54043,33.6592
54044,33.6489
54045,33.6363
54046,33.6219
54047,33.6076
54048,33.5959
54049,33.5902
54050,33.5943
54051,33.6114
54052,33.6444
54053,33.6947
54054,33.7625
54055,33.846
54056,33.9417
54057,34.0445
54058,34.1481
54059,34.2461
54060,34.3323
54061,34.402
54062,34.4521
54063,34.4812
54064,34.4896
54065,34.4786
54066,34.4503
54067,34.4068
54068,34.3501
54069,34.2816
54070,34.2025
54071,34.1138
54072,34.0166
54073,33.9132
54074,33.8071
54075,33.7031
54076,33.6076
54077,33.5278
54078,33.4707
54079,33.4419
54080,33.4449
54081,33.48
54082,33.5438
54083,33.6298
54084,33.7287
54085,33.8297
54086,33.9217
54087,33.995
54088,34.0423
54089,34.0599
54090,34.0474
54091,34.0075
54092,33.9455
54093,33.8679
54094,33.7816
54095,33.6928
54096,33.6064
54097,33.5257
54098,33.4526
54099,33.3879
54100,33.3316
54101,33.284
54102,33.245
54103,33.2154
54104,33.1958
54105,33.1872
54106,33.1906
54107,33.2069
54108,33.2369
54109,33.2808
54110,33.3386
54111,33.4094
54112,33.4918
54113,33.5841
54114,33.6841
54115,33.7898
54116,33.8991
54117,34.0097
54118,34.1191
54119,34.2244
54120,34.3221
54121,34.4082
54122,34.4784
54123,34.5282
54124,34.5536
54125,34.5514
54126,34.5197
54127,34.4582
54128,34.368
54129,34.2518
54130,34.1138
54131,33.9593
54132,33.7951
54133,33.6285
54134,33.4677
54135,33.3207
54136,33.1948
54137,33.0961
54138,33.0285
54139,32.9941
54140,32.9929
54141,33.0224
54142,33.0788
54143,33.1565
54144,33.2491
54145,33.3493
54146,33.4498
54147,33.5439
54148,33.6257
54149,33.6906
54150,33.7358
54151,33.7599
54152,33.7633
54153,33.7474
54154,33.715
54155,33.6694
54156,33.6146
54157,33.5545
54158,33.4933
54159,33.4348
54160,33.3823
54161,33.3385
54162,33.305
54163,33.2823
54164,33.2698
54165,33.2656
54166,33.2672
54167,33.2717
54168,33.2765
54169,33.2798
54170,33.2807
54171,33.2793
54172,33.277
54173,33.2757
54174,33.2779
54175,33.2857
54176,33.3013
54177,33.3258
54178,33.3594
54179,33.4016
54180,33.451
54181,33.5061
54182,33.5652
54183,33.6272
54184,33.691
54185,33.756
54186,33.8217
54187,33.8877
54188,33.9533
54189,34.0178
54190,34.08
54191,34.1386
54192,34.1921
54193,34.2392
54194,34.2784
54195,34.3081
54196,34.3266
54197,34.3322
54198,34.3232
54199,34.2982
54200,34.2569
54201,34.1998
54202,34.1285
54203,34.0456
54204,33.9541
54205,33.8577
54206,33.76
54207,33.6647
54208,33.5752
54209,33.4945
54210,33.425
54211,33.3687
54212,33.3266
54213,33.2995
54214,33.2876
54215,33.2905
54216,33.3074
54217,33.3367
54218,33.3759
54219,33.4217
54220,33.4707
54221,33.5191
54222,33.5633
54223,33.6009
54224,33.6304
54225,33.6516
54226,33.6655
54227,33.6745
54228,33.6811
54229,33.6881
54230,33.6972
54231,33.7092
54232,33.7231
54233,33.7363
54234,33.7452
54235,33.7452
54236,33.7323
54237,33.7033
54238,33.6564
54239,33.5921
54240,33.5124
54241,33.4207
54242,33.3216
54243,33.2195
54244,33.1188
54245,33.0233
54246,32.9363
54247,32.8607
54248,32.7992
54249,32.7546
54250,32.7296
54251,32.7272
54252,32.7499
54253,32.8
54254,32.8783
54255,32.9842
54256,33.1148
54257,33.2649
54258,33.4271
54259,33.5926
54260,33.7516
54261,33.8943
54262,34.0119
54263,34.0967
54264,34.1431
54265,34.1477
54266,34.1096
54267,34.0306
54268,33.915
54269,33.77
54270,33.6049
54271,33.4309
54272,33.2601
54273,33.1042
54274,32.974
54275,32.8776
54276,32.8203
54277,32.8034
54278,32.8243
54279,32.8767
54280,32.9512
54281,33.0359
54282,33.1183
54283,33.1864
54284,33.23
54285,33.2425
54286,33.2214
54287,33.1687
54288,33.0907
54289,32.9971
54290,32.8998
54291,32.8112
54292,32.743
54293,32.7049
54294,32.7038
54295,32.743
54296,32.8226
54297,32.9394
54298,33.0877
54299,33.2602
54300,33.4484
54301,33.6433
54302,33.8362
54303,34.0189
54304,34.1835
54305,34.3235
54306,34.4333
54307,34.5087
54308,34.5469
54309,34.5464
54310,34.5075
54311,34.4321
54312,34.3241
54313,34.1896
54314,34.0368
54315,33.8753
54316,33.7159
54317,33.5697
54318,33.4468
54319,33.3558
54320,33.3023
54321,33.289
54322,33.3146
54323,33.3748
54324,33.4621
54325,33.5672
54326,33.6804
54327,33.7926
54328,33.8969
54329,33.9893
54330,34.0685
54331,34.1356
54332,34.1935
54333,34.2451
54334,34.2929
54335,34.3378
54336,34.3786
54337,34.4127
54338,34.4361
54339,34.4447
54340,34.4351
54341,34.4051
54342,34.3541
54343,34.2833
54344,34.1955
54345,34.0946
54346,33.9851
54347,33.872
54348,33.7601
54349,33.6539
54350,33.5576
54351,33.475
54352,33.4096
54353,33.3643
54354,33.341
54355,33.3405
54356,33.3617
54357,33.4014
54358,33.4547
54359,33.5147
54360,33.5739
54361,33.6249
54362,33.661
54363,33.6775
54364,33.6713
54365,33.6416
54366,33.5896
54367,33.5178
54368,33.43
54369,33.3305
54370,33.224
54371,33.1149
54372,33.0074
54373,32.9053
54374,32.812
54375,32.7304
54376,32.6633
54377,32.6131
54378,32.5822
54379,32.5729
54380,32.5876
54381,32.6285
54382,32.6971
54383,32.7938
54384,32.9173
54385,33.0638
54386,33.227
54387,33.3978
54388,33.5651
54389,33.7166
54390,33.8398
54391,33.9237
54392,33.9595
54393,33.9423
54394,33.8713
54395,33.7501
54396,33.5866
54397,33.3918
54398,33.1794
54399,32.9643
54400,32.7613
54401,32.5847
54402,32.4467
54403,32.3568
54404,32.3209
54405,32.3414
54406,32.4167
54407,32.5418
54408,32.7087
54409,32.9068
54410,33.1246
54411,33.3498
54412,33.5703
54413,33.7753
54414,33.9553
54415,34.1028
54416,34.2129
54417,34.2829
54418,34.3128
54419,34.3047
54420,34.2624
54421,34.1911
54422,34.0963
54423,33.9842
54424,33.8604
54425,33.7304
54426,33.5989
54427,33.4701
54428,33.3474
54429,33.2336
54430,33.1314
54431,33.0431
54432,32.9711
54433,32.9179
54434,32.8855
54435,32.8754
54436,32.8881
54437,32.9226
54438,32.9767
54439,33.0473
54440,33.1303
54441,33.2215
54442,33.3165
54443,33.4115
54444,33.5034
54445,33.5899
54446,33.6695
54447,33.7415
54448,33.8057
54449,33.8623
54450,33.9118
54451,33.9543
54452,33.99
54453,34.0188
54454,34.0401
54455,34.0533
54456,34.0574
54457,34.0513
54458,34.0346
54459,34.0072
54460,33.9703
54461,33.926
54462,33.8775
54463,33.8284
54464,33.7826
54465,33.743
54466,33.7117
54467,33.6893
54468,33.6749
54469,33.6661
54470,33.6599
54471,33.652
54472,33.6383
54473,33.6146
54474,33.5777
54475,33.5252
54476,33.457
54477,33.3747
54478,33.2826
54479,33.1868
54480,33.0952
54481,33.0165
54482,32.9595
54483,32.9316
54484,32.9383
54485,32.9824
54486,33.0635
54487,33.1784
54488,33.3204
54489,33.481
54490,33.6497
54491,33.8158
54492,33.9686
54493,34.0993
54494,34.2009
54495,34.2687
54496,34.3012
54497,34.2991
54498,34.2658
54499,34.2063
54500,34.1274
54501,34.0369
54502,33.9434
54503,33.8551
54504,33.7803
54505,33.7258
54506,33.6968
54507,33.6962
54508,33.7247
54509,33.7806
54510,33.8604
54511,33.9592
54512,34.0717
54513,34.1925
54514,34.3166
54515,34.4395
54516,34.5575
54517,34.6671
54518,34.7647
54519,34.8464
54520,34.9074
54521,34.9424
54522,34.9458
54523,34.9121
54524,34.8368
54525,34.7176
54526,34.5551
54527,34.3533
54528,34.12
54529,33.8662
54530,33.6057
54531,33.3534
54532,33.1246
54533,32.9334
54534,32.7914
54535,32.7065
54536,32.682
54537,32.7165
54538,32.8037
54539,32.9333
54540,33.092
54541,33.2648
54542,33.4363
54543,33.5924
54544,33.7212
54545,33.8145
54546,33.8677
54547,33.8805
54548,33.8564
54549,33.8021
54550,33.7262
54551,33.6386
54552,33.5485
54553,33.4642
54554,33.3917
54555,33.3346
54556,33.2945
54557,33.2708
54558,33.2611
54559,33.2622
54560,33.2699
54561,33.28
54562,33.2885
54563,33.2919
54564,33.2877
54565,33.2745
54566,33.2517
54567,33.2198
54568,33.1801
54569,33.1341
54570,33.084
54571,33.0318
54572,32.9797
54573,32.9297
54574,32.8841
54575,32.845
54576,32.8149
54577,32.7963
54578,32.7918
54579,32.8037
54580,32.8342
54581,32.8849
54582,32.9563
54583,33.0478
54584,33.1575
54585,33.2816
54586,33.4147
54587,33.5503
54588,33.6813
54589,33.8007
54590,33.9027
54591,33.9833
54592,34.0406
54593,34.0752
54594,34.0896
54595,34.0878
54596,34.0745
54597,34.0547
54598,34.0327
54599,34.0121
54600,33.9953
54601,33.9833
54602,33.9755
54603,33.9702
54604,33.9643
54605,33.9543
54606,33.9363
54607,33.9073
54608,33.8659
54609,33.8125
54610,33.7494
54611,33.6807
54612,33.612
54613,33.5487
54614,33.4966
54615,33.46
54616,33.4424
54617,33.4455
54618,33.4696
54619,33.5135
54620,33.5745
54621,33.6489
54622,33.7322
54623,33.8194
54624,33.9058
54625,33.9869
54626,34.0592
54627,34.1196
54628,34.1662
54629,34.1975
54630,34.2127
54631,34.2113
54632,34.1929
54633,34.1573
54634,34.1047
54635,34.0357
54636,33.952
54637,33.8564
54638,33.7532
54639,33.6481
54640,33.5477
54641,33.4588
54642,33.3875
54643,33.3384
54644,33.3136
54645,33.3123
54646,33.3315
54647,33.3657
54648,33.4082
54649,33.452
54650,33.4911
54651,33.5209
54652,33.5393
54653,33.5466
54654,33.5451
54655,33.5385
54656,33.5309
54657,33.5262
54658,33.5273
54659,33.5353
54660,33.5498
54661,33.5688
54662,33.5893
54663,33.6078
54664,33.6207
54665,33.6256
54666,33.621
54667,33.6072
54668,33.5859
54669,33.56
54670,33.5333
54671,33.5099
54672,33.494
54673,33.4891
54674,33.4984
54675,33.5241
54676,33.5678
54677,33.6299
54678,33.7096
54679,33.8045
54680,33.9112
54681,34.0247
54682,34.1393
54683,34.2488
54684,34.3467
54685,34.4274
54686,34.4863
54687,34.5209
54688,34.531
54689,34.5188
54690,34.489
54691,34.4485
54692,34.4051
54693,34.3665
54694,34.3396
54695,34.3288
54696,34.336
54697,34.3597
54698,34.3957
54699,34.4372
54700,34.4757
54701,34.5018
54702,34.5064
54703,34.4814
54704,34.4206
54705,34.3205
54706,34.1807
54707,34.0037
54708,33.7959
54709,33.5666
54710,33.3277
54711,33.0931
54712,32.8769
54713,32.6925
54714,32.5507
54715,32.459
54716,32.421
54717,32.4356
54718,32.4973
54719,32.5972
54720,32.7228
54721,32.8603
54722,32.9953
54723,33.1146
54724,33.2073
54725,33.2666
54726,33.2901
54727,33.2802
54728,33.2434
54729,33.1896
54730,33.1301
54731,33.0761
54732,33.0375
54733,33.0212
54734,33.0309
54735,33.0666
54736,33.1247
54737,33.1984
54738,33.279
54739,33.3566
54740,33.422
54741,33.4679
54742,33.4906
54743,33.4902
54744,33.4711
54745,33.4408
54746,33.4088
54747,33.385
54748,33.3774
54749,33.3915
54750,33.4286
54751,33.4861
54752,33.5582
54753,33.6364
54754,33.7111
54755,33.7733
54756,33.8154
54757,33.8329
54758,33.8246
54759,33.7929
54760,33.7432
54761,33.6828
54762,33.62
54763,33.5621
54764,33.5151
54765,33.4825
54766,33.465
54767,33.4613
54768,33.4682
54769,33.4819
54770,33.4984
54771,33.5146
54772,33.5282
54773,33.5383
54774,33.5445
54775,33.547
54776,33.5458
54777,33.54
54778,33.5278
54779,33.5069
54780,33.4743
54781,33.427
54782,33.3627
54783,33.2801
54784,33.1793
54785,33.0619
54786,32.9319
54787,32.795
54788,32.6591
54789,32.533
54790,32.4264
54791,32.348
54792,32.305
54793,32.3018
54794,32.3394
54795,32.4156
54796,32.5249
54797,32.6595
54798,32.8101
54799,32.9671
54800,33.1216
54801,33.2663
54802,33.3959
54803,33.5073
54804,33.5994
54805,33.6723
54806,33.7271
54807,33.7646
54808,33.7855
54809,33.7899
54810,33.7777
54811,33.7489
54812,33.7046
54813,33.6469
54814,33.5795
54815,33.5074
54816,33.4368
54817,33.3743
54818,33.326
54819,33.2971
54820,33.291
54821,33.309
54822,33.3501
54823,33.4108
54824,33.4858
54825,33.5682
54826,33.6501
54827,33.7236
54828,33.7816
54829,33.8184
54830,33.8306
54831,33.8174
54832,33.7805
54833,33.7242
54834,33.6545
54835,33.5782
54836,33.5022
54837,33.4327
54838,33.3747
54839,33.3314
54840,33.3046
54841,33.2945
54842,33.2998
54843,33.3178
54844,33.345
54845,33.3773
54846,33.4105
54847,33.4405
54848,33.4636
54849,33.4772
54850,33.4798
54851,33.4718
54852,33.4556
54853,33.4354
54854,33.4168
54855,33.4062
54856,33.4096
54857,33.4314
54858,33.4738
54859,33.5361
54860,33.6145
54861,33.7034
54862,33.7954
54863,33.883
54864,33.9591
54865,34.0183
54866,34.0573
54867,34.0747
54868,34.0719
54869,34.0519
54870,34.0195
54871,33.9798
54872,33.9384
54873,33.9
54874,33.8682
54875,33.8452
54876,33.8316
54877,33.8262
54878,33.8268
54879,33.8303
54880,33.8335
54881,33.8342
54882,33.8313
54883,33.8255
54884,33.8192
54885,33.8159
54886,33.8197
54887,33.8338
54888,33.8606
54889,33.9001
54890,33.9505
54891,34.0077
54892,34.0663
54893,34.1201
54894,34.1624
54895,34.1871
54896,34.1889
54897,34.164
54898,34.1107
54899,34.0294
54900,33.9231
54901,33.7974
54902,33.6601
54903,33.5208
54904,33.3902
54905,33.2794
54906,33.1988
54907,33.157
54908,33.1602
54909,33.2105
54910,33.3064
54911,33.4417
54912,33.6067
54913,33.7884
54914,33.972
54915,34.1425
54916,34.286
54917,34.3907
54918,34.4481
54919,34.4537
54920,34.4068
54921,34.3106
54922,34.1723
54923,34.0019
54924,33.8118
54925,33.6158
54926,33.4281
54927,33.2622
54928,33.13
54929,33.0411
54930,33.0015
54931,33.0138
54932,33.0761
54933,33.1832
54934,33.3261
54935,33.4933
54936,33.6719
54937,33.8485
54938,34.0106
54939,34.1479
54940,34.2532
54941,34.3225
54942,34.3559
54943,34.3565
54944,34.3302
54945,34.2852
54946,34.2302
54947,34.1745
54948,34.126
54949,34.0912
54950,34.0736
54951,34.0741
54952,34.0902
54953,34.1168
54954,34.1469
54955,34.1725
54956,34.1857
54957,34.1802
54958,34.1516
54959,34.0983
54960,34.0217
54961,33.9258
54962,33.8166
54963,33.7014
54964,33.5876
54965,33.4822
54966,33.3911
54967,33.3184
54968,33.2667
54969,33.2369
54970,33.2281
54971,33.2383
54972,33.2644
54973,33.3029
54974,33.3503
54975,33.4034
54976,33.4603
54977,33.5203
54978,33.5843
54979,33.6543
54980,33.7331
54981,33.8237
54982,33.9276
54983,34.0451
54984,34.1738
54985,34.3092
54986,34.4442
54987,34.5705
54988,34.6788
54989,34.7599
54990,34.8058
54991,34.8102
54992,34.7697
54993,34.6837
54994,34.555
54995,34.3891
54996,34.1939
54997,33.9794
54998,33.7563
54999,33.5361
55000,33.3296
55001,33.1471
55002,32.9972
55003,32.8865
55004,32.8191
55005,32.7964
55006,32.8172
55007,32.8778
55008,32.9727
55009,33.0948
55010,33.2365
55011,33.3893
55012,33.5449
55013,33.6952
55014,33.8323
55015,33.9491
55016,34.0393
55017,34.0979
55018,34.1215
55019,34.1089
55020,34.0614
55021,33.9827
55022,33.8795
55023,33.7601
55024,33.6349
55025,33.515
55026,33.4115
55027,33.3348
55028,33.2932
55029,33.2922
55030,33.3337
55031,33.4154
55032,33.5309
55033,33.6703
55034,33.8213
55035,33.9701
55036,34.1039
55037,34.2111
55038,34.2835
55039,34.3164
55040,34.3087
55041,34.2634
55042,34.1864
55043,34.0868
55044,33.9752
55045,33.8635
55046,33.7634
55047,33.6855
55048,33.6378
55049,33.6252
55050,33.6485
55051,33.7048
55052,33.7876
55053,33.8875
55054,33.9938
55055,34.0959
55056,34.1842
55057,34.2519
55058,34.2952
55059,34.3138
55060,34.3103
55061,34.2897
55062,34.2586
55063,34.2239
55064,34.1919
55065,34.1679
55066,34.1553
55067,34.1551
55068,34.1658
55069,34.1837
55070,34.2026
55071,34.215
55072,34.2129
55073,34.189
55074,34.1376
55075,34.0556
55076,33.9434
55077,33.8046
55078,33.6459
55079,33.4763
55080,33.3061
55081,33.1459
55082,33.0054
55083,32.8925
55084,32.8127
55085,32.7687
55086,32.7602
55087,32.7845
55088,32.8365
55089,32.9099
55090,32.9976
55091,33.0925
55092,33.188
55093,33.2784
55094,33.3589
55095,33.4262
55096,33.4779
55097,33.5134
55098,33.5333
55099,33.5395
55100,33.5356
55101,33.5258
55102,33.515
55103,33.5079
55104,33.5089
55105,33.5205
55106,33.5438
55107,33.5775
55108,33.6179
55109,33.6596
55110,33.696
55111,33.7199
55112,33.7247
55113,33.7054
55114,33.6591
55115,33.5858
55116,33.4884
55117,33.3725
55118,33.2459
55119,33.1172
55120,32.9947
55121,32.8855
55122,32.7947
55123,32.7252
55124,32.6777
55125,32.6515
55126,32.6448
55127,32.6552
55128,32.6806
55129,32.7186
55130,32.7668
55131,32.8229
55132,32.8842
55133,32.9476
55134,33.0102
55135,33.0688
55136,33.1207
55137,33.1637
55138,33.1963
55139,33.2184
55140,33.2309
55141,33.2359
55142,33.2362
55143,33.2352
55144,33.2357
55145,33.2403
55146,33.2503
55147,33.2658
55148,33.2857
55149,33.3082
55150,33.3312
55151,33.3529
55152,33.3723
55153,33.3892
55154,33.4049
55155,33.421
55156,33.4399
55157,33.4642
55158,33.4954
55159,33.5345
55160,33.5808
55161,33.6321
55162,33.6847
55163,33.7343
55164,33.7759
55165,33.8052
55166,33.8185
55167,33.814
55168,33.7911
55169,33.751
55170,33.6964
55171,33.6308
55172,33.5583
55173,33.4832
55174,33.4099
55175,33.3422
55176,33.2835
55177,33.2365
55178,33.2033
55179,33.1848
55180,33.1813
55181,33.1917
55182,33.2138
55183,33.2447
55184,33.2809
55185,33.3189
55186,33.3556
55187,33.389
55188,33.418
55189,33.4424
55190,33.4631
55191,33.4812
55192,33.4984
55193,33.5158
55194,33.5344
55195,33.5543
55196,33.5745
55197,33.5935
55198,33.6084
55199,33.6161
55200,33.6129
55201,33.5952
55202,33.5597
55203,33.504
55204,33.4267
55205,33.3277
55206,33.2087
55207,33.0729
55208,32.9251
55209,32.7711
55210,32.6181
55211,32.4733
55212,32.3443
55213,32.238
55214,32.1605
55215,32.1162
55216,32.1077
55217,32.1355
55218,32.1979
55219,32.2912
55220,32.41
55221,32.5478
55222,32.6974
55223,32.8512
55224,33.0017
55225,33.1421
55226,33.2667
55227,33.3714
55228,33.4539
55229,33.5139
55230,33.5531
55231,33.5745
55232,33.582
55233,33.58
55234,33.5726
55235,33.5632
55236,33.554
55237,33.5461
55238,33.5392
55239,33.5322
55240,33.5234
55241,33.5118
55242,33.4968
55243,33.4796
55244,33.4624
55245,33.4484
55246,33.4416
55247,33.4458
55248,33.464
55249,33.4978
55250,33.5475
55251,33.6114
55252,33.6869
55253,33.7709
55254,33.8601
55255,33.9517
55256,34.0431
55257,34.1318
55258,34.2149
55259,34.2888
55260,34.3491
55261,34.391
55262,34.4095
55263,34.4004
55264,34.3612
55265,34.2915
55266,34.1938
55267,34.073
55268,33.937
55269,33.7951
55270,33.6572
55271,33.5327
55272,33.429
55273,33.351
55274,33.3
55275,33.2742
55276,33.2687
55277,33.2764
55278,33.2889
55279,33.2976
55280,33.2949
55281,33.2748
55282,33.2337
55283,33.1705
55284,33.0874
55285,32.9892
55286,32.8834
55287,32.7791
55288,32.6864
55289,32.6154
55290,32.5744
55291,32.5701
55292,32.6058
55293,32.6816
55294,32.7942
55295,32.937
55296,33.1011
55297,33.2761
55298,33.4511
55299,33.6159
55300,33.7617
55301,33.8823
55302,33.9739
55303,34.0358
55304,34.0697
55305,34.0794
55306,34.0705
55307,34.0493
55308,34.0231
55309,33.9987
55310,33.9826
55311,33.9797
55312,33.9933
55313,34.0245
55314,34.0725
55315,34.1342
55316,34.2052
55317,34.2801
55318,34.3533
55319,34.4194
55320,34.4741
55321,34.5143
55322,34.5387
55323,34.5474
55324,34.5425
55325,34.5273
55326,34.506
55327,34.4835
55328,34.4643
55329,34.4524
55330,34.4507
55331,34.4605
55332,34.4815
55333,34.5114
55334,34.5467
55335,34.5827
55336,34.614
55337,34.6355
55338,34.6425
55339,34.6313
55340,34.5994
55341,34.5456
55342,34.4705
55343,34.3762
55344,34.2668
55345,34.148
55346,34.0267
55347,33.9109
55348,33.809
55349,33.7288
55350,33.6771
55351,33.6586
55352,33.6754
55353,33.7265
55354,33.8078
55355,33.9121
55356,34.0299
55357,34.1503
55358,34.2618
55359,34.3535
55360,34.4161
55361,34.4429
55362,34.4304
55363,34.3785
55364,34.2901
55365,34.1707
55366,34.0278
55367,33.8699
55368,33.7058
55369,33.5443
55370,33.3937
55371,33.2608
55372,33.1509
55373,33.0673
55374,33.0109
55375,32.9809
55376,32.9741
55377,32.9863
55378,33.0125
55379,33.0478
55380,33.0883
55381,33.1312
55382,33.1753
55383,33.221
55384,33.2691
55385,33.3211
55386,33.3775
55387,33.4383
55388,33.502
55389,33.5665
55390,33.6292
55391,33.6878
55392,33.7407
55393,33.7873
55394,33.8281
55395,33.8643
55396,33.8971
55397,33.9279
55398,33.9573
55399,33.9849
55400,34.0094
55401,34.0283
55402,34.0387
55403,34.0372
55404,34.021
55405,33.9879
55406,33.9368
55407,33.8684
55408,33.785
55409,33.691
55410,33.5924
55411,33.4965
55412,33.4111
55413,33.3437
55414,33.3007
55415,33.2867
55416,33.3037
55417,33.3514
55418,33.4268
55419,33.5252
55420,33.6404
55421,33.7655
55422,33.8934
55423,34.017
55424,34.1299
55425,34.226
55426,34.3008
55427,34.3511
55428,34.3755
55429,34.3748
55430,34.3519
55431,34.3113
55432,34.2587
55433,34.2001
55434,34.1411
55435,34.0862
55436,34.0381
55437,33.9978
55438,33.9644
55439,33.9354
55440,33.9074
55441,33.8767
55442,33.8398
55443,33.7945
55444,33.7403
55445,33.6784
55446,33.6122
55447,33.546
55448,33.4851
55449,33.4347
55450,33.3992
55451,33.3821
55452,33.3851
55453,33.4086
55454,33.4518
55455,33.5121
55456,33.586
55457,33.6689
55458,33.7553
55459,33.8396
55460,33.9161
55461,33.9801
55462,34.0279
55463,34.0574
55464,34.0686
55465,34.0636
55466,34.0468
55467,34.024
55468,34.0021
55469,33.9878
55470,33.9866
55471,34.0016
55472,34.0331
55473,34.0786
55474,34.1327
55475,34.1887
55476,34.2393
55477,34.2775
55478,34.2986
55479,34.2999
55480,34.282
55481,34.248
55482,34.203
55483,34.1534
55484,34.1054
55485,34.0637
55486,34.0313
55487,34.0083
55488,33.9927
55489,33.9806
55490,33.9677
55491,33.9498
55492,33.9242
55493,33.89
55494,33.8485
55495,33.8023
55496,33.755
55497,33.7105
55498,33.6713
55499,33.6389
55500,33.6127
55501,33.5904
55502,33.5686
55503,33.5426
55504,33.5079
55505,33.461
55506,33.3999
55507,33.3248
55508,33.2385
55509,33.1456
55510,33.0526
55511,32.9661
55512,32.893
55513,32.8387
55514,32.807
55515,32.7996
55516,32.8158
55517,32.8526
55518,32.9054
55519,32.9681
55520,33.0342
55521,33.0973
55522,33.1525
55523,33.1965
55524,33.2286
55525,33.2502
55526,33.2653
55527,33.2789
55528,33.2965
55529,33.323
55530,33.3615
55531,33.4129
55532,33.4754
55533,33.5451
55534,33.6159
55535,33.6808
55536,33.7323
55537,33.7638
55538,33.7696
55539,33.7462
55540,33.6923
55541,33.6093
55542,33.5012
55543,33.3747
55544,33.2385
55545,33.103
55546,32.9791
55547,32.8777
55548,32.8089
55549,32.7807
55550,32.7991
55551,32.8668
55552,32.9829
55553,33.1431
55554,33.3397
55555,33.5623
55556,33.7987
55557,34.0359
55558,34.2613
55559,34.4636
55560,34.6336
55561,34.7648
55562,34.8534
55563,34.8987
55564,34.9025
55565,34.8688
55566,34.8031
55567,34.7119
55568,34.602
55569,34.48
55570,34.3519
55571,34.2235
55572,34.0999
55573,33.9857
55574,33.8852
55575,33.802
55576,33.739
55577,33.6978
55578,33.6784
55579,33.6797
55580,33.6986
55581,33.7312
55582,33.7724
55583,33.8169
55584,33.8595
55585,33.8956
55586,33.922
55587,33.9367
55588,33.9392
55589,33.9302
55590,33.9114
55591,33.8855
55592,33.8554
55593,33.8245
55594,33.7957
55595,33.7715
55596,33.7532
55597,33.7412
55598,33.7348
55599,33.7326
55600,33.7334
55601,33.7363
55602,33.7417
55603,33.7511
55604,33.7668
55605,33.7915
55606,33.8273
55607,33.8748
55608,33.9332
55609,33.9995
55610,34.0687
55611,34.1347
55612,34.1906
55613,34.2296
55614,34.2462
55615,34.2364
55616,34.1986
55617,34.1335
55618,34.0447
55619,33.9374
55620,33.8188
55621,33.6965
55622,33.5778
55623,33.4692
55624,33.3752
55625,33.298
55626,33.2376
55627,33.1915
55628,33.1559
55629,33.1263
55630,33.0983
55631,33.0687
55632,33.0361
55633,33.0012
55634,32.9661
55635,32.9345
55636,32.9101
55637,32.896
55638,32.894
55639,32.9044
55640,32.9258
55641,32.956
55642,32.9922
55643,33.0319
55644,33.073
55645,33.1146
55646,33.157
55647,33.2014
55648,33.2497
55649,33.304
55650,33.3655
55651,33.4345
55652,33.5096
55653,33.5884
55654,33.6669
55655,33.7406
55656,33.8049
55657,33.8556
55658,33.8894
55659,33.9044
55660,33.9007
55661,33.8799
55662,33.8456
55663,33.8031
55664,33.7583
55665,33.7176
55666,33.6867
55667,33.6703
55668,33.6713
55669,33.6905
55670,33.7269
55671,33.7775
55672,33.8378
55673,33.9026
55674,33.9659
55675,34.022
55676,34.0658
55677,34.0931
55678,34.101
55679,34.0877
55680,34.0526
55681,33.9959
55682,33.9182
55683,33.8206
55684,33.7043
55685,33.5709
55686,33.4228
55687,33.2633
55688,33.0968
55689,32.9286
55690,32.7646
55691,32.6109
55692,32.4734
55693,32.3574
55694,32.2673
55695,32.2063
55696,32.1768
55697,32.1798
55698,32.2152
55699,32.2817
55700,32.3766
55701,32.4958
55702,32.6341
55703,32.7853
55704,32.9422
55705,33.0976
55706,33.2446
55707,33.3771
55708,33.4908
55709,33.5832
55710,33.6539
55711,33.7044
55712,33.7379
55713,33.7587
55714,33.7717
55715,33.7817
55716,33.7929
55717,33.8084
55718,33.83
55719,33.858
55720,33.8918
55721,33.9302
55722,33.9718
55723,34.0154
55724,34.0598
55725,34.1038
55726,34.1458
55727,34.1839
55728,34.2157
55729,34.2388
55730,34.2508
55731,34.2503
55732,34.2365
55733,34.2103
55734,34.1739
55735,34.1311
55736,34.0864
55737,34.0451
55738,34.012
55739,33.9908
55740,33.9833
55741,33.9894
55742,34.0065
55743,34.0308
55744,34.0575
55745,34.082
55746,34.101
55747,34.113
55748,34.1184
55749,34.1193
55750,34.1188
55751,34.1203
55752,34.1266
55753,34.1392
55754,34.1579
55755,34.1813
55756,34.2063
55757,34.229
55758,34.2456
55759,34.2528
55760,34.249
55761,34.2343
55762,34.2112
55763,34.1834
55764,34.156
55765,34.1337
55766,34.1202
55767,34.1172
55768,34.1238
55769,34.1363
55770,34.1489
55771,34.1547
55772,34.1462
55773,34.1174
55774,34.064
55775,33.9849
55776,33.8818
55777,33.7592
55778,33.624
55779,33.4846
55780,33.3497
55781,33.2284
55782,33.1283
55783,33.056
55784,33.0158
55785,33.0098
55786,33.0376
55787,33.0961
55788,33.1801
55789,33.2826
55790,33.396
55791,33.5128
55792,33.6266
55793,33.7328
55794,33.8286
55795,33.9127
55796,33.9846
55797,34.044
55798,34.0897
55799,34.1197
55800,34.1313
55801,34.1214
55802,34.0878
55803,34.0295
55804,33.948
55805,33.8472
55806,33.7332
55807,33.6138
55808,33.4975
55809,33.3918
55810,33.3032
55811,33.2356
55812,33.1906
55813,33.1677
55814,33.1645
55815,33.1774
55816,33.2026
55817,33.236
55818,33.2739
55819,33.3131
55820,33.3507
55821,33.3846
55822,33.413
55823,33.4348
55824,33.4492
55825,33.4561
55826,33.4553
55827,33.447
55828,33.4311
55829,33.4072
55830,33.3751
55831,33.3346
55832,33.2862
55833,33.2318
55834,33.1743
55835,33.1185
55836,33.0703
55837,33.0363
55838,33.0229
55839,33.0352
55840,33.0763
55841,33.147
55842,33.2449
55843,33.3649
55844,33.4996
55845,33.6398
55846,33.7756
55847,33.8975
55848,33.9977
55849,34.0706
55850,34.114
55851,34.1286
55852,34.1179
55853,34.0874
55854,34.0435
55855,33.9923
55856,33.9392
55857,33.8883
55858,33.842
55859,33.8014
55860,33.767
55861,33.7385
55862,33.7156
55863,33.6983
55864,33.6869
55865,33.6822
55866,33.6851
55867,33.6964
55868,33.7166
55869,33.7457
55870,33.7829
55871,33.827
55872,33.8762
55873,33.9286
55874,33.9826
55875,34.0367
55876,34.0902
55877,34.1425
55878,34.1931
55879,34.2414
55880,34.2864
55881,34.3265
55882,34.3596
55883,34.3828
55884,34.3934
55885,34.3887
55886,34.3666
55887,34.3263
55888,34.268
55889,34.1939
55890,34.107
55891,34.0118
55892,33.9134
55893,33.8167
55894,33.7265
55895,33.6459
55896,33.5767
55897,33.5187
55898,33.4699
55899,33.427
55900,33.3859
55901,33.3426
55902,33.2938
55903,33.238
55904,33.1753
55905,33.1078
55906,33.0393
55907,32.9746
55908,32.9188
55909,32.877
55910,32.8531
55911,32.85
55912,32.8687
55913,32.9085
55914,32.9669
55915,33.0403
55916,33.1237
55917,33.212
55918,33.3
55919,33.3831
55920,33.4574
55921,33.5202
55922,33.5699
55923,33.6064
55924,33.6307
55925,33.645
55926,33.652
55927,33.655
55928,33.6568
55929,33.6597
55930,33.6651
55931,33.6729
55932,33.6823
55933,33.6912
55934,33.6973
55935,33.6977
55936,33.6902
55937,33.6733
55938,33.6464
55939,33.6102
55940,33.5661
55941,33.5163
55942,33.4634
55943,33.4099
55944,33.3584
55945,33.3113
55946,33.2711
55947,33.2402
55948,33.2212
55949,33.2165
55950,33.2285
55951,33.2592
55952,33.3097
55953,33.3803
55954,33.4702
55955,33.5768
55956,33.6962
55957,33.8234
55958,33.9522
55959,34.0758
55960,34.1876
55961,34.2818
55962,34.354
55963,34.4018
55964,34.4244
55965,34.4231
55966,34.4002
55967,34.3588
55968,34.3022
55969,34.2334
55970,34.1552
55971,34.07
55972,33.9799
55973,33.887
55974,33.7937
55975,33.7024
55976,33.6164
55977,33.539
55978,33.4739
55979,33.4246
55980,33.3939
55981,33.3835
55982,33.3931
55983,33.4208
55984,33.4626
55985,33.5131
55986,33.566
55987,33.6152
55988,33.655
55989,33.6819
55990,33.6942
55991,33.6925
55992,33.6797
55993,33.6599
55994,33.6379
55995,33.6179
55996,33.6033
55997,33.5958
55998,33.5958
55999,33.6023
56000,33.6133
56001,33.6263
56002,33.6384
56003,33.6472
56004,33.651
56005,33.6487
56006,33.6407
56007,33.6283
56008,33.6142
56009,33.6025
56010,33.5978
56011,33.6056
56012,33.6311
56013,33.6786
56014,33.751
56015,33.849
56016,33.9704
56017,34.1104
56018,34.2613
56019,34.4131
56020,34.5535
56021,34.6698
56022,34.7492
56023,34.7805
56024,34.7553
56025,34.6693
56026,34.5229
56027,34.3218
56028,34.0764
56029,33.802
56030,33.5172
56031,33.2425
56032,32.999
56033,32.8058
56034,32.6791
56035,32.6303
56036,32.6653
56037,32.7842
56038,32.9811
56039,33.245
56040,33.56
56041,33.9069
56042,34.2641
56043,34.609
56044,34.9195
56045,35.1758
56046,35.3618
56047,35.4662
56048,35.4845
56049,35.4182
56050,35.2757
56051,35.0707
56052,34.8208
56053,34.5458
56054,34.2658
56055,33.9991
56056,33.7614
56057,33.564
56058,33.4139
56059,33.3134
56060,33.2607
56061,33.2509
56062,33.2763
56063,33.3284
56064,33.398
56065,33.4766
56066,33.5567
56067,33.6322
56068,33.699
56069,33.7544
56070,33.797
56071,33.8269
56072,33.8447
56073,33.8515
56074,33.8484
56075,33.8364
56076,33.8162
56077,33.7885
56078,33.7539
56079,33.7134
56080,33.6684
56081,33.621
56082,33.5739
56083,33.5304
56084,33.4942
56085,33.4688
56086,33.4577
56087,33.4637
56088,33.4885
56089,33.5324
56090,33.5938
56091,33.6694
56092,33.754
56093,33.841
56094,33.9229
56095,33.9923
56096,34.042
56097,34.0663
56098,34.0613
56099,34.0252
56100,33.9591
56101,33.8663
56102,33.7527
56103,33.6258
56104,33.4946
56105,33.3683
56106,33.2551
56107,33.1621
56108,33.0941
56109,33.0538
56110,33.0418
56111,33.057
56112,33.0971
56113,33.1589
56114,33.2385
56115,33.3319
56116,33.4351
56117,33.5445
56118,33.6566
56119,33.7684
56120,33.8773
56121,33.9808
56122,34.0769
56123,34.1635
56124,34.2385
56125,34.3003
56126,34.3474
56127,34.3785
56128,34.3932
56129,34.3918
56130,34.3751
56131,34.3444
56132,34.3016
56133,34.2483
56134,34.1866
56135,34.1183
56136,34.0451
56137,33.9693
56138,33.8927
56139,33.8177
56140,33.7465
56141,33.6812
56142,33.6241
56143,33.5769
56144,33.5412
56145,33.5181
56146,33.5084
56147,33.5128
56148,33.5313
56149,33.5645
56150,33.6123
56151,33.6752
56152,33.7527
56153,33.8442
56154,33.9476
56155,34.0598
56156,34.1764
56157,34.2917
56158,34.3994
56159,34.4928
56160,34.5655
56161,34.6118
56162,34.6278
56163,34.6114
56164,34.563
56165,34.4858
56166,34.3853
56167,34.2695
56168,34.1473
56169,34.0279
56170,33.9194
56171,33.8282
56172,33.7577
56173,33.7088
56174,33.6795
56175,33.6659
56176,33.6633
56177,33.6664
56178,33.671
56179,33.6741
56180,33.6742
56181,33.6714
56182,33.6669
56183,33.6631
56184,33.6622
56185,33.6669
56186,33.6792
56187,33.7011
56188,33.7336
56189,33.7775
56190,33.8329
56191,33.8992
56192,33.9751
56193,34.0585
56194,34.1459
56195,34.2327
56196,34.3133
56197,34.3812
56198,34.4302
56199,34.4548
56200,34.452
56201,34.421
56202,34.3644
56203,34.2876
56204,34.1981
56205,34.1049
56206,34.0167
56207,33.9413
56208,33.8843
56209,33.8486
56210,33.8345
56211,33.8398
56212,33.8603
56213,33.8908
56214,33.9255
56215,33.9589
56216,33.9864
56217,34.0046
56218,34.0119
56219,34.0079
56220,33.994
56221,33.9725
56222,33.9469
56223,33.9211
56224,33.8994
56225,33.8856
56226,33.8828
56227,33.8928
56228,33.9155
56229,33.9492
56230,33.9903
56231,34.0339
56232,34.0745
56233,34.1068
56234,34.1265
56235,34.1308
56236,34.1186
56237,34.0909
56238,34.0502
56239,33.9999
56240,33.9436
56241,33.8847
56242,33.826
56243,33.7691
56244,33.7151
56245,33.6641
56246,33.6162
56247,33.571
56248,33.5288
56249,33.4901
56250,33.4561
56251,33.4289
56252,33.411
56253,33.4055
56254,33.4154
56255,33.4429
56256,33.4893
56257,33.5546
56258,33.6369
56259,33.7324
56260,33.8359
56261,33.9409
56262,34.0402
56263,34.1267
56264,34.1941
56265,34.2378
56266,34.2552
56267,34.2459
56268,34.2116
56269,34.156
56270,34.0844
56271,34.0028
56272,33.918
56273,33.8364
56274,33.7632
56275,33.7024
56276,33.656
56277,33.6245
56278,33.607
56279,33.6022
56280,33.6089
56281,33.6266
56282,33.6557
56283,33.6975
56284,33.7534
56285,33.8242
56286,33.91
56287,34.0086
56288,34.1163
56289,34.2272
56290,34.334
56291,34.4284
56292,34.5022
56293,34.5476
56294,34.5587
56295,34.5323
56296,34.4685
56297,34.371
56298,34.247
56299,34.1063
56300,33.96
56301,33.8192
56302,33.6936
56303,33.5896
56304,33.5107
56305,33.4562
56306,33.4226
56307,33.4042
56308,33.3941
56309,33.3859
56310,33.374
56311,33.3552
56312,33.3283
56313,33.2948
56314,33.2584
56315,33.225
56316,33.2015
56317,33.196
56318,33.2162
56319,33.269
56320,33.3593
56321,33.489
56322,33.6558
56323,33.8531
56324,34.0691
56325,34.2884
56326,34.4929
56327,34.6638
56328,34.7844
56329,34.8419
56330,34.8292
56331,34.7465
56332,34.6006
56333,34.4055
56334,34.1799
56335,33.9459
56336,33.7263
56337,33.5425
56338,33.4113
56339,33.3438
56340,33.3437
56341,33.4073
56342,33.5238
56343,33.6772
56344,33.8483
56345,34.0167
56346,34.1636
56347,34.2731
56348,34.334
56349,34.3401
56350,34.2908
56351,34.1908
56352,34.0496
56353,33.8807
56354,33.7006
56355,33.5271
56356,33.3777
56357,33.2673
56358,33.2071
56359,33.2026
56360,33.2539
56361,33.3549
56362,33.4947
56363,33.659
56364,33.8314
56365,33.9955
56366,34.1366
56367,34.2431
56368,34.3075
56369,34.3269
56370,34.3029
56371,34.2412
56372,34.1509
56373,34.0429
56374,33.9294
56375,33.8221
56376,33.731
56377,33.6637
56378,33.6242
56379,33.613
56380,33.6267
56381,33.659
56382,33.7015
56383,33.7449
56384,33.7802
56385,33.8002
56386,33.7997
56387,33.7768
56388,33.7323
56389,33.67
56390,33.5958
56391,33.517
56392,33.4412
56393,33.3756
56394,33.3261
56395,33.2965
56396,33.2886
56397,33.3025
56398,33.3364
56399,33.3879
56400,33.4538
56401,33.5308
56402,33.6155
56403,33.7046
56404,33.7945
56405,33.8812
56406,33.9606
56407,34.0284
56408,34.0803
56409,34.1127
56410,34.1228
56411,34.109
56412,34.0711
56413,34.0105
56414,33.9302
56415,33.8347
56416,33.7299
56417,33.623
56418,33.5215
56419,33.4329
56420,33.364
56421,33.3197
56422,33.3031
56423,33.3145
56424,33.3519
56425,33.4107
56426,33.4848
56427,33.5665
56428,33.6479
56429,33.7211
56430,33.7796
56431,33.8182
56432,33.8339
56433,33.8261
56434,33.7967
56435,33.7498
56436,33.6917
56437,33.6296
56438,33.571
56439,33.5226
56440,33.4894
56441,33.4737
56442,33.4757
56443,33.4932
56444,33.5228
56445,33.5601
56446,33.601
56447,33.6424
56448,33.6818
56449,33.7185
56450,33.7524
56451,33.7846
56452,33.8163
56453,33.849
56454,33.884
56455,33.9224
56456,33.9641
56457,34.0085
56458,34.0536
56459,34.0967
56460,34.1342
56461,34.163
56462,34.1801
56463,34.184
56464,34.1744
56465,34.1524
56466,34.12
56467,34.0801
56468,34.0351
56469,33.9873
56470,33.9379
56471,33.8876
56472,33.836
56473,33.782
56474,33.724
56475,33.6602
56476,33.5887
56477,33.508
56478,33.4172
56479,33.3165
56480,33.2074
56481,33.0927
56482,32.9765
56483,32.8636
56484,32.7587
56485,32.6662
56486,32.5897
56487,32.5316
56488,32.4935
56489,32.476
56490,32.4793
56491,32.503
56492,32.5464
56493,32.6081
56494,32.6867
56495,32.7803
56496,32.8868
56497,33.0038
56498,33.1286
56499,33.2581
56500,33.3889
56501,33.5171
56502,33.6382
56503,33.7474
56504,33.8399
56505,33.9114
56506,33.9583
56507,33.9788
56508,33.9732
56509,33.9437
56510,33.895
56511,33.8334
56512,33.7662
56513,33.7008
56514,33.6438
56515,33.5998
56516,33.5713
56517,33.5581
56518,33.5575
56519,33.5649
56520,33.5741
56521,33.5785
56522,33.5721
56523,33.5497
56524,33.5084
56525,33.4476
56526,33.3692
56527,33.2771
56528,33.1771
56529,33.0758
56530,32.9802
56531,32.8972
56532,32.8327
56533,32.7916
56534,32.7773
56535,32.7915
56536,32.834
56537,32.9028
56538,32.9942
56539,33.103
56540,33.223
56541,33.3475
56542,33.47
56543,33.5847
56544,33.6871
56545,33.7741
56546,33.8441
56547,33.897
56548,33.9333
56549,33.9541
56550,33.9603
56551,33.9523
56552,33.9301
56553,33.8933
56554,33.8413
56555,33.774
56556,33.6915
56557,33.5951
56558,33.4866
56559,33.369
56560,33.246
56561,33.1222
56562,33.0028
56563,32.8936
56564,32.8
56565,32.7271
56566,32.6789
56567,32.6582
56568,32.6659
56569,32.7014
56570,32.7619
56571,32.8434
56572,32.9407
56573,33.0479
56574,33.1591
56575,33.2689
56576,33.3728
56577,33.4673
56578,33.55
56579,33.6198
56580,33.6766
56581,33.721
56582,33.7541
56583,33.7768
56584,33.7902
56585,33.7945
56586,33.7896
56587,33.7748
56588,33.7496
56589,33.7136
56590,33.6672
56591,33.6119
56592,33.5502
56593,33.4858
56594,33.4231
56595,33.3676
56596,33.3247
56597,33.2997
56598,33.2969
56599,33.3188
56600,33.3656
56601,33.435
56602,33.5216
56603,33.618
56604,33.715
56605,33.8027
56606,33.8719
56607,33.9149
56608,33.9262
56609,33.9035
56610,33.8473
56611,33.7608
56612,33.6499
56613,33.5219
56614,33.3851
56615,33.2475
56616,33.1168
56617,32.999
56618,32.899
56619,32.8195
56620,32.7621
56621,32.7268
56622,32.7125
56623,32.7178
56624,32.7407
56625,32.7795
56626,32.8326
56627,32.8989
56628,32.9775
56629,33.0678
56630,33.1695
56631,33.2819
56632,33.4039
56633,33.5337
56634,33.6687
56635,33.8048
56636,33.9374
56637,34.0608
56638,34.1693
56639,34.2577
56640,34.3217
56641,34.3583
56642,34.366
56643,34.3448
56644,34.2959
56645,34.2219
56646,34.1264
56647,34.0144
56648,33.8916
56649,33.7646
56650,33.6401
56651,33.5248
56652,33.4239
56653,33.341
56654,33.2774
56655,33.2321
56656,33.2019
56657,33.1823
56658,33.1684
56659,33.1556
56660,33.1413
56661,33.1244
56662,33.1063
56663,33.0902
56664,33.0805
56665,33.0819
56666,33.0991
56667,33.1353
56668,33.1922
56669,33.2696
56670,33.3652
56671,33.4748
56672,33.5928
56673,33.7127
56674,33.8279
56675,33.9327
56676,34.0228
56677,34.0956
56678,34.1504
56679,34.1879
56680,34.2104
56681,34.2206
56682,34.222
56683,34.2179
56684,34.2111
56685,34.2041
56686,34.1985
56687,34.1951
56688,34.1938
56689,34.194
56690,34.1946
56691,34.1948
56692,34.1942
56693,34.1933
56694,34.1935
56695,34.1968
56696,34.2053
56697,34.221
56698,34.2451
56699,34.2778
56700,34.3178
56701,34.3627
56702,34.4087
56703,34.4513
56704,34.4854
56705,34.5063
56706,34.5094
56707,34.4912
56708,34.449
56709,34.3814
56710,34.2882
56711,34.1712
56712,34.0337
56713,33.881
56714,33.7201
56715,33.5595
56716,33.4087
56717,33.2775
56718,33.1753
56719,33.1101
56720,33.0881
56721,33.1126
56722,33.184
56723,33.2995
56724,33.4533
56725,33.6368
56726,33.8391
56727,34.0477
56728,34.2489
56729,34.4292
56730,34.5757
56731,34.6774
56732,34.7261
56733,34.7172
56734,34.6499
56735,34.5277
56736,34.3579
56737,34.1515
56738,33.9219
56739,33.6841
56740,33.4533
56741,33.2444
56742,33.0699
56743,32.9401
56744,32.8615
56745,32.8373
56746,32.8666
56747,32.9447
56748,33.0633
56749,33.211
56750,33.3745
56751,33.5393
56752,33.6916
56753,33.8195
56754,33.9145
56755,33.9719
56756,33.9914
56757,33.9764
56758,33.9329
56759,33.8691
56760,33.7937
56761,33.7149
56762,33.6394
56763,33.5719
56764,33.5145
56765,33.4673
56766,33.4291
56767,33.3978
56768,33.3713
56769,33.3482
56770,33.3283
56771,33.3121
56772,33.3015
56773,33.299
56774,33.3077
56775,33.3305
56776,33.3703
56777,33.4293
56778,33.5086
56779,33.6076
56780,33.7239
56781,33.8532
56782,33.9888
56783,34.1226
56784,34.2452
56785,34.3474
56786,34.4203
56787,34.4573
56788,34.4541
56789,34.4096
56790,34.326
56791,34.2081
56792,34.0629
56793,33.8984
56794,33.7228
56795,33.5436
56796,33.3677
56797,33.2009
56798,33.0482
56799,32.9141
56800,32.8027
56801,32.7172
56802,32.6601
56803,32.6326
56804,32.6343
56805,32.6628
56806,32.7142
56807,32.7826
56808,32.8609
56809,32.9416
56810,33.0176
56811,33.0831
56812,33.1342
56813,33.1695
56814,33.1904
56815,33.1999
56816,33.2027
56817,33.2038
56818,33.2082
56819,33.2201
56820,33.2425
56821,33.277
56822,33.3235
56823,33.3803
56824,33.4441
56825,33.5104
56826,33.5736
56827,33.6283
56828,33.6699
56829,33.6951
56830,33.7027
56831,33.6938
56832,33.6712
56833,33.6395
56834,33.6037
56835,33.5693
56836,33.5415
56837,33.524
56838,33.5197
56839,33.5296
56840,33.5535
56841,33.5902
56842,33.6375
56843,33.6931
56844,33.7543
56845,33.8184
56846,33.8824
56847,33.9434
56848,33.9989
56849,34.0464
56850,34.0839
56851,34.1101
56852,34.1243
56853,34.1265
56854,34.117
56855,34.0967
56856,34.0666
56857,34.0275
56858,33.9801
56859,33.925
56860,33.8627
56861,33.7941
56862,33.7208
56863,33.6449
56864,33.5695
56865,33.4982
56866,33.4348
56867,33.3825
56868,33.3441
56869,33.3211
56870,33.314
56871,33.3225
56872,33.3451
56873,33.3803
56874,33.4259
56875,33.4796
56876,33.5386
56877,33.5996
56878,33.6591
56879,33.7131
56880,33.7579
56881,33.7899
56882,33.8065
56883,33.8062
56884,33.7891
56885,33.7568
56886,33.7127
56887,33.6618
56888,33.6103
56889,33.5649
56890,33.5327
56891,33.5195
56892,33.5292
56893,33.5633
56894,33.6202
56895,33.6959
56896,33.784
56897,33.8772
56898,33.9681
56899,34.0501
56900,34.1185
56901,34.1701
56902,34.204
56903,34.2207
56904,34.2221
56905,34.2105
56906,34.1886
56907,34.1592
56908,34.1247
56909,34.0868
56910,34.0473
56911,34.0075
56912,33.969
56913,33.9337
56914,33.9041
56915,33.8827
56916,33.8724
56917,33.8755
56918,33.8933
56919,33.926
56920,33.9723
56921,34.0298
56922,34.095
56923,34.1636
56924,34.2315
56925,34.2943
56926,34.3484
56927,34.391
56928,34.4202
56929,34.4352
56930,34.436
56931,34.4239
56932,34.4004
56933,34.3679
56934,34.3292
56935,34.2874
56936,34.2457
56937,34.2071
56938,34.1738
56939,34.1475
56940,34.1285
56941,34.1155
56942,34.1057
56943,34.095
56944,34.0778
56945,34.0478
56946,33.9989
56947,33.9261
56948,33.8262
56949,33.699
56950,33.5476
56951,33.3783
56952,33.2008
56953,33.0271
56954,32.8713
56955,32.7477
56956,32.6703
56957,32.6507
56958,32.6968
56959,32.8113
56960,32.9913
56961,33.2277
56962,33.5058
56963,33.8066
56964,34.1083
56965,34.3887
56966,34.6269
56967,34.8059
56968,34.9142
56969,34.947
56970,34.9065
56971,34.8018
56972,34.6477
56973,34.4628
56974,34.2681
56975,34.0839
56976,33.9283
56977,33.8149
56978,33.7515
56979,33.7392
56980,33.7731
56981,33.843
56982,33.9355
56983,34.0355
56984,34.1286
56985,34.2028
56986,34.2496
56987,34.2646
56988,34.2478
56989,34.2026
56990,34.1352
56991,34.0531
56992,33.9644
56993,33.8762
56994,33.7942
56995,33.7218
56996,33.6605
56997,33.6097
56998,33.5678
56999,33.5326
57000,33.5025
57001,33.4768
57002,33.4561
57003,33.4425
57004,33.439
57005,33.4491
57006,33.4756
57007,33.5207
57008,33.5845
57009,33.6653
57010,33.7589
57011,33.8591
57012,33.9579
57013,34.0463
57014,34.115
57015,34.1555
57016,34.1607
57017,34.126
57018,34.0496
57019,33.9331
57020,33.7816
57021,33.6036
57022,33.4104
57023,33.2149
57024,33.0306
57025,32.8702
57026,32.744
57027,32.6591
57028,32.6181
57029,32.6196
57030,32.6578
57031,32.7238
57032,32.8067
57033,32.895
57034,32.9779
57035,33.0468
57036,33.0958
57037,33.1222
57038,33.1263
57039,33.1112
57040,33.0821
57041,33.0453
57042,33.0074
57043,32.9749
57044,32.9533
57045,32.9465
57046,32.9572
57047,32.9864
57048,33.0338
57049,33.0979
57050,33.1765
57051,33.2663
57052,33.3635
57053,33.464
57054,33.5636
57055,33.6589
57056,33.7466
57057,33.8245
57058,33.8908
57059,33.9444
57060,33.9843
57061,34.0095
57062,34.0192
57063,34.0121
57064,33.9877
57065,33.9458
57066,33.8875
57067,33.8152
57068,33.7328
57069,33.6454
57070,33.559
57071,33.4798
57072,33.4138
57073,33.3663
57074,33.3413
57075,33.3414
57076,33.3675
57077,33.4182
57078,33.4902
57079,33.5785
57080,33.6771
57081,33.7795
57082,33.8799
57083,33.9735
57084,34.0573
57085,34.1298
57086,34.1912
57087,34.2427
57088,34.2863
57089,34.3232
57090,34.3543
57091,34.3791
57092,34.3958
57093,34.4021
57094,34.3951
57095,34.3725
57096,34.3325
57097,34.2747
57098,34.2001
57099,34.1112
57100,34.0121
57101,33.908
57102,33.8046
57103,33.7076
57104,33.6217
57105,33.5506
57106,33.4965
57107,33.4602
57108,33.4415
57109,33.4395
57110,33.4529
57111,33.4803
57112,33.5203
57113,33.571
57114,33.6304
57115,33.696
57116,33.765
57117,33.8343
57118,33.9006
57119,33.9607
57120,34.0116
57121,34.0509
57122,34.0765
57123,34.0872
57124,34.082
57125,34.0607
57126,34.0237
57127,33.9719
57128,33.907
57129,33.8315
57130,33.7483
57131,33.661
57132,33.5738
57133,33.4912
57134,33.4184
57135,33.3609
57136,33.3241
57137,33.3132
57138,33.3324
57139,33.3841
57140,33.4684
57141,33.5825
57142,33.7203
57143,33.8731
57144,34.03
57145,34.179
57146,34.3088
57147,34.4093
57148,34.474
57149,34.4998
57150,34.4879
57151,34.4436
57152,34.375
57153,34.2922
57154,34.2058
57155,34.1256
57156,34.0591
57157,34.011
57158,33.9825
57159,33.9719
57160,33.9744
57161,33.9838
57162,33.9928
57163,33.9946
57164,33.984
57165,33.9577
57166,33.9153
57167,33.8591
57168,33.7935
57169,33.7248
57170,33.6601
57171,33.6065
57172,33.5706
57173,33.5568
57174,33.5676
57175,33.6027
57176,33.6594
57177,33.7323
57178,33.8145
57179,33.8977
57180,33.9738
57181,34.0348
57182,34.0741
57183,34.0869
57184,34.0705
57185,34.0249
57186,33.9523
57187,33.8574
57188,33.747
57189,33.6292
57190,33.5131
57191,33.4075
57192,33.3205
57193,33.2587
57194,33.2268
57195,33.2275
57196,33.2612
57197,33.3264
57198,33.4195
57199,33.5349
57200,33.6653
57201,33.8023
57202,33.9371
57203,34.0609
57204,34.1664
57205,34.2482
57206,34.3036
57207,34.3325
57208,34.3373
57209,34.3224
57210,34.2934
57211,34.2561
57212,34.2156
57213,34.1763
57214,34.1413
57215,34.1126
57216,34.0915
57217,34.0786
57218,34.0742
57219,34.078
57220,34.0895
57221,34.108
57222,34.1322
57223,34.16
57224,34.1891
57225,34.2163
57226,34.2383
57227,34.2511
57228,34.2514
57229,34.2364
57230,34.2048
57231,34.1569
57232,34.0951
57233,34.024
57234,33.9494
57235,33.8782
57236,33.8172
57237,33.7723
57238,33.7475
57239,33.7444
57240,33.7619
57241,33.7961
57242,33.8412
57243,33.89
57244,33.9349
57245,33.9694
57246,33.989
57247,33.9914
57248,33.9773
57249,33.9497
57250,33.9138
57251,33.8759
57252,33.8426
57253,33.8195
57254,33.8106
57255,33.8178
57256,33.8404
57257,33.8757
57258,33.9195
57259,33.9668
57260,34.0123
57261,34.0509
57262,34.0781
57263,34.0901
57264,34.0836
57265,34.057
57266,34.0099
57267,33.9437
57268,33.8618
57269,33.7691
57270,33.6716
57271,33.5757
57272,33.4879
57273,33.414
57274,33.3594
57275,33.3283
57276,33.3241
57277,33.3494
57278,33.4052
57279,33.4913
57280,33.6052
57281,33.7418
57282,33.8937
57283,34.0509
57284,34.2019
57285,34.3343
57286,34.4363
57287,34.498
57288,34.5123
57289,34.4761
57290,34.3908
57291,34.2622
57292,34.0998
57293,33.9163
57294,33.726
57295,33.5434
57296,33.3826
57297,33.2552
57298,33.1696
57299,33.1303
57300,33.1371
57301,33.1853
57302,33.2663
57303,33.3682
57304,33.4779
57305,33.5818
57306,33.6678
57307,33.7263
57308,33.7513
57309,33.7415
57310,33.6998
57311,33.6337
57312,33.5544
57313,33.4757
57314,33.4124
57315,33.3783
57316,33.3847
57317,33.4385
57318,33.5417
57319,33.6906
57320,33.8765
57321,34.0862
57322,34.3037
57323,34.5114
57324,34.6922
57325,34.831
57326,34.9157
57327,34.9382
57328,34.895
57329,34.7869
57330,34.6191
57331,34.4006
57332,34.1429
57333,33.86
57334,33.567
57335,33.2792
57336,33.011
57337,32.7753
57338,32.582
57339,32.4377
57340,32.345
57341,32.3033
57342,32.3087
57343,32.3552
57344,32.4351
57345,32.54
57346,32.6611
57347,32.79
57348,32.9182
57349,33.0385
57350,33.1446
57351,33.2324
57352,33.2995
57353,33.3457
57354,33.3731
57355,33.3853
57356,33.3873
57357,33.3847
57358,33.3834
57359,33.3887
57360,33.405
57361,33.4349
57362,33.4795
57363,33.5379
57364,33.6078
57365,33.6853
57366,33.7657
57367,33.8436
57368,33.9131
57369,33.9685
57370,34.0047
57371,34.0177
57372,34.0059
57373,33.9699
57374,33.9131
57375,33.8414
57376,33.7625
57377,33.6849
57378,33.617
57379,33.5656
57380,33.535
57381,33.5272
57382,33.541
57383,33.5737
57384,33.6211
57385,33.6788
57386,33.7427
57387,33.8092
57388,33.8754
57389,33.9383
57390,33.9948
57391,34.0412
57392,34.0736
57393,34.0878
57394,34.08
57395,34.0474
57396,33.9891
57397,33.9064
57398,33.8034
57399,33.6865
57400,33.5645
57401,33.4471
57402,33.3446
57403,33.2666
57404,33.2213
57405,33.2146
57406,33.2499
57407,33.3274
57408,33.4441
57409,33.5934
57410,33.7657
57411,33.9489
57412,34.1298
57413,34.2949
57414,34.4324
57415,34.5327
57416,34.5902
57417,34.6025
57418,34.5711
57419,34.5009
57420,34.3993
57421,34.2756
57422,34.1406
57423,34.0054
57424,33.8807
57425,33.7758
57426,33.6981
57427,33.6518
57428,33.638
57429,33.6546
57430,33.6963
57431,33.7555
57432,33.8233
57433,33.8905
57434,33.9479
57435,33.988
57436,34.0049
57437,33.9952
57438,33.9583
57439,33.8962
57440,33.8138
57441,33.718
57442,33.6177
57443,33.5224
57444,33.4417
57445,33.3841
57446,33.356
57447,33.3612
57448,33.3998
57449,33.4687
57450,33.5614
57451,33.6694
57452,33.7823
57453,33.8898
57454,33.9821
57455,34.0509
57456,34.0902
57457,34.0966
57458,34.0691
57459,34.0093
57460,33.9205
57461,33.8073
57462,33.6754
57463,33.5307
57464,33.3794
57465,33.2276
57466,33.0814
57467,32.9467
57468,32.8293
57469,32.7345
57470,32.6678
57471,32.6335
57472,32.6356
57473,32.6766
57474,32.757
57475,32.8758
57476,33.0291
57477,33.2112
57478,33.4142
57479,33.6288
57480,33.8447
57481,34.0516
57482,34.2392
57483,34.3984
57484,34.5222
57485,34.6055
57486,34.6465
57487,34.6467
57488,34.6104
57489,34.5446
57490,34.4582
57491,34.3606
57492,34.2614
57493,34.1688
57494,34.0896
57495,34.0283
57496,33.9873
57497,33.9668
57498,33.9648
57499,33.9777
57500,34.0006
57501,34.0279
57502,34.0541
57503,34.0739
57504,34.0835
57505,34.0801
57506,34.063
57507,34.0327
57508,33.9911
57509,33.941
57510,33.8852
57511,33.8263
57512,33.7663
57513,33.7067
57514,33.6481
57515,33.5909
57516,33.5353
57517,33.4819
57518,33.4316
57519,33.3862
57520,33.348
57521,33.3191
57522,33.3016
57523,33.2969
57524,33.3055
57525,33.327
57526,33.3605
57527,33.4044
57528,33.4576
57529,33.5191
57530,33.5888
57531,33.6673
57532,33.7552
57533,33.8534
57534,33.9616
57535,34.0785
57536,34.2007
57537,34.3225
57538,34.4364
57539,34.5333
57540,34.6039
57541,34.6395
57542,34.6339
57543,34.5843
57544,34.4918
57545,34.3616
57546,34.203
57547,34.0279
57548,33.8501
57549,33.6833
57550,33.5401
57551,33.4306
57552,33.3612
57553,33.3347
57554,33.3498
57555,33.402
57556,33.4838
57557,33.5863
57558,33.6996
57559,33.8134
57560,33.9183
57561,34.0058
57562,34.0691
57563,34.1039
57564,34.1082
57565,34.0831
57566,34.032
57567,33.9604
57568,33.8757
57569,33.7855
57570,33.6982
57571,33.6212
57572,33.5613
57573,33.5239
57574,33.5127
57575,33.5295
57576,33.5738
57577,33.643
57578,33.7325
57579,33.8358
57580,33.9453
57581,34.0529
57582,34.1511
57583,34.2329
57584,34.2934
57585,34.3291
57586,34.3389
57587,34.3235
57588,34.2858
57589,34.2296
57590,34.1601
57591,34.0824
57592,34.0015
57593,33.9216
57594,33.846
57595,33.7772
57596,33.7168
57597,33.6657
57598,33.6242
57599,33.5921
57600,16.9335
57601,16.9248
57602,16.9182
57603,16.9123
57604,16.9057
57605,16.897
57606,16.8851
57607,16.8693
57608,16.8496
57609,16.8264
57610,16.8008
57611,16.7744
57612,16.7486
57613,16.7252
57614,16.7052
57615,16.6895
57616,16.6783
57617,16.6713
57618,16.6683
57619,16.6691
57620,16.6736
57621,16.6823
57622,16.696
57623,16.7153
57624,16.7408
57625,16.773
57626,16.8116
57627,16.856
57628,16.9048
57629,16.9559
57630,17.0069
57631,17.0548
57632,17.0964
57633,17.1288
57634,17.1494
57635,17.1561
57636,17.1479
57637,17.1247
57638,17.0875
57639,17.0382
57640,16.9799
57641,16.9162
57642,16.8516
57643,16.7905
57644,16.7377
57645,16.6971
57646,16.6717
57647,16.6631
57648,16.6713
57649,16.6947
57650,16.7302
57651,16.7738
57652,16.8211
57653,16.8677
57654,16.9102
57655,16.946
57656,16.9736
57657,16.9928
57658,17.0041
57659,17.0087
57660,17.0081
57661,17.004
57662,16.998
57663,16.9916
57664,16.9861
57665,16.9822
57666,16.9805
57667,16.9811
57668,16.9839
57669,16.9886
57670,16.9949
57671,17.0021
57672,17.0099
57673,17.018
57674,17.026
57675,17.0338
57676,17.0415
57677,17.0491
57678,17.0572
57679,17.0666
57680,17.0779
57681,17.0923
57682,17.1107
57683,17.1336
57684,17.1614
57685,17.1937
57686,17.229
57687,17.2654
57688,17.2998
57689,17.3285
57690,17.3474
57691,17.3525
57692,17.3401
57693,17.3076
57694,17.2538
57695,17.1791
57696,17.0861
57697,16.9792
57698,16.8645
57699,16.7495
57700,16.6419
57701,16.5494
57702,16.4788
57703,16.4351
57704,16.4216
57705,16.4392
57706,16.4867
57707,16.5614
57708,16.6586
57709,16.7727
57710,16.8975
57711,17.0261
57712,17.1518
57713,17.2682
57714,17.3696
57715,17.4513
57716,17.5096
57717,17.5428
57718,17.5505
57719,17.5339
57720,17.4961
57721,17.4413
57722,17.3745
57723,17.3015
57724,17.2276
57725,17.1578
57726,17.0957
57727,17.0437
57728,17.0024
57729,16.9712
57730,16.9481
57731,16.9302
57732,16.9143
57733,16.8976
57734,16.8777
57735,16.8531
57736,16.8233
57737,16.789
57738,16.7517
57739,16.7135
57740,16.6775
57741,16.6465
57742,16.6237
57743,16.6118
57744,16.6132
57745,16.6291
57746,16.6601
57747,16.7053
57748,16.7626
57749,16.8287
57750,16.8995
57751,16.97
57752,17.0355
57753,17.0914
57754,17.1342
57755,17.1619
57756,17.1741
57757,17.1719
57758,17.158
57759,17.1363
57760,17.1115
57761,17.0882
57762,17.0705
57763,17.0618
57764,17.0638
57765,17.077
57766,17.1003
57767,17.1316
57768,17.1681
57769,17.2067
57770,17.2441
57771,17.2774
57772,17.3037
57773,17.3211
57774,17.3276
57775,17.3219
57776,17.3033
57777,17.2716
57778,17.2279
57779,17.1742
57780,17.1136
57781,17.0508
57782,16.9908
57783,16.9391
57784,16.9008
57785,16.8799
57786,16.879
57787,16.8989
57788,16.9385
57789,16.9945
57790,17.0625
57791,17.1363
57792,17.2094
57793,17.2749
57794,17.3267
57795,17.3598
57796,17.3708
57797,17.3583
57798,17.3231
57799,17.268
57800,17.1976
57801,17.1178
57802,17.0352
57803,16.9566
57804,16.888
57805,16.8347
57806,16.8002
57807,16.7867
57808,16.7942
57809,16.8214
57810,16.865
57811,16.921
57812,16.9842
57813,17.049
57814,17.11
57815,17.1621
57816,17.2011
57817,17.2241
57818,17.2299
57819,17.2185
57820,17.1916
57821,17.1517
57822,17.1018
57823,17.0455
57824,16.9859
57825,16.9259
57826,16.8676
57827,16.8126
57828,16.7616
57829,16.715
57830,16.6725
57831,16.6334
57832,16.5973
57833,16.5638
57834,16.5329
57835,16.5052
57836,16.4819
57837,16.4649
57838,16.4563
57839,16.4584
57840,16.4733
57841,16.5026
57842,16.5468
57843,16.6056
57844,16.6771
57845,16.7584
57846,16.8455
57847,16.9338
57848,17.0185
57849,17.095
57850,17.1597
57851,17.2097
57852,17.2439
57853,17.2625
57854,17.2673
57855,17.2618
57856,17.2504
57857,17.238
57858,17.2296
57859,17.2294
57860,17.2403
57861,17.2632
57862,17.2969
57863,17.3382
57864,17.3822
57865,17.4228
57866,17.4539
57867,17.4698
57868,17.4664
57869,17.4414
57870,17.3948
57871,17.3287
57872,17.2469
57873,17.1548
57874,17.0582
57875,16.9637
57876,16.8772
57877,16.8041
57878,16.7487
57879,16.7136
57880,16.6999
57881,16.7072
57882,16.7333
57883,16.7751
57884,16.8287
57885,16.8896
57886,16.9536
57887,17.0171
57888,17.0771
57889,17.1318
57890,17.1805
57891,17.2234
57892,17.2614
57893,17.2957
57894,17.3275
57895,17.3578
57896,17.3867
57897,17.4135
57898,17.4368
57899,17.4547
57900,17.465
57901,17.4657
57902,17.4554
57903,17.4335
57904,17.4006
57905,17.3583
57906,17.3093
57907,17.2567
57908,17.2038
57909,17.1535
57910,17.108
57911,17.0691
57912,17.0373
57913,17.013
57914,16.9955
57915,16.9844
57916,16.9791
57917,16.9791
57918,16.9843
57919,16.9947
57920,17.0104
57921,17.031
57922,17.0559
57923,17.0838
57924,17.1129
57925,17.1411
57926,17.1666
57927,17.1879
57928,17.2044
57929,17.2163
57930,17.2249
57931,17.232
57932,17.2402
57933,17.2519
57934,17.269
57935,17.2928
57936,17.3233
57937,17.3591
57938,17.3976
57939,17.4349
57940,17.4667
57941,17.4882
57942,17.4954
57943,17.4849
57944,17.4545
57945,17.4034
57946,17.3326
57947,17.2441
57948,17.1415
57949,17.0287
57950,16.9107
57951,16.7922
57952,16.6781
57953,16.573
57954,16.4811
57955,16.4064
57956,16.352
57957,16.3207
57958,16.3141
57959,16.3327
57960,16.3759
57961,16.4417
57962,16.5269
57963,16.6274
57964,16.7387
57965,16.8558
57966,16.9737
57967,17.0879
57968,17.1943
57969,17.2896
57970,17.3712
57971,17.4371
57972,17.4862
57973,17.5181
57974,17.5329
57975,17.5314
57976,17.5144
57977,17.4836
57978,17.4406
57979,17.3874
57980,17.3261
57981,17.2592
57982,17.1891
57983,17.1187
57984,17.0506
57985,16.9873
57986,16.9314
57987,16.8851
57988,16.8504
57989,16.829
57990,16.8217
57991,16.8291
57992,16.8505
57993,16.8841
57994,16.9272
57995,16.9763
57996,17.0272
57997,17.0759
57998,17.1187
57999,17.1532
58000,17.178
58001,17.1928
58002,17.1985
58003,17.197
58004,17.1905
58005,17.1814
58006,17.1719
58007,17.1643
58008,17.1603
58009,17.161
58010,17.1675
58011,17.1799
58012,17.1981
58013,17.2211
58014,17.2473
58015,17.2745
58016,17.3002
58017,17.3215
58018,17.3355
58019,17.3394
58020,17.3311
58021,17.3091
58022,17.2728
58023,17.2229
58024,17.1612
58025,17.0909
58026,17.0159
58027,16.941
58028,16.8713
58029,16.8117
58030,16.7663
58031,16.7381
58032,16.7286
58033,16.7378
58034,16.7641
58035,16.8046
58036,16.8554
58037,16.9121
58038,16.97
58039,17.0246
58040,17.0718
58041,17.1084
58042,17.132
58043,17.1412
58044,17.1359
58045,17.1169
58046,17.0864
58047,17.0475
58048,17.0039
58049,16.9597
58050,16.919
58051,16.8855
58052,16.8618
58053,16.8496
58054,16.8491
58055,16.8594
58056,16.8786
58057,16.904
58058,16.933
58059,16.9628
58060,16.9912
58061,17.0165
58062,17.0377
58063,17.0542
58064,17.0656
58065,17.0717
58066,17.0725
58067,17.0674
58068,17.056
58069,17.0377
58070,17.0119
58071,16.9786
58072,16.9384
58073,16.8928
58074,16.8438
58075,16.7942
58076,16.7471
58077,16.706
58078,16.6738
58079,16.6531
58080,16.6457
58081,16.6526
58082,16.6733
58083,16.7068
58084,16.7506
58085,16.8016
58086,16.856
58087,16.9096
58088,16.9582
58089,16.9979
58090,17.0256
58091,17.0388
58092,17.0365
58093,17.0188
58094,16.9871
58095,16.9445
58096,16.8953
58097,16.8449
58098,16.7991
58099,16.764
58100,16.7452
58101,16.7467
58102,16.771
58103,16.818
58104,16.8856
58105,16.9694
58106,17.0636
58107,17.161
58108,17.2541
58109,17.336
58110,17.4004
58111,17.4431
58112,17.4616
58113,17.4559
58114,17.4282
58115,17.3824
58116,17.3238
58117,17.2582
58118,17.1912
58119,17.1272
58120,17.0695
58121,17.0196
58122,16.9775
58123,16.9419
58124,16.9109
58125,16.8822
58126,16.8541
58127,16.8261
58128,16.7984
58129,16.7728
58130,16.7522
58131,16.7399
58132,16.7395
58133,16.7545
58134,16.787
58135,16.8382
58136,16.9075
58137,16.9929
58138,17.0906
58139,17.1956
58140,17.3018
58141,17.403
58142,17.4931
58143,17.5667
58144,17.6196
58145,17.6492
58146,17.6547
58147,17.6366
58148,17.597
58149,17.5392
58150,17.4669
58151,17.3843
58152,17.2958
58153,17.2054
58154,17.1164
58155,17.032
58156,16.9546
58157,16.8866
58158,16.83
58159,16.7868
58160,16.7587
58161,16.7471
58162,16.7525
58163,16.7746
58164,16.8118
58165,16.8616
58166,16.9203
58167,16.9835
58168,17.0461
58169,17.1029
58170,17.1488
58171,17.179
58172,17.1896
58173,17.1781
58174,17.1436
58175,17.087
58176,17.0109
58177,16.92
58178,16.8199
58179,16.7176
58180,16.62
58181,16.534
58182,16.4651
58183,16.4179
58184,16.3948
58185,16.3963
58186,16.4211
58187,16.4663
58188,16.5276
58189,16.6001
58190,16.6787
58191,16.7585
58192,16.8349
58193,16.9042
58194,16.963
58195,17.009
58196,17.0405
58197,17.0566
58198,17.0569
58199,17.0424
58200,17.0145
58201,16.9756
58202,16.929
58203,16.8784
58204,16.8277
58205,16.7808
58206,16.7413
58207,16.7117
58208,16.6942
58209,16.6894
58210,16.6972
58211,16.7166
58212,16.7459
58213,16.7829
58214,16.8253
58215,16.8705
58216,16.9161
58217,16.96
58218,17.0002
58219,17.0352
58220,17.0638
58221,17.0852
58222,17.0992
58223,17.1055
58224,17.1045
58225,17.0964
58226,17.0817
58227,17.0615
58228,17.0367
58229,17.009
58230,16.9804
58231,16.9533
58232,16.9303
58233,16.9139
58234,16.9059
58235,16.9077
58236,16.919
58237,16.939
58238,16.9655
58239,16.9959
58240,17.0272
58241,17.0567
58242,17.0819
58243,17.1011
58244,17.1131
58245,17.1175
58246,17.1145
58247,17.1045
58248,17.0887
58249,17.0682
58250,17.0444
58251,17.0189
58252,16.9929
58253,16.9679
58254,16.9451
58255,16.9258
58256,16.9111
58257,16.9023
58258,16.9006
58259,16.9069
58260,16.9219
58261,16.9456
58262,16.9775
58263,17.0159
58264,17.0586
58265,17.1023
58266,17.1432
58267,17.1773
58268,17.2005
58269,17.2092
58270,17.2006
58271,17.1733
58272,17.1269
58273,17.0629
58274,16.9836
58275,16.8929
58276,16.7954
58277,16.6962
58278,16.6005
58279,16.5136
58280,16.4402
58281,16.3839
58282,16.3476
58283,16.3332
58284,16.3413
58285,16.3717
58286,16.4231
58287,16.4936
58288,16.5803
58289,16.6796
58290,16.7871
58291,16.8977
58292,17.0059
58293,17.1057
58294,17.1917
58295,17.2588
58296,17.3035
58297,17.3235
58298,17.3186
58299,17.2906
58300,17.2433
58301,17.182
58302,17.1131
58303,17.0438
58304,16.9808
58305,16.9304
58306,16.8971
58307,16.8838
58308,16.8912
58309,16.9176
58310,16.9598
58311,17.0128
58312,17.071
58313,17.1285
58314,17.1797
58315,17.2202
58316,17.2468
58317,17.2581
58318,17.2542
58319,17.2365
58320,17.2077
58321,17.1714
58322,17.1318
58323,17.0928
58324,17.0582
58325,17.0309
58326,17.0126
58327,17.0038
58328,17.0036
58329,17.0102
58330,17.0212
58331,17.0338
58332,17.0456
58333,17.0547
58334,17.0602
58335,17.0622
58336,17.0614
58337,17.0597
58338,17.0589
58339,17.0611
58340,17.0682
58341,17.0816
58342,17.1024
58343,17.1313
58344,17.1684
58345,17.2133
58346,17.2652
58347,17.3226
58348,17.3834
58349,17.4448
58350,17.5041
58351,17.5579
58352,17.6033
58353,17.6375
58354,17.6583
58355,17.6644
58356,17.6553
58357,17.6313
58358,17.5939
58359,17.5454
58360,17.489
58361,17.4282
58362,17.3667
58363,17.3081
58364,17.2553
58365,17.2103
58366,17.1742
58367,17.147
58368,17.1281
58369,17.1162
58370,17.1097
58371,17.1072
58372,17.107
58373,17.1075
58374,17.1068
58375,17.1032
58376,17.0947
58377,17.0796
58378,17.0569
58379,17.0261
58380,16.9882
58381,16.945
58382,16.899
58383,16.8534
58384,16.8109
58385,16.7739
58386,16.7435
58387,16.72
58388,16.7024
58389,16.6892
58390,16.6787
58391,16.6695
58392,16.661
58393,16.6538
58394,16.6491
58395,16.6491
58396,16.6562
58397,16.6727
58398,16.7003
58399,16.7399
58400,16.7912
58401,16.8527
58402,16.9217
58403,16.9946
58404,17.0671
58405,17.1352
58406,17.1948
58407,17.2431
58408,17.2784
58409,17.3003
58410,17.3099
58411,17.3096
58412,17.3028
58413,17.293
58414,17.2839
58415,17.2788
58416,17.2797
58417,17.2878
58418,17.3028
58419,17.3235
58420,17.3471
58421,17.3705
58422,17.3897
58423,17.401
58424,17.4008
58425,17.3868
58426,17.3576
58427,17.3132
58428,17.2554
58429,17.187
58430,17.1118
58431,17.0346
58432,16.9601
58433,16.8932
58434,16.8383
58435,16.7988
58436,16.7773
58437,16.775
58438,16.7915
58439,16.8256
58440,16.8749
58441,16.9363
58442,17.0068
58443,17.0829
58444,17.1616
58445,17.2399
58446,17.3152
58447,17.3852
58448,17.4482
58449,17.5026
58450,17.5477
58451,17.5832
58452,17.6093
58453,17.6265
58454,17.6352
58455,17.636
58456,17.6293
58457,17.6153
58458,17.5942
58459,17.5661
58460,17.5312
58461,17.4898
58462,17.4424
58463,17.3901
58464,17.3344
58465,17.2776
58466,17.2226
58467,17.173
58468,17.1321
58469,17.103
58470,17.088
58471,17.0882
58472,17.1035
58473,17.1323
58474,17.1721
58475,17.2192
58476,17.2693
58477,17.3176
58478,17.3593
58479,17.39
58480,17.4061
58481,17.4055
58482,17.3877
58483,17.3536
58484,17.3063
58485,17.2499
58486,17.1898
58487,17.1317
58488,17.081
58489,17.0422
58490,17.018
58491,17.0095
58492,17.0156
58493,17.0337
58494,17.0599
58495,17.0896
58496,17.1181
58497,17.1408
58498,17.1542
58499,17.155
58500,17.1411
58501,17.1113
58502,17.0654
58503,17.0046
58504,16.9312
58505,16.8489
58506,16.7624
58507,16.6774
58508,16.5994
58509,16.5338
58510,16.4846
58511,16.4544
58512,16.444
58513,16.4524
58514,16.4772
58515,16.5147
58516,16.5608
58517,16.611
58518,16.6609
58519,16.7068
58520,16.7453
58521,16.7739
58522,16.791
58523,16.7958
58524,16.7882
58525,16.7688
58526,16.739
58527,16.7008
58528,16.6566
58529,16.6091
58530,16.5613
58531,16.5162
58532,16.4766
58533,16.4449
58534,16.4228
58535,16.4115
58536,16.4109
58537,16.4206
58538,16.439
58539,16.4643
58540,16.4945
58541,16.5275
58542,16.5616
58543,16.5952
58544,16.6275
58545,16.6576
58546,16.6852
58547,16.71
58548,16.7318
58549,16.7505
58550,16.7662
58551,16.779
58552,16.7893
58553,16.7977
58554,16.8047
58555,16.8112
58556,16.8179
58557,16.8251
58558,16.8337
58559,16.844
58560,16.8567
58561,16.8725
58562,16.8918
58563,16.9153
58564,16.9431
58565,16.975
58566,17.0102
58567,17.0475
58568,17.0855
58569,17.1224
58570,17.1567
58571,17.1871
58572,17.2128
58573,17.2336
58574,17.25
58575,17.2627
58576,17.2727
58577,17.2807
58578,17.2872
58579,17.292
58580,17.2941
58581,17.2921
58582,17.2841
58583,17.2678
58584,17.2411
58585,17.2021
58586,17.1494
58587,17.0824
58588,17.002
58589,16.9101
58590,16.8104
58591,16.7077
58592,16.6079
58593,16.517
58594,16.4409
58595,16.3844
58596,16.3509
58597,16.342
58598,16.3571
58599,16.3936
58600,16.4471
58601,16.5121
58602,16.5826
58603,16.6528
58604,16.7175
58605,16.7733
58606,16.8179
58607,16.8507
58608,16.8725
58609,16.885
58610,16.8907
58611,16.8924
58612,16.8925
58613,16.8933
58614,16.8962
58615,16.9022
58616,16.9118
58617,16.925
58618,16.9421
58619,16.9634
58620,16.9897
58621,17.0219
58622,17.0606
58623,17.106
58624,17.1573
58625,17.2122
58626,17.2672
58627,17.3174
58628,17.3575
58629,17.3821
58630,17.3869
58631,17.3692
58632,17.3282
58633,17.2658
58634,17.1858
58635,17.094
58636,16.9974
58637,16.9039
58638,16.8211
58639,16.7558
58640,16.7136
58641,16.6979
58642,16.7099
58643,16.7484
58644,16.81
58645,16.8893
58646,16.9794
58647,17.073
58648,17.1627
58649,17.2421
58650,17.3059
58651,17.3508
58652,17.3755
58653,17.3804
58654,17.3678
58655,17.341
58656,17.3042
58657,17.2618
58658,17.2177
58659,17.1753
58660,17.1369
58661,17.1041
58662,17.0775
58663,17.0571
58664,17.0423
58665,17.0324
58666,17.0267
58667,17.0241
58668,17.0238
58669,17.0249
58670,17.0267
58671,17.0284
58672,17.0294
58673,17.029
58674,17.027
58675,17.023
58676,17.0173
58677,17.01
58678,17.0012
58679,16.991
58680,16.9791
58681,16.9646
58682,16.9462
58683,16.9222
58684,16.891
58685,16.8511
58686,16.8018
58687,16.7436
58688,16.6778
58689,16.6072
58690,16.5357
58691,16.4675
58692,16.4074
58693,16.3598
58694,16.3283
58695,16.3159
58696,16.3243
58697,16.3545
58698,16.4063
58699,16.4786
58700,16.5695
58701,16.6761
58702,16.7946
58703,16.9204
58704,17.0481
58705,17.1723
58706,17.2872
58707,17.3874
58708,17.4684
58709,17.5267
58710,17.5602
58711,17.5685
58712,17.5532
58713,17.5178
58714,17.4676
58715,17.4089
58716,17.349
58717,17.2949
58718,17.2525
58719,17.2266
58720,17.2194
58721,17.231
58722,17.2591
58723,17.2995
58724,17.3462
58725,17.3926
58726,17.4319
58727,17.4582
58728,17.4671
58729,17.4561
58730,17.4249
58731,17.3754
58732,17.3113
58733,17.2375
58734,17.1597
58735,17.0839
58736,17.0155
58737,16.9591
58738,16.9184
58739,16.8953
58740,16.8903
58741,16.9023
58742,16.929
58743,16.9668
58744,17.0115
58745,17.0589
58746,17.105
58747,17.1468
58748,17.182
58749,17.2092
58750,17.2281
58751,17.2389
58752,17.2421
58753,17.2385
58754,17.2287
58755,17.2136
58756,17.1936
58757,17.1695
58758,17.142
58759,17.1122
58760,17.0813
58761,17.0511
58762,17.0236
58763,17.0007
58764,16.9847
58765,16.9777
58766,16.9814
58767,16.9969
58768,17.0245
58769,17.0638
58770,17.1132
58771,17.1705
58772,17.2329
58773,17.2974
58774,17.3612
58775,17.4217
58776,17.477
58777,17.5257
58778,17.5672
58779,17.6008
58780,17.6264
58781,17.6433
58782,17.651
58783,17.6484
58784,17.6349
58785,17.6099
58786,17.5733
58787,17.5261
58788,17.4697
58789,17.4069
58790,17.3406
58791,17.2743
58792,17.211
58793,17.1533
58794,17.1029
58795,17.0604
58796,17.0258
58797,16.9984
58798,16.9773
58799,16.9622
58800,16.9526
58801,16.9491
58802,16.9524
58803,16.9635
58804,16.9833
58805,17.0122
58806,17.0497
58807,17.0947
58808,17.1447
58809,17.1965
58810,17.2461
58811,17.289
58812,17.3205
58813,17.3368
58814,17.3351
58815,17.314
58816,17.2746
58817,17.2199
58818,17.1548
58819,17.0858
58820,17.02
58821,16.9643
58822,16.9249
58823,16.9059
58824,16.9096
58825,16.9363
58826,16.9839
58827,17.0489
58828,17.1267
58829,17.212
58830,17.2995
58831,17.3839
58832,17.4608
58833,17.5264
58834,17.5777
58835,17.6122
58836,17.6284
58837,17.625
58838,17.6018
58839,17.5593
58840,17.4986
58841,17.4223
58842,17.3335
58843,17.2367
58844,17.1368
58845,17.0392
58846,16.9497
58847,16.8734
58848,16.8149
58849,16.7777
58850,16.764
58851,16.7742
58852,16.8075
58853,16.8613
58854,16.9317
58855,17.0134
58856,17.1004
58857,17.1858
58858,17.2629
58859,17.3251
58860,17.367
58861,17.3844
58862,17.3749
58863,17.338
58864,17.2752
58865,17.19
58866,17.0877
58867,16.9748
58868,16.8587
58869,16.747
58870,16.647
58871,16.5647
58872,16.5049
58873,16.4701
58874,16.4612
58875,16.4771
58876,16.5151
58877,16.5715
58878,16.642
58879,16.7221
58880,16.8075
58881,16.8942
58882,16.9788
58883,17.0585
58884,17.131
58885,17.1947
58886,17.2485
58887,17.2918
58888,17.3245
58889,17.3468
58890,17.359
58891,17.3618
58892,17.3559
58893,17.3419
58894,17.3206
58895,17.2927
58896,17.2592
58897,17.2209
58898,17.1792
58899,17.1356
58900,17.092
58901,17.0504
58902,17.013
58903,16.9816
58904,16.9576
58905,16.9422
58906,16.9357
58907,16.9385
58908,16.9501
58909,16.9704
58910,16.9984
58911,17.0332
58912,17.0735
58913,17.1174
58914,17.1627
58915,17.2071
58916,17.2484
58917,17.2847
58918,17.3149
58919,17.3388
58920,17.3567
58921,17.3695
58922,17.3783
58923,17.3838
58924,17.3865
58925,17.386
58926,17.3816
58927,17.3724
58928,17.3573
58929,17.3354
58930,17.3057
58931,17.2676
58932,17.2208
58933,17.1653
58934,17.1018
58935,17.0316
58936,16.9571
58937,16.8816
58938,16.809
58939,16.7438
58940,16.6906
58941,16.6538
58942,16.6369
58943,16.6425
58944,16.6718
58945,16.725
58946,16.8003
58947,16.8949
58948,17.0047
58949,17.1241
58950,17.2473
58951,17.3678
58952,17.4793
58953,17.5763
58954,17.654
58955,17.7092
58956,17.7402
58957,17.7469
58958,17.7307
58959,17.6941
58960,17.641
58961,17.5755
58962,17.502
58963,17.4248
58964,17.3476
58965,17.2738
58966,17.2058
58967,17.1455
58968,17.0942
58969,17.0527
58970,17.0214
58971,16.9999
58972,16.9876
58973,16.9835
58974,16.9863
58975,16.9944
58976,17.0062
58977,17.0203
58978,17.0351
58979,17.0496
58980,17.0624
58981,17.0725
58982,17.0786
58983,17.0795
58984,17.074
58985,17.0612
58986,17.0406
58987,17.0123
58988,16.9769
58989,16.9353
58990,16.8888
58991,16.839
58992,16.7871
58993,16.7346
58994,16.683
58995,16.6336
58996,16.588
58997,16.5477
58998,16.5142
58999,16.4889
59000,16.473
59001,16.4675
59002,16.4731
59003,16.4904
59004,16.5196
59005,16.5606
59006,16.6126
59007,16.6742
59008,16.7433
59009,16.817
59010,16.8919
59011,16.9638
59012,17.0289
59013,17.0833
59014,17.124
59015,17.1489
59016,17.1574
59017,17.1505
59018,17.1302
59019,17.0999
59020,17.0634
59021,17.0249
59022,16.9884
59023,16.9571
59024,16.9339
59025,16.9207
59026,16.9188
59027,16.929
59028,16.951
59029,16.9842
59030,17.0271
59031,17.0773
59032,17.1314
59033,17.1857
59034,17.2358
59035,17.2775
59036,17.3072
59037,17.3222
59038,17.3209
59039,17.3032
59040,17.2705
59041,17.2252
59042,17.1712
59043,17.1125
59044,17.0537
59045,16.9989
59046,16.9518
59047,16.9149
59048,16.8899
59049,16.877
59050,16.8754
59051,16.8835
59052,16.8988
59053,16.9184
59054,16.9393
59055,16.9584
59056,16.9729
59057,16.9802
59058,16.9786
59059,16.9672
59060,16.9457
59061,16.9152
59062,16.8773
59063,16.8343
59064,16.7889
59065,16.744
59066,16.7022
59067,16.6658
59068,16.6364
59069,16.6149
59070,16.6019
59071,16.5972
59072,16.6003
59073,16.6105
59074,16.6272
59075,16.6499
59076,16.6783
59077,16.7124
59078,16.7524
59079,16.7983
59080,16.8502
59081,16.9078
59082,16.9704
59083,17.0366
59084,17.1041
59085,17.1697
59086,17.2295
59087,17.2789
59088,17.3131
59089,17.3279
59090,17.3198
59091,17.2873
59092,17.2307
59093,17.1526
59094,17.0581
59095,16.9538
59096,16.8478
59097,16.7487
59098,16.6648
59099,16.6028
59100,16.5675
59101,16.5607
59102,16.5816
59103,16.626
59104,16.6876
59105,16.7586
59106,16.8303
59107,16.8946
59108,16.9448
59109,16.9763
59110,16.987
59111,16.9779
59112,16.9523
59113,16.9158
59114,16.8752
59115,16.8376
59116,16.8095
59117,16.7961
59118,16.8005
59119,16.8234
59120,16.8635
59121,16.9176
59122,16.9816
59123,17.0506
59124,17.1205
59125,17.1881
59126,17.2513
59127,17.3091
59128,17.3615
59129,17.4088
59130,17.4514
59131,17.4891
59132,17.5216
59133,17.5478
59134,17.5666
59135,17.5764
59136,17.5761
59137,17.5646
59138,17.5414
59139,17.5067
59140,17.4614
59141,17.4071
59142,17.3461
59143,17.2806
59144,17.2131
59145,17.1455
59146,17.0796
59147,17.0162
59148,16.9559
59149,16.8988
59150,16.8449
59151,16.7946
59152,16.7482
59153,16.7065
59154,16.6707
59155,16.6417
59156,16.6209
59157,16.6091
59158,16.6071
59159,16.6153
59160,16.6339
59161,16.6624
59162,16.6999
59163,16.7448
59164,16.7945
59165,16.8459
59166,16.8954
59167,16.939
59168,16.9731
59169,16.9939
59170,16.9985
59171,16.9847
59172,16.9516
59173,16.8998
59174,16.8317
59175,16.7514
59176,16.6649
59177,16.5792
59178,16.5018
59179,16.44
59180,16.3996
59181,16.3846
59182,16.3969
59183,16.4356
59184,16.4977
59185,16.5781
59186,16.6707
59187,16.7684
59188,16.8642
59189,16.9517
59190,17.0255
59191,17.0816
59192,17.1176
59193,17.1329
59194,17.1284
59195,17.1068
59196,17.0718
59197,17.0278
59198,16.9799
59199,16.9328
59200,16.8909
59201,16.8579
59202,16.8365
59203,16.8285
59204,16.8345
59205,16.8544
59206,16.887
59207,16.9303
59208,16.9818
59209,17.0387
59210,17.0977
59211,17.1554
59212,17.2087
59213,17.2545
59214,17.29
59215,17.3131
59216,17.3221
59217,17.316
59218,17.2945
59219,17.2578
59220,17.2068
59221,17.1428
59222,17.0681
59223,16.9856
59224,16.8988
59225,16.8119
59226,16.7296
59227,16.6563
59228,16.5963
59229,16.5529
59230,16.5286
59231,16.5243
59232,16.54
59233,16.5745
59234,16.6256
59235,16.6906
59236,16.7668
59237,16.8509
59238,16.9402
59239,17.0317
59240,17.1224
59241,17.2094
59242,17.2898
59243,17.3607
59244,17.4195
59245,17.4638
59246,17.4921
59247,17.503
59248,17.4963
59249,17.4725
59250,17.4333
59251,17.3809
59252,17.3187
59253,17.2503
59254,17.1801
59255,17.1121
59256,17.0503
59257,16.998
59258,16.958
59259,16.9323
59260,16.922
59261,16.9275
59262,16.9485
59263,16.9842
59264,17.0332
59265,17.0933
59266,17.1622
59267,17.237
59268,17.3145
59269,17.3914
59270,17.4644
59271,17.5302
59272,17.5856
59273,17.6279
59274,17.6546
59275,17.6638
59276,17.6542
59277,17.6253
59278,17.5771
59279,17.5105
59280,17.427
59281,17.3287
59282,17.2187
59283,17.1007
59284,16.9795
59285,16.8604
59286,16.7492
59287,16.652
59288,16.5744
59289,16.5209
59290,16.4948
59291,16.4969
59292,16.5264
59293,16.5801
59294,16.6532
59295,16.7396
59296,16.8327
59297,16.9255
59298,17.0117
59299,17.0857
59300,17.1436
59301,17.1827
59302,17.2023
59303,17.2031
59304,17.1872
59305,17.1577
59306,17.1182
59307,17.0725
59308,17.0239
59309,16.9752
59310,16.9285
59311,16.8853
59312,16.8467
59313,16.8131
59314,16.7852
59315,16.7634
59316,16.7484
59317,16.741
59318,16.7418
59319,16.7515
59320,16.7703
59321,16.7981
59322,16.8344
59323,16.8778
59324,16.9265
59325,16.9778
59326,17.0288
59327,17.0764
59328,17.1174
59329,17.1493
59330,17.1704
59331,17.1798
59332,17.1775
59333,17.1643
59334,17.1415
59335,17.1111
59336,17.0747
59337,17.0343
59338,16.9915
59339,16.9478
59340,16.9047
59341,16.8635
59342,16.8256
59343,16.7924
59344,16.7651
59345,16.7449
59346,16.7327
59347,16.7295
59348,16.736
59349,16.7527
59350,16.78
59351,16.8179
59352,16.8658
59353,16.9232
59354,16.9889
59355,17.0611
59356,17.138
59357,17.2168
59358,17.2946
59359,17.3677
59360,17.4323
59361,17.4845
59362,17.5202
59363,17.5357
59364,17.5284
59365,17.4964
59366,17.4396
59367,17.3596
59368,17.2605
59369,17.1484
59370,17.0313
59371,16.9184
59372,16.8196
59373,16.7437
59374,16.6982
59375,16.6876
59376,16.7134
59377,16.7733
59378,16.8621
59379,16.9714
59380,17.0915
59381,17.2115
59382,17.3211
59383,17.4111
59384,17.4749
59385,17.508
59386,17.5092
59387,17.4799
59388,17.424
59389,17.3471
59390,17.2563
59391,17.159
59392,17.0626
59393,16.9741
59394,16.899
59395,16.842
59396,16.8059
59397,16.7922
59398,16.8007
59399,16.8299
59400,16.877
59401,16.9384
59402,17.0099
59403,17.0872
59404,17.1658
59405,17.2417
59406,17.311
59407,17.3704
59408,17.4165
59409,17.4467
59410,17.4589
59411,17.4517
59412,17.425
59413,17.38
59414,17.3196
59415,17.2476
59416,17.1692
59417,17.0896
59418,17.0141
59419,16.9471
59420,16.892
59421,16.8504
59422,16.8224
59423,16.8066
59424,16.8003
59425,16.7999
59426,16.8019
59427,16.8029
59428,16.8001
59429,16.7919
59430,16.7776
59431,16.7576
59432,16.7331
59433,16.7059
59434,16.6783
59435,16.6525
59436,16.6311
59437,16.6163
59438,16.6105
59439,16.6162
59440,16.6353
59441,16.6698
59442,16.7206
59443,16.7875
59444,16.869
59445,16.9619
59446,17.0618
59447,17.163
59448,17.2592
59449,17.3438
59450,17.4104
59451,17.4539
59452,17.4707
59453,17.4596
59454,17.422
59455,17.3617
59456,17.2849
59457,17.1989
59458,17.1118
59459,17.031
59460,16.9628
59461,16.9117
59462,16.8803
59463,16.8691
59464,16.8766
59465,16.9005
59466,16.9372
59467,16.9829
59468,17.0338
59469,17.0863
59470,17.1374
59471,17.1847
59472,17.2266
59473,17.2622
59474,17.2911
59475,17.3133
59476,17.329
59477,17.3382
59478,17.3406
59479,17.3357
59480,17.3227
59481,17.301
59482,17.2701
59483,17.2301
59484,17.1819
59485,17.1268
59486,17.0668
59487,17.0044
59488,16.942
59489,16.8824
59490,16.8279
59491,16.7805
59492,16.742
59493,16.7131
59494,16.6942
59495,16.6849
59496,16.6842
59497,16.691
59498,16.7039
59499,16.722
59500,16.7446
59501,16.7716
59502,16.8029
59503,16.8383
59504,16.8776
59505,16.9196
59506,16.9627
59507,17.0048
59508,17.0436
59509,17.0769
59510,17.103
59511,17.1214
59512,17.1321
59513,17.1363
59514,17.1357
59515,17.1319
59516,17.1266
59517,17.121
59518,17.1155
59519,17.1098
59520,17.103
59521,17.0937
59522,17.0802
59523,17.061
59524,17.0346
59525,17.0003
59526,16.958
59527,16.9087
59528,16.854
59529,16.7963
59530,16.7391
59531,16.6859
59532,16.641
59533,16.6083
59534,16.5915
59535,16.5932
59536,16.6146
59537,16.6553
59538,16.7129
59539,16.7835
59540,16.8616
59541,16.9413
59542,17.0166
59543,17.0822
59544,17.1341
59545,17.1702
59546,17.19
59547,17.1951
59548,17.1886
59549,17.1747
59550,17.1583
59551,17.1443
59552,17.1371
59553,17.1397
59554,17.1541
59555,17.1804
59556,17.2175
59557,17.2628
59558,17.313
59559,17.3642
59560,17.412
59561,17.4526
59562,17.4826
59563,17.4997
59564,17.5025
59565,17.491
59566,17.4659
59567,17.429
59568,17.3826
59569,17.3288
59570,17.2701
59571,17.2083
59572,17.1453
59573,17.0826
59574,17.0216
59575,16.9635
59576,16.9091
59577,16.8593
59578,16.8145
59579,16.775
59580,16.7409
59581,16.7122
59582,16.6892
59583,16.672
59584,16.6611
59585,16.6571
59586,16.6604
59587,16.6712
59588,16.6891
59589,16.7135
59590,16.7431
59591,16.7767
59592,16.8126
59593,16.8494
59594,16.8861
59595,16.9216
59596,16.9551
59597,16.9856
59598,17.0126
59599,17.0352
59600,17.0527
59601,17.0649
59602,17.0716
59603,17.0731
59604,17.0699
59605,17.063
59606,17.0533
59607,17.0417
59608,17.0293
59609,17.0167
59610,17.0045
59611,16.9928
59612,16.982
59613,16.9724
59614,16.9643
59615,16.9578
59616,16.9532
59617,16.9503
59618,16.9487
59619,16.9474
59620,16.945
59621,16.94
59622,16.931
59623,16.9168
59624,16.8965
59625,16.8699
59626,16.8374
59627,16.8001
59628,16.7594
59629,16.7175
59630,16.6764
59631,16.6386
59632,16.606
59633,16.5802
59634,16.5621
59635,16.5516
59636,16.5476
59637,16.5483
59638,16.5512
59639,16.5535
59640,16.5524
59641,16.5456
59642,16.5317
59643,16.51
59644,16.4813
59645,16.4471
59646,16.4099
59647,16.3728
59648,16.3396
59649,16.3136
59650,16.2983
59651,16.2962
59652,16.3094
59653,16.3388
59654,16.3846
59655,16.446
59656,16.5215
59657,16.609
59658,16.7057
59659,16.8085
59660,16.914
59661,17.0185
59662,17.1183
59663,17.2098
59664,17.2897
59665,17.3549
59666,17.403
59667,17.4319
59668,17.4408
59669,17.4295
59670,17.3992
59671,17.3521
59672,17.2914
59673,17.221
59674,17.1453
59675,17.0687
59676,16.995
59677,16.9277
59678,16.8693
59679,16.8213
59680,16.7842
59681,16.7579
59682,16.7418
59683,16.735
59684,16.7366
59685,16.7455
59686,16.7608
59687,16.7816
59688,16.8067
59689,16.8348
59690,16.8648
59691,16.8953
59692,16.9252
59693,16.9536
59694,16.9798
59695,17.0036
59696,17.0249
59697,17.0435
59698,17.0593
59699,17.0719
59700,17.0808
59701,17.0854
59702,17.0851
59703,17.08
59704,17.0707
59705,17.0586
59706,17.0458
59707,17.0349
59708,17.0286
59709,17.0295
59710,17.0393
59711,17.0586
59712,17.0866
59713,17.1215
59714,17.1598
59715,17.1979
59716,17.2315
59717,17.2569
59718,17.2712
59719,17.2727
59720,17.2608
59721,17.2361
59722,17.2003
59723,17.1554
59724,17.1039
59725,17.0485
59726,16.9919
59727,16.9367
59728,16.8859
59729,16.8421
59730,16.8084
59731,16.7876
59732,16.7821
59733,16.7936
59734,16.8228
59735,16.8693
59736,16.9314
59737,17.0063
59738,17.0902
59739,17.1787
59740,17.2669
59741,17.3496
59742,17.4219
59743,17.4794
59744,17.5181
59745,17.5353
59746,17.5298
59747,17.5016
59748,17.4522
59749,17.3848
59750,17.3035
59751,17.2134
59752,17.1201
59753,17.0291
59754,16.9453
59755,16.8728
59756,16.8148
59757,16.7733
59758,16.749
59759,16.7421
59760,16.7521
59761,16.7778
59762,16.8179
59763,16.8705
59764,16.9334
59765,17.0042
59766,17.0796
59767,17.1564
59768,17.2311
59769,17.3005
59770,17.3617
59771,17.4127
59772,17.4521
59773,17.4792
59774,17.4939
59775,17.4961
59776,17.4861
59777,17.4637
59778,17.429
59779,17.3816
59780,17.3216
59781,17.2497
59782,17.1672
59783,17.0765
59784,16.9809
59785,16.8847
59786,16.7929
59787,16.7106
59788,16.6426
59789,16.5929
59790,16.5643
59791,16.5581
59792,16.5739
59793,16.6095
59794,16.6614
59795,16.7252
59796,16.796
59797,16.8688
59798,16.9396
59799,17.0052
59800,17.0634
59801,17.1132
59802,17.1544
59803,17.1872
59804,17.2126
59805,17.2312
59806,17.2436
59807,17.2499
59808,17.25
59809,17.2432
59810,17.2288
59811,17.2063
59812,17.1756
59813,17.1374
59814,17.0933
59815,17.0458
59816,16.9983
59817,16.9543
59818,16.9175
59819,16.8912
59820,16.878
59821,16.8796
59822,16.897
59823,16.9298
59824,16.977
59825,17.0364
59826,17.105
59827,17.1792
59828,17.2547
59829,17.3272
59830,17.3922
59831,17.4456
59832,17.4838
59833,17.5039
59834,17.5042
59835,17.484
59836,17.4441
59837,17.3868
59838,17.316
59839,17.2367
59840,17.1551
59841,17.0777
59842,17.0114
59843,16.9623
59844,16.9355
59845,16.9345
59846,16.9606
59847,17.0127
59848,17.0874
59849,17.1788
59850,17.2792
59851,17.3796
59852,17.4707
59853,17.5438
59854,17.5917
59855,17.6094
59856,17.5951
59857,17.5499
59858,17.4777
59859,17.3852
59860,17.2802
59861,17.1712
59862,17.066
59863,16.9713
59864,16.8921
59865,16.8317
59866,16.7914
59867,16.7713
59868,16.7699
59869,16.7849
59870,16.8137
59871,16.853
59872,16.9
59873,16.9518
59874,17.006
59875,17.0607
59876,17.1139
59877,17.1639
59878,17.2092
59879,17.248
59880,17.2789
59881,17.3004
59882,17.3116
59883,17.3117
59884,17.3008
59885,17.2792
59886,17.2482
59887,17.2093
59888,17.1643
59889,17.1153
59890,17.0643
59891,17.0133
59892,16.9638
59893,16.9172
59894,16.8746
59895,16.8369
59896,16.8048
59897,16.7792
59898,16.7608
59899,16.7507
59900,16.7498
59901,16.7586
59902,16.7773
59903,16.805
59904,16.8403
59905,16.8807
59906,16.9229
59907,16.9633
59908,16.9981
59909,17.0237
59910,17.0375
59911,17.0375
59912,17.0235
59913,16.996
59914,16.9573
59915,16.9102
59916,16.8583
59917,16.8057
59918,16.7563
59919,16.7134
59920,16.68
59921,16.6575
59922,16.6465
59923,16.6465
59924,16.6557
59925,16.6718
59926,16.6918
59927,16.7131
59928,16.7335
59929,16.7515
59930,16.7665
59931,16.7787
59932,16.7889
59933,16.798
59934,16.8069
59935,16.8159
59936,16.8249
59937,16.8328
59938,16.8384
59939,16.8404
59940,16.8374
59941,16.8292
59942,16.816
59943,16.7997
59944,16.7827
59945,16.7686
59946,16.761
59947,16.7632
59948,16.7778
59949,16.8059
59950,16.8472
59951,16.9
59952,16.9611
59953,17.0264
59954,17.0914
59955,17.1513
59956,17.2019
59957,17.2395
59958,17.2617
59959,17.2671
59960,17.2553
59961,17.2275
59962,17.1858
59963,17.1337
59964,17.0753
59965,17.0153
59966,16.9585
59967,16.909
59968,16.8701
59969,16.8437
59970,16.8305
59971,16.8296
59972,16.8391
59973,16.8564
59974,16.8787
59975,16.9035
59976,16.929
59977,16.9542
59978,16.9791
59979,17.0046
59980,17.032
59981,17.0629
59982,17.0982
59983,17.1382
59984,17.1822
59985,17.2281
59986,17.2729
59987,17.3131
59988,17.3444
59989,17.3632
59990,17.3664
59991,17.3519
59992,17.3192
59993,17.2692
59994,17.2045
59995,17.1287
59996,17.046
59997,16.9609
59998,16.8769
59999,16.7969
60000,16.7227
60001,16.6549
60002,16.5938
60003,16.5391
60004,16.4909
60005,16.4497
60006,16.4168
60007,16.3939
60008,16.3831
60009,16.3864
60010,16.4055
60011,16.4412
60012,16.493
60013,16.5593
60014,16.6372
60015,16.7228
60016,16.8116
60017,16.8988
60018,16.9797
60019,17.0501
60020,17.1068
60021,17.1476
60022,17.1715
60023,17.179
60024,17.1718
60025,17.1526
60026,17.1252
60027,17.0933
60028,17.061
60029,17.0316
60030,17.0076
60031,16.9905
60032,16.9805
60033,16.9768
60034,16.9776
60035,16.981
60036,16.9846
60037,16.9864
60038,16.9847
60039,16.9784
60040,16.9667
60041,16.9498
60042,16.9282
60043,16.903
60044,16.8759
60045,16.8485
60046,16.8228
60047,16.8006
60048,16.7835
60049,16.7723
60050,16.7674
60051,16.7683
60052,16.7741
60053,16.7831
60054,16.7937
60055,16.8045
60056,16.8146
60057,16.8238
60058,16.8328
60059,16.8432
60060,16.8568
60061,16.8759
60062,16.9021
60063,16.9362
60064,16.978
60065,17.0255
60066,17.0754
60067,17.1233
60068,17.1642
60069,17.1929
60070,17.2051
60071,17.1974
60072,17.1684
60073,17.1181
60074,17.0486
60075,16.9638
60076,16.8688
60077,16.7695
60078,16.6726
60079,16.5844
60080,16.5112
60081,16.4579
60082,16.4283
60083,16.4246
60084,16.4472
60085,16.4949
60086,16.5647
60087,16.6525
60088,16.7528
60089,16.8594
60090,16.9657
60091,17.0653
60092,17.1522
60093,17.2216
60094,17.2703
60095,17.2968
60096,17.3014
60097,17.2865
60098,17.2561
60099,17.2153
60100,17.1704
60101,17.1273
60102,17.0917
60103,17.068
60104,17.0588
60105,17.065
60106,17.0851
60107,17.116
60108,17.1533
60109,17.1917
60110,17.2258
60111,17.2507
60112,17.2621
60113,17.2576
60114,17.2358
60115,17.1976
60116,17.1453
60117,17.0827
60118,17.0148
60119,16.9475
60120,16.8864
60121,16.8371
60122,16.8038
60123,16.7896
60124,16.7959
60125,16.8223
60126,16.8672
60127,16.9274
60128,16.9989
60129,17.0765
60130,17.1548
60131,17.2279
60132,17.2901
60133,17.3364
60134,17.3627
60135,17.3668
60136,17.3481
60137,17.308
60138,17.2501
60139,17.1796
60140,17.1029
60141,17.0272
60142,16.9594
60143,16.9059
60144,16.8717
60145,16.8602
60146,16.8729
60147,16.9092
60148,16.9671
60149,17.0426
60150,17.1309
60151,17.2264
60152,17.3227
60153,17.4139
60154,17.4938
60155,17.5575
60156,17.6008
60157,17.6212
60158,17.6178
60159,17.5914
60160,17.5444
60161,17.4807
60162,17.4051
60163,17.3232
60164,17.2403
60165,17.1613
60166,17.0902
60167,17.0296
60168,16.9804
60169,16.9425
60170,16.9144
60171,16.8942
60172,16.8797
60173,16.8689
60174,16.8603
60175,16.8534
60176,16.8481
60177,16.8453
60178,16.8462
60179,16.8522
60180,16.8648
60181,16.8851
60182,16.9137
60183,16.9506
60184,16.9949
60185,17.0451
60186,17.0992
60187,17.1544
60188,17.2075
60189,17.2551
60190,17.2934
60191,17.3189
60192,17.3283
60193,17.3193
60194,17.2906
60195,17.2431
60196,17.179
60197,17.1028
60198,17.0202
60199,16.9382
60200,16.8637
60201,16.8036
60202,16.7636
60203,16.7479
60204,16.7586
60205,16.7955
60206,16.8561
60207,16.9357
60208,17.0277
60209,17.1242
60210,17.2168
60211,17.2968
60212,17.3567
60213,17.3908
60214,17.3955
60215,17.3704
60216,17.3177
60217,17.243
60218,17.1538
60219,17.0592
60220,16.9684
60221,16.8899
60222,16.83
60223,16.7927
60224,16.779
60225,16.7874
60226,16.8141
60227,16.8538
60228,16.9007
60229,16.9486
60230,16.9921
60231,17.0266
60232,17.0491
60233,17.0579
60234,17.0528
60235,17.0353
60236,17.0079
60237,16.9743
60238,16.9382
60239,16.9037
60240,16.8741
60241,16.8519
60242,16.8384
60243,16.8331
60244,16.8342
60245,16.839
60246,16.8436
60247,16.8446
60248,16.839
60249,16.8249
60250,16.8022
60251,16.7722
60252,16.7379
60253,16.7034
60254,16.6734
60255,16.6527
60256,16.6457
60257,16.6556
60258,16.6844
60259,16.7323
60260,16.7982
60261,16.8791
60262,16.9711
60263,17.0691
60264,17.1674
60265,17.2602
60266,17.342
60267,17.4079
60268,17.454
60269,17.4775
60270,17.4772
60271,17.4533
60272,17.4079
60273,17.3447
60274,17.2689
60275,17.1869
60276,17.1056
60277,17.0316
60278,16.9705
60279,16.9261
60280,16.9003
60281,16.8923
60282,16.8997
60283,16.918
60284,16.9418
60285,16.9653
60286,16.983
60287,16.9905
60288,16.9852
60289,16.9664
60290,16.9354
60291,16.8957
60292,16.8518
60293,16.8097
60294,16.775
60295,16.753
60296,16.7479
60297,16.7622
60298,16.7963
60299,16.8488
60300,16.9164
60301,16.9947
60302,17.0777
60303,17.1595
60304,17.2339
60305,17.2951
60306,17.3384
60307,17.3605
60308,17.3596
60309,17.336
60310,17.2918
60311,17.2308
60312,17.1582
60313,17.0798
60314,17.0016
60315,16.9287
60316,16.8653
60317,16.8142
60318,16.7767
60319,16.7533
60320,16.7434
60321,16.7461
60322,16.7599
60323,16.7831
60324,16.8141
60325,16.851
60326,16.8922
60327,16.936
60328,16.9809
60329,17.0254
60330,17.0681
60331,17.1077
60332,17.1424
60333,17.1706
60334,17.1909
60335,17.2018
60336,17.2024
60337,17.1927
60338,17.1729
60339,17.1446
60340,17.1098
60341,17.071
60342,17.0312
60343,16.9934
60344,16.9602
60345,16.9336
60346,16.9149
60347,16.9044
60348,16.9016
60349,16.9056
60350,16.9149
60351,16.9279
60352,16.9432
60353,16.9595
60354,16.9758
60355,16.9913
60356,17.0057
60357,17.0188
60358,17.0308
60359,17.0424
60360,17.0546
60361,17.0687
60362,17.0856
60363,17.1063
60364,17.1307
60365,17.158
60366,17.1863
60367,17.2129
60368,17.2343
60369,17.2469
60370,17.2475
60371,17.2338
60372,17.2051
60373,17.1624
60374,17.1085
60375,17.0475
60376,16.9848
60377,16.926
60378,16.8767
60379,16.8417
60380,16.8243
60381,16.826
60382,16.8463
60383,16.8824
60384,16.93
60385,16.9834
60386,17.0366
60387,17.0836
60388,17.1192
60389,17.1397
60390,17.1432
60391,17.1295
60392,17.1005
60393,17.0595
60394,17.0114
60395,16.9618
60396,16.9165
60397,16.8811
60398,16.8599
60399,16.856
60400,16.8704
60401,16.9024
60402,16.9493
60403,17.007
60404,17.0704
60405,17.1339
60406,17.1918
60407,17.2393
60408,17.2723
60409,17.2887
60410,17.2877
60411,17.2701
60412,17.2381
60413,17.195
60414,17.1441
60415,17.089
60416,17.0327
60417,16.9778
60418,16.9259
60419,16.8781
60420,16.8351
60421,16.7972
60422,16.7649
60423,16.7388
60424,16.7194
60425,16.7075
60426,16.7038
60427,16.7092
60428,16.7242
60429,16.7491
60430,16.784
60431,16.8279
60432,16.8797
60433,16.937
60434,16.9973
60435,17.0574
60436,17.1142
60437,17.1644
60438,17.2052
60439,17.2345
60440,17.2507
60441,17.2531
60442,17.242
60443,17.2181
60444,17.1832
60445,17.1396
60446,17.09
60447,17.0377
60448,16.9862
60449,16.9393
60450,16.9001
60451,16.8718
60452,16.8564
60453,16.8549
60454,16.8671
60455,16.8919
60456,16.9267
60457,16.9686
60458,17.0142
60459,17.0598
60460,17.1025
60461,17.1397
60462,17.1696
60463,17.1914
60464,17.2049
60465,17.2103
60466,17.208
60467,17.1984
60468,17.1816
60469,17.1576
60470,17.1257
60471,17.0857
60472,17.0371
60473,16.9802
60474,16.9161
60475,16.8469
60476,16.7756
60477,16.7058
60478,16.6419
60479,16.588
60480,16.5481
60481,16.5251
60482,16.5211
60483,16.5367
60484,16.5713
60485,16.6226
60486,16.6871
60487,16.76
60488,16.8358
60489,16.9085
60490,16.9721
60491,17.0215
60492,17.0523
60493,17.0618
60494,17.0491
60495,17.015
60496,16.9627
60497,16.8969
60498,16.8242
60499,16.7516
60500,16.6865
60501,16.6359
60502,16.605
60503,16.5977
60504,16.6154
60505,16.6575
60506,16.721
60507,16.8014
60508,16.8925
60509,16.9875
60510,17.0793
60511,17.1612
60512,17.2278
60513,17.2749
60514,17.3003
60515,17.304
60516,17.2873
60517,17.2535
60518,17.2064
60519,17.1504
60520,17.0898
60521,17.0285
60522,16.9694
60523,16.9146
60524,16.8657
60525,16.8235
60526,16.7885
60527,16.7614
60528,16.7427
60529,16.7334
60530,16.7345
60531,16.7469
60532,16.7714
60533,16.8082
60534,16.8568
60535,16.9159
60536,16.9833
60537,17.0559
60538,17.1302
60539,17.2021
60540,17.2672
60541,17.3209
60542,17.3591
60543,17.3783
60544,17.3762
60545,17.3523
60546,17.3078
60547,17.2459
60548,17.1713
60549,17.0899
60550,17.0078
60551,16.931
60552,16.8646
60553,16.8126
60554,16.7775
60555,16.7603
60556,16.7605
60557,16.7768
60558,16.8066
60559,16.8472
60560,16.8953
60561,16.948
60562,17.0024
60563,17.0558
60564,17.1059
60565,17.1504
60566,17.1873
60567,17.2147
60568,17.2312
60569,17.2357
60570,17.2277
60571,17.2077
60572,17.1768
60573,17.1373
60574,17.0919
60575,17.0437
60576,16.9963
60577,16.9529
60578,16.9162
60579,16.8886
60580,16.8716
60581,16.8655
60582,16.8701
60583,16.8839
60584,16.9051
60585,16.9311
60586,16.9589
60587,16.9859
60588,17.0094
60589,17.0272
60590,17.0377
60591,17.0399
60592,17.0335
60593,17.0188
60594,16.9967
60595,16.9684
60596,16.9353
60597,16.8993
60598,16.8624
60599,16.8268
60600,16.7949
60601,16.7694
60602,16.7528
60603,16.7475
60604,16.7551
60605,16.7768
60606,16.8125
60607,16.8611
60608,16.9205
60609,16.9877
60610,17.0589
60611,17.1303
60612,17.198
60613,17.2588
60614,17.3104
60615,17.3516
60616,17.3822
60617,17.4032
60618,17.4162
60619,17.4232
60620,17.4259
60621,17.4261
60622,17.4247
60623,17.4222
60624,17.4185
60625,17.4131
60626,17.4056
60627,17.3956
60628,17.3832
60629,17.369
60630,17.3538
60631,17.3386
60632,17.3243
60633,17.3115
60634,17.3
60635,17.2889
60636,17.2771
60637,17.2629
60638,17.2452
60639,17.2229
60640,17.196
60641,17.1648
60642,17.1308
60643,17.0959
60644,17.0623
60645,17.0329
60646,17.0103
60647,16.997
60648,16.9947
60649,17.0048
60650,17.0276
60651,17.0624
60652,17.1079
60653,17.162
60654,17.222
60655,17.2847
60656,17.3465
60657,17.4036
60658,17.452
60659,17.4879
60660,17.508
60661,17.5094
60662,17.4904
60663,17.4504
60664,17.3902
60665,17.3117
60666,17.2187
60667,17.1156
60668,17.0081
60669,16.9023
60670,16.8043
60671,16.7199
60672,16.6539
60673,16.6096
60674,16.5887
60675,16.5913
60676,16.6155
60677,16.658
60678,16.7144
60679,16.7799
60680,16.8491
60681,16.9173
60682,16.9801
60683,17.034
60684,17.0764
60685,17.1058
60686,17.1217
60687,17.1244
60688,17.1148
60689,17.0945
60690,17.0656
60691,17.0303
60692,16.9911
60693,16.9502
60694,16.91
60695,16.8727
60696,16.8404
60697,16.8152
60698,16.7986
60699,16.792
60700,16.796
60701,16.8105
60702,16.8347
60703,16.8671
60704,16.9051
60705,16.9459
60706,16.9859
60707,17.0215
60708,17.049
60709,17.0652
60710,17.0674
60711,17.0542
60712,17.0255
60713,16.9827
60714,16.929
60715,16.869
60716,16.8085
60717,16.7536
60718,16.7102
60719,16.6832
60720,16.6758
60721,16.689
60722,16.7216
60723,16.7706
60724,16.8316
60725,16.8993
60726,16.9685
60727,17.0343
60728,17.093
60729,17.1419
60730,17.1794
60731,17.2051
60732,17.2194
60733,17.2232
60734,17.2179
60735,17.2052
60736,17.187
60737,17.1653
60738,17.1422
60739,17.1199
60740,17.1007
60741,17.0864
60742,17.0784
60743,17.0776
60744,17.0841
60745,17.0972
60746,17.1155
60747,17.137
60748,17.1596
60749,17.1808
60750,17.199
60751,17.2126
60752,17.2212
60753,17.2248
60754,17.2242
60755,17.2203
60756,17.2143
60757,17.2071
60758,17.1996
60759,17.1923
60760,17.1855
60761,17.1797
60762,17.1748
60763,17.1709
60764,17.168
60765,17.1656
60766,17.1633
60767,17.1601
60768,17.1552
60769,17.1475
60770,17.1362
60771,17.1208
60772,17.1016
60773,17.0799
60774,17.0578
60775,17.0377
60776,17.0228
60777,17.0155
60778,17.0176
60779,17.0295
60780,17.0505
60781,17.0784
60782,17.1101
60783,17.1421
60784,17.171
60785,17.1935
60786,17.2074
60787,17.2108
60788,17.203
60789,17.1842
60790,17.1553
60791,17.1183
60792,17.0759
60793,17.0313
60794,16.9883
60795,16.9506
60796,16.9215
60797,16.9035
60798,16.8981
60799,16.9054
60800,16.9244
60801,16.9531
60802,16.9883
60803,17.0267
60804,17.0647
60805,17.0989
60806,17.1266
60807,17.1458
60808,17.1549
60809,17.1532
60810,17.1407
60811,17.1177
60812,17.0851
60813,17.0444
60814,16.9976
60815,16.9472
60816,16.8965
60817,16.8493
60818,16.8095
60819,16.7811
60820,16.768
60821,16.7726
60822,16.7964
60823,16.8394
60824,16.8995
60825,16.9732
60826,17.0554
60827,17.1401
60828,17.221
60829,17.292
60830,17.348
60831,17.3851
60832,17.401
60833,17.395
60834,17.3681
60835,17.3223
60836,17.2611
60837,17.1885
60838,17.1093
60839,17.0286
60840,16.9513
60841,16.8818
60842,16.8236
60843,16.779
60844,16.749
60845,16.7333
60846,16.7306
60847,16.7388
60848,16.7554
60849,16.7779
60850,16.8037
60851,16.831
60852,16.8585
60853,16.8853
60854,16.9116
60855,16.938
60856,16.9653
60857,16.9943
60858,17.0253
60859,17.058
60860,17.0914
60861,17.1235
60862,17.1515
60863,17.1728
60864,17.1843
60865,17.1841
60866,17.171
60867,17.1456
60868,17.1096
60869,17.0662
60870,17.0198
60871,16.9749
60872,16.9362
60873,16.9072
60874,16.8907
60875,16.8874
60876,16.8965
60877,16.9154
60878,16.9402
60879,16.9662
60880,16.9885
60881,17.0027
60882,17.0053
60883,16.9942
60884,16.9693
60885,16.9322
60886,16.8862
60887,16.8365
60888,16.7894
60889,16.7519
60890,16.7306
60891,16.7313
60892,16.7574
60893,16.8099
60894,16.8863
60895,16.981
60896,17.0853
60897,17.189
60898,17.2809
60899,17.3504
60900,17.3891
60901,17.3913
60902,17.3549
60903,17.2814
60904,17.1763
60905,17.0473
60906,16.9046
60907,16.7592
60908,16.6219
60909,16.5023
60910,16.4086
60911,16.3464
60912,16.319
60913,16.3272
60914,16.3697
60915,16.4429
60916,16.5417
60917,16.6598
60918,16.7899
60919,16.9243
60920,17.0556
60921,17.1767
60922,17.2818
60923,17.3661
60924,17.4265
60925,17.4613
60926,17.4702
60927,17.4545
60928,17.4166
60929,17.3602
60930,17.2897
60931,17.2104
60932,17.1283
60933,17.049
60934,16.9782
60935,16.9208
60936,16.8803
60937,16.8586
60938,16.8558
60939,16.8698
60940,16.8969
60941,16.932
60942,16.9697
60943,17.0041
60944,17.0305
60945,17.0453
60946,17.0462
60947,17.0331
60948,17.0068
60949,16.9697
60950,16.925
60951,16.8759
60952,16.8263
60953,16.7793
60954,16.7383
60955,16.7057
60956,16.6835
60957,16.6731
60958,16.6751
60959,16.6891
60960,16.714
60961,16.7479
60962,16.7883
60963,16.8321
60964,16.8759
60965,16.9164
60966,16.9504
60967,16.9752
60968,16.9892
60969,16.9917
60970,16.9831
60971,16.9649
60972,16.9396
60973,16.9101
60974,16.8794
60975,16.8502
60976,16.8249
60977,16.8052
60978,16.7924
60979,16.7873
60980,16.7902
60981,16.8016
60982,16.8214
60983,16.8495
60984,16.8856
60985,16.9288
60986,16.9779
60987,17.0311
60988,17.0861
60989,17.1402
60990,17.1906
60991,17.2342
60992,17.2681
60993,17.2899
60994,17.2978
60995,17.2912
60996,17.2702
60997,17.2362
60998,17.1913
60999,17.1383
61000,17.0803
61001,17.0202
61002,16.961
61003,16.9049
61004,16.8537
61005,16.8085
61006,16.7702
61007,16.7388
61008,16.7143
61009,16.6962
61010,16.6838
61011,16.6767
61012,16.6741
61013,16.6754
61014,16.6799
61015,16.6866
61016,16.6946
61017,16.7027
61018,16.7097
61019,16.7143
61020,16.7157
61021,16.7135
61022,16.7077
61023,16.699
61024,16.6887
61025,16.6783
61026,16.6698
61027,16.6651
61028,16.666
61029,16.674
61030,16.6897
61031,16.713
61032,16.743
61033,16.7777
61034,16.8149
61035,16.8517
61036,16.8857
61037,16.9144
61038,16.9361
61039,16.9493
61040,16.9529
61041,16.9466
61042,16.9303
61043,16.9051
61044,16.8725
61045,16.8353
61046,16.7965
61047,16.7599
61048,16.7289
61049,16.7063
61050,16.6941
61051,16.6928
61052,16.7021
61053,16.7206
61054,16.7464
61055,16.7775
61056,16.8119
61057,16.848
61058,16.8844
61059,16.9198
61060,16.9533
61061,16.9839
61062,17.0108
61063,17.0332
61064,17.0505
61065,17.0621
61066,17.0678
61067,17.0681
61068,17.0637
61069,17.0563
61070,17.0479
61071,17.0411
61072,17.0387
61073,17.0431
61074,17.0565
61075,17.0796
61076,17.112
61077,17.1519
61078,17.1963
61079,17.2411
61080,17.282
61081,17.3146
61082,17.3354
61083,17.3415
61084,17.3316
61085,17.3053
61086,17.2642
61087,17.2106
61088,17.1479
61089,17.0803
61090,17.0123
61091,16.9481
61092,16.8922
61093,16.8484
61094,16.8198
61095,16.8088
61096,16.8166
61097,16.8432
61098,16.8872
61099,16.9459
61100,17.0154
61101,17.0908
61102,17.1666
61103,17.2369
61104,17.2959
61105,17.3384
61106,17.3604
61107,17.3598
61108,17.3361
61109,17.2911
61110,17.2289
61111,17.1547
61112,17.075
61113,16.9968
61114,16.9263
61115,16.8689
61116,16.8282
61117,16.8058
61118,16.8016
61119,16.8134
61120,16.8377
61121,16.8699
61122,16.905
61123,16.938
61124,16.9646
61125,16.9812
61126,16.9854
61127,16.9762
61128,16.9539
61129,16.9202
61130,16.8781
61131,16.8316
61132,16.7852
61133,16.7441
61134,16.7128
61135,16.6951
61136,16.6938
61137,16.7099
61138,16.7428
61139,16.7906
61140,16.8499
61141,16.9164
61142,16.9851
61143,17.0511
61144,17.1099
61145,17.1577
61146,17.1921
61147,17.2121
61148,17.218
61149,17.2115
61150,17.1951
61151,17.1718
61152,17.1449
61153,17.1173
61154,17.0914
61155,17.0692
61156,17.0519
61157,17.0402
61158,17.0343
61159,17.0341
61160,17.0393
61161,17.0491
61162,17.0625
61163,17.0779
61164,17.0934
61165,17.107
61166,17.1165
61167,17.1204
61168,17.1176
61169,17.1078
61170,17.0918
61171,17.0713
61172,17.0488
61173,17.0271
61174,17.0092
61175,16.9977
61176,16.9943
61177,17.0001
61178,17.0151
61179,17.0386
61180,17.0693
61181,17.1054
61182,17.145
61183,17.1863
61184,17.2273
61185,17.2661
61186,17.301
61187,17.3302
61188,17.352
61189,17.3649
61190,17.3675
61191,17.3588
61192,17.3379
61193,17.3045
61194,17.2588
61195,17.202
61196,17.1358
61197,17.0633
61198,16.9882
61199,16.9148
61200,8.0273
61201,7.9998
61202,7.9785
61203,7.9643
61204,7.9574
61205,7.9577
61206,7.9645
61207,7.9768
61208,7.9936
61209,8.0136
61210,8.0355
61211,8.0577
61212,8.0788
61213,8.0971
61214,8.1112
61215,8.1201
61216,8.1231
61217,8.1201
61218,8.1117
61219,8.0988
61220,8.0831
61221,8.0661
61222,8.0498
61223,8.0357
61224,8.025
61225,8.0182
61226,8.0153
61227,8.0154
61228,8.0171
61229,8.0186
61230,8.0179
61231,8.0133
61232,8.0039
61233,7.9894
61234,7.9707
61235,7.9495
61236,7.9285
61237,7.9105
61238,7.8984
61239,7.8945
61240,7.9003
61241,7.9166
61242,7.9428
61243,7.9775
61244,8.0186
61245,8.0634
61246,8.109
61247,8.1526
61248,8.1915
61249,8.2238
61250,8.2478
61251,8.2629
61252,8.2691
61253,8.2671
61254,8.2585
61255,8.2451
61256,8.2294
61257,8.2138
61258,8.2005
61259,8.1913
61260,8.1876
61261,8.1897
61262,8.1975
61263,8.2099
61264,8.2253
61265,8.2415
61266,8.2561
61267,8.2667
61268,8.2715
61269,8.269
61270,8.2586
61271,8.2404
61272,8.2156
61273,8.1857
61274,8.1531
61275,8.1199
61276,8.0887
61277,8.0612
61278,8.039
61279,8.0225
61280,8.0118
61281,8.0058
61282,8.0033
61283,8.0028
61284,8.0025
61285,8.0012
61286,7.9981
61287,7.9927
61288,7.9853
61289,7.9766
61290,7.9676
61291,7.9597
61292,7.9542
61293,7.9524
61294,7.9553
61295,7.9636
61296,7.9772
61297,7.9956
61298,8.0173
61299,8.0407
61300,8.0636
61301,8.0838
61302,8.0996
61303,8.1092
61304,8.1118
61305,8.1075
61306,8.0968
61307,8.0814
61308,8.0633
61309,8.0451
61310,8.0294
61311,8.0188
61312,8.0153
61313,8.0202
61314,8.0336
61315,8.055
61316,8.0824
61317,8.1131
61318,8.1439
61319,8.1713
61320,8.192
61321,8.2034
61322,8.2039
61323,8.1931
61324,8.1716
61325,8.1414
61326,8.1052
61327,8.0662
61328,8.0281
61329,7.9939
61330,7.9664
61331,7.9475
61332,7.9383
61333,7.9391
61334,7.9498
61335,7.9697
61336,7.9979
61337,8.0334
61338,8.075
61339,8.1215
61340,8.1715
61341,8.2236
61342,8.2763
61343,8.3278
61344,8.3761
61345,8.4193
61346,8.4554
61347,8.4826
61348,8.4994
61349,8.5048
61350,8.4986
61351,8.4813
61352,8.4539
61353,8.4184
61354,8.3771
61355,8.3326
61356,8.2879
61357,8.2454
61358,8.2073
61359,8.1754
61360,8.1504
61361,8.1326
61362,8.1213
61363,8.1154
61364,8.1133
61365,8.1132
61366,8.1136
61367,8.1129
61368,8.1103
61369,8.1053
61370,8.0978
61371,8.0882
61372,8.0771
61373,8.0653
61374,8.0534
61375,8.042
61376,8.0316
61377,8.0227
61378,8.0154
61379,8.0102
61380,8.0073
61381,8.007
61382,8.0095
61383,8.0149
61384,8.0231
61385,8.0336
61386,8.0455
61387,8.0575
61388,8.0682
61389,8.0757
61390,8.0784
61391,8.0753
61392,8.0657
61393,8.0499
61394,8.0291
61395,8.0051
61396,7.9805
61397,7.9582
61398,7.9411
61399,7.9316
61400,7.9317
61401,7.9421
61402,7.9629
61403,7.9929
61404,8.0304
61405,8.0729
61406,8.1179
61407,8.1625
61408,8.2042
61409,8.2407
61410,8.2704
61411,8.2922
61412,8.306
61413,8.3123
61414,8.3125
61415,8.3083
61416,8.3017
61417,8.2948
61418,8.2889
61419,8.2852
61420,8.2838
61421,8.2839
61422,8.2841
61423,8.2827
61424,8.2776
61425,8.2671
61426,8.2498
61427,8.2251
61428,8.1933
61429,8.1556
61430,8.1137
61431,8.0698
61432,8.0265
61433,7.9858
61434,7.9497
61435,7.9194
61436,7.8956
61437,7.8786
61438,7.8679
61439,7.8632
61440,7.8638
61441,7.8694
61442,7.8794
61443,7.8938
61444,7.9125
61445,7.9353
61446,7.9622
61447,7.9927
61448,8.0263
61449,8.0618
61450,8.0982
61451,8.1341
61452,8.1679
61453,8.1984
61454,8.2246
61455,8.2458
61456,8.2617
61457,8.2722
61458,8.2774
61459,8.2776
61460,8.2729
61461,8.2635
61462,8.2495
61463,8.2309
61464,8.2079
61465,8.1808
61466,8.15
61467,8.1163
61468,8.0807
61469,8.0443
61470,8.0085
61471,7.9746
61472,7.9443
61473,7.9189
61474,7.8996
61475,7.8871
61476,7.882
61477,7.884
61478,7.8927
61479,7.9071
61480,7.9263
61481,7.9491
61482,7.9747
61483,8.0021
61484,8.0307
61485,8.06
61486,8.0893
61487,8.1178
61488,8.1446
61489,8.1685
61490,8.188
61491,8.2016
61492,8.2078
61493,8.2054
61494,8.1933
61495,8.1714
61496,8.1399
61497,8.0999
61498,8.053
61499,8.0016
61500,7.9484
61501,7.8962
61502,7.8481
61503,7.8065
61504,7.7736
61505,7.751
61506,7.7395
61507,7.7391
61508,7.7493
61509,7.7689
61510,7.7963
61511,7.8295
61512,7.8665
61513,7.9053
61514,7.9441
61515,7.9813
61516,8.0155
61517,8.0455
61518,8.0703
61519,8.0894
61520,8.1023
61521,8.1089
61522,8.1092
61523,8.1039
61524,8.0935
61525,8.0793
61526,8.0624
61527,8.0444
61528,8.0268
61529,8.011
61530,7.9982
61531,7.9894
61532,7.9853
61533,7.9866
61534,7.9934
61535,8.0057
61536,8.0231
61537,8.045
61538,8.0703
61539,8.0979
61540,8.1264
61541,8.1543
61542,8.18
61543,8.2025
61544,8.2207
61545,8.2339
61546,8.2419
61547,8.2449
61548,8.243
61549,8.2368
61550,8.2265
61551,8.2125
61552,8.1951
61553,8.1746
61554,8.1514
61555,8.1262
61556,8.0999
61557,8.0737
61558,8.0493
61559,8.0284
61560,8.0126
61561,8.0034
61562,8.0019
61563,8.0084
61564,8.0226
61565,8.0434
61566,8.0692
61567,8.0979
61568,8.1272
61569,8.1549
61570,8.1789
61571,8.1976
61572,8.2098
61573,8.2149
61574,8.2127
61575,8.2039
61576,8.1893
61577,8.1704
61578,8.1487
61579,8.1259
61580,8.1035
61581,8.0833
61582,8.0663
61583,8.0535
61584,8.0453
61585,8.0418
61586,8.0426
61587,8.0469
61588,8.0537
61589,8.0618
61590,8.0699
61591,8.0767
61592,8.081
61593,8.0818
61594,8.0781
61595,8.0693
61596,8.0553
61597,8.0362
61598,8.0127
61599,7.986
61600,7.9577
61601,7.9299
61602,7.9045
61603,7.8838
61604,7.8696
61605,7.8633
61606,7.8659
61607,7.8775
61608,7.8977
61609,7.9254
61610,7.9588
61611,7.9958
61612,8.034
61613,8.071
61614,8.1042
61615,8.1315
61616,8.1512
61617,8.1621
61618,8.1642
61619,8.1578
61620,8.1446
61621,8.1267
61622,8.1066
61623,8.0871
61624,8.0708
61625,8.0598
61626,8.0553
61627,8.0579
61628,8.0671
61629,8.0818
61630,8.1001
61631,8.1197
61632,8.1384
61633,8.1541
61634,8.1651
61635,8.1703
61636,8.1694
61637,8.1626
61638,8.1508
61639,8.1357
61640,8.1191
61641,8.1029
61642,8.0893
61643,8.0798
61644,8.0755
61645,8.0771
61646,8.0843
61647,8.0962
61648,8.1114
61649,8.1278
61650,8.1434
61651,8.1559
61652,8.1636
61653,8.165
61654,8.1595
61655,8.1472
61656,8.1292
61657,8.1074
61658,8.0842
61659,8.0623
61660,8.0447
61661,8.0339
61662,8.0317
61663,8.0392
61664,8.0562
61665,8.0819
61666,8.1144
61667,8.151
61668,8.1887
61669,8.2245
61670,8.2555
61671,8.2792
61672,8.2939
61673,8.2985
61674,8.293
61675,8.2779
61676,8.2546
61677,8.2249
61678,8.1912
61679,8.1559
61680,8.1216
61681,8.0905
61682,8.0648
61683,8.0461
61684,8.0357
61685,8.0342
61686,8.0417
61687,8.0577
61688,8.0811
61689,8.1101
61690,8.1428
61691,8.1768
61692,8.2096
61693,8.2389
61694,8.2627
61695,8.2791
61696,8.2871
61697,8.2861
61698,8.2767
61699,8.2597
61700,8.2371
61701,8.2113
61702,8.185
61703,8.161
61704,8.1419
61705,8.1298
61706,8.1257
61707,8.1301
61708,8.1422
61709,8.1602
61710,8.1817
61711,8.2035
61712,8.2223
61713,8.2349
61714,8.2385
61715,8.2315
61716,8.213
61717,8.1834
61718,8.1444
61719,8.0986
61720,8.0494
61721,8.0007
61722,7.9562
61723,7.9193
61724,7.8925
61725,7.8775
61726,7.8747
61727,7.8833
61728,7.9016
61729,7.9271
61730,7.9566
61731,7.9871
61732,8.0154
61733,8.0389
61734,8.0556
61735,8.0643
61736,8.0646
61737,8.0569
61738,8.0422
61739,8.0221
61740,7.9984
61741,7.9734
61742,7.9492
61743,7.9281
61744,7.9122
61745,7.9034
61746,7.9031
61747,7.9123
61748,7.9309
61749,7.9584
61750,7.9931
61751,8.0329
61752,8.075
61753,8.1164
61754,8.1541
61755,8.1856
61756,8.2089
61757,8.223
61758,8.2276
61759,8.2234
61760,8.2117
61761,8.1946
61762,8.1746
61763,8.1545
61764,8.1369
61765,8.1243
61766,8.1185
61767,8.1204
61768,8.1301
61769,8.1468
61770,8.169
61771,8.1947
61772,8.2214
61773,8.2471
61774,8.2695
61775,8.2872
61776,8.2991
61777,8.3049
61778,8.3049
61779,8.2998
61780,8.2911
61781,8.2802
61782,8.2689
61783,8.2586
61784,8.2508
61785,8.2465
61786,8.2464
61787,8.2506
61788,8.2588
61789,8.2702
61790,8.2834
61791,8.2967
61792,8.3077
61793,8.3141
61794,8.3137
61795,8.3044
61796,8.2848
61797,8.2546
61798,8.2143
61799,8.1657
61800,8.1117
61801,8.0558
61802,8.0023
61803,7.9553
61804,7.9188
61805,7.8959
61806,7.8884
61807,7.8972
61808,7.9213
61809,7.9586
61810,8.0057
61811,8.0585
61812,8.1123
61813,8.1625
61814,8.2048
61815,8.2358
61816,8.2529
61817,8.2553
61818,8.2429
61819,8.2174
61820,8.1814
61821,8.1383
61822,8.092
61823,8.0467
61824,8.0063
61825,7.9741
61826,7.9528
61827,7.944
61828,7.9483
61829,7.9655
61830,7.994
61831,8.0319
61832,8.0762
61833,8.1239
61834,8.1719
61835,8.2172
61836,8.2572
61837,8.2898
61838,8.3135
61839,8.3276
61840,8.3316
61841,8.326
61842,8.3114
61843,8.2891
61844,8.2607
61845,8.2279
61846,8.1929
61847,8.1577
61848,8.1243
61849,8.0947
61850,8.0704
61851,8.0527
61852,8.0422
61853,8.0391
61854,8.0429
61855,8.0523
61856,8.0654
61857,8.0798
61858,8.0929
61859,8.102
61860,8.1048
61861,8.0998
61862,8.0866
61863,8.0658
61864,8.0391
61865,8.0092
61866,7.9792
61867,7.9524
61868,7.9318
61869,7.9196
61870,7.9169
61871,7.9237
61872,7.9389
61873,7.9607
61874,7.9865
61875,8.0134
61876,8.0387
61877,8.06
61878,8.0757
61879,8.0849
61880,8.0879
61881,8.0858
61882,8.0804
61883,8.0738
61884,8.0682
61885,8.0657
61886,8.0676
61887,8.0747
61888,8.0869
61889,8.1032
61890,8.1223
61891,8.1422
61892,8.161
61893,8.1769
61894,8.1884
61895,8.1944
61896,8.1945
61897,8.1888
61898,8.1778
61899,8.1625
61900,8.144
61901,8.1234
61902,8.1022
61903,8.0812
61904,8.0616
61905,8.0441
61906,8.0294
61907,8.0178
61908,8.0095
61909,8.0044
61910,8.0023
61911,8.0029
61912,8.0058
61913,8.0105
61914,8.0169
61915,8.0249
61916,8.0347
61917,8.0465
61918,8.0606
61919,8.0772
61920,8.096
61921,8.1165
61922,8.1379
61923,8.159
61924,8.1786
61925,8.1954
61926,8.2085
61927,8.2173
61928,8.2219
61929,8.2229
61930,8.2214
61931,8.2188
61932,8.2166
61933,8.2165
61934,8.2198
61935,8.2275
61936,8.24
61937,8.257
61938,8.2777
61939,8.3006
61940,8.3236
61941,8.3445
61942,8.3609
61943,8.3705
61944,8.3716
61945,8.363
61946,8.3444
61947,8.3163
61948,8.2801
61949,8.2379
61950,8.1922
61951,8.1458
61952,8.1015
61953,8.0617
61954,8.0284
61955,8.003
61956,7.9864
61957,7.9787
61958,7.9793
61959,7.9872
61960,8.0011
61961,8.0193
61962,8.0401
61963,8.0619
61964,8.0831
61965,8.1025
61966,8.1191
61967,8.132
61968,8.1409
61969,8.1458
61970,8.1468
61971,8.1445
61972,8.1396
61973,8.1328
61974,8.1249
61975,8.117
61976,8.1097
61977,8.104
61978,8.1007
61979,8.1004
61980,8.1037
61981,8.1106
61982,8.1208
61983,8.1335
61984,8.1476
61985,8.1616
61986,8.1741
61987,8.1838
61988,8.1898
61989,8.1918
61990,8.19
61991,8.1852
61992,8.1787
61993,8.1717
61994,8.1657
61995,8.1619
61996,8.161
61997,8.1632
61998,8.1682
61999,8.1751
62000,8.183
62001,8.1905
62002,8.1963
62003,8.1993
62004,8.1986
62005,8.1941
62006,8.1857
62007,8.1741
62008,8.1603
62009,8.1457
62010,8.1315
62011,8.1192
62012,8.1099
62013,8.1042
62014,8.1022
62015,8.1035
62016,8.1072
62017,8.1123
62018,8.1178
62019,8.1227
62020,8.1262
62021,8.128
62022,8.1277
62023,8.1253
62024,8.1211
62025,8.1153
62026,8.1085
62027,8.1013
62028,8.0944
62029,8.0884
62030,8.0838
62031,8.0809
62032,8.0799
62033,8.0809
62034,8.0837
62035,8.0885
62036,8.0952
62037,8.104
62038,8.1151
62039,8.1287
62040,8.1448
62041,8.1632
62042,8.1832
62043,8.2038
62044,8.2236
62045,8.2409
62046,8.2538
62047,8.2608
62048,8.2607
62049,8.2529
62050,8.2377
62051,8.2163
62052,8.1908
62053,8.1638
62054,8.1384
62055,8.1176
62056,8.1038
62057,8.0988
62058,8.1034
62059,8.117
62060,8.1385
62061,8.1657
62062,8.1961
62063,8.227
62064,8.256
62065,8.2808
62066,8.2999
62067,8.3121
62068,8.317
62069,8.3145
62070,8.3054
62071,8.2906
62072,8.2716
62073,8.25
62074,8.2275
62075,8.2061
62076,8.1874
62077,8.1727
62078,8.163
62079,8.1584
62080,8.1585
62081,8.1623
62082,8.1682
62083,8.1742
62084,8.1785
62085,8.1793
62086,8.1752
62087,8.1655
62088,8.15
62089,8.1288
62090,8.1029
62091,8.0734
62092,8.0419
62093,8.0101
62094,7.9799
62095,7.9527
62096,7.9302
62097,7.913
62098,7.9017
62099,7.8959
62100,7.8951
62101,7.8979
62102,7.9031
62103,7.9094
62104,7.9157
62105,7.9209
62106,7.9246
62107,7.9265
62108,7.9269
62109,7.9262
62110,7.9249
62111,7.9236
62112,7.9231
62113,7.9239
62114,7.9264
62115,7.9311
62116,7.9383
62117,7.9482
62118,7.961
62119,7.9768
62120,7.9954
62121,8.0163
62122,8.0389
62123,8.0621
62124,8.0849
62125,8.106
62126,8.1242
62127,8.1386
62128,8.1481
62129,8.1523
62130,8.1507
62131,8.1435
62132,8.1311
62133,8.1145
62134,8.0946
62135,8.0729
62136,8.0509
62137,8.0298
62138,8.011
62139,7.9954
62140,7.9837
62141,7.9762
62142,7.9729
62143,7.9738
62144,7.9782
62145,7.9855
62146,7.9951
62147,8.006
62148,8.0177
62149,8.0293
62150,8.0404
62151,8.0503
62152,8.0587
62153,8.0652
62154,8.0692
62155,8.0704
62156,8.0685
62157,8.0632
62158,8.0546
62159,8.0427
62160,8.028
62161,8.0111
62162,7.9927
62163,7.9738
62164,7.9558
62165,7.9399
62166,7.9278
62167,7.9208
62168,7.9203
62169,7.9273
62170,7.9424
62171,7.9654
62172,7.9959
62173,8.0328
62174,8.0746
62175,8.1194
62176,8.165
62177,8.2094
62178,8.2503
62179,8.2858
62180,8.3143
62181,8.3343
62182,8.345
62183,8.346
62184,8.3372
62185,8.3192
62186,8.293
62187,8.2596
62188,8.2206
62189,8.1778
62190,8.1329
62191,8.0877
62192,8.044
62193,8.0034
62194,7.9671
62195,7.9363
62196,7.9117
62197,7.8937
62198,7.8823
62199,7.8773
62200,7.8783
62201,7.8849
62202,7.8962
62203,7.9117
62204,7.9307
62205,7.9524
62206,7.9761
62207,8.0011
62208,8.0267
62209,8.0521
62210,8.0766
62211,8.0995
62212,8.1203
62213,8.1385
62214,8.154
62215,8.1666
62216,8.1764
62217,8.1833
62218,8.1872
62219,8.1882
62220,8.1862
62221,8.1812
62222,8.1731
62223,8.1623
62224,8.149
62225,8.1336
62226,8.1169
62227,8.0998
62228,8.0832
62229,8.0681
62230,8.0554
62231,8.0459
62232,8.04
62233,8.0378
62234,8.0391
62235,8.0433
62236,8.0496
62237,8.057
62238,8.0644
62239,8.0706
62240,8.0747
62241,8.0758
62242,8.0736
62243,8.0684
62244,8.061
62245,8.0525
62246,8.0448
62247,8.0396
62248,8.0385
62249,8.0428
62250,8.0533
62251,8.07
62252,8.0924
62253,8.119
62254,8.1483
62255,8.1783
62256,8.2073
62257,8.2335
62258,8.2558
62259,8.2731
62260,8.2853
62261,8.2925
62262,8.2951
62263,8.2941
62264,8.2903
62265,8.2849
62266,8.2788
62267,8.2728
62268,8.2675
62269,8.263
62270,8.2591
62271,8.2552
62272,8.2505
62273,8.2437
62274,8.2341
62275,8.2207
62276,8.2035
62277,8.1826
62278,8.1588
62279,8.1331
62280,8.1071
62281,8.082
62282,8.0592
62283,8.0397
62284,8.0242
62285,8.0133
62286,8.0069
62287,8.0051
62288,8.0076
62289,8.0141
62290,8.024
62291,8.0368
62292,8.0517
62293,8.0681
62294,8.0853
62295,8.1028
62296,8.1203
62297,8.1375
62298,8.1541
62299,8.1698
62300,8.1839
62301,8.1955
62302,8.2036
62303,8.207
62304,8.2046
62305,8.1957
62306,8.1803
62307,8.159
62308,8.133
62309,8.1045
62310,8.0758
62311,8.0497
62312,8.0284
62313,8.0139
62314,8.0076
62315,8.0096
62316,8.0197
62317,8.0365
62318,8.0582
62319,8.0824
62320,8.1065
62321,8.1281
62322,8.145
62323,8.1552
62324,8.1578
62325,8.152
62326,8.1381
62327,8.1167
62328,8.0892
62329,8.0573
62330,8.0229
62331,7.9881
62332,7.9551
62333,7.9257
62334,7.9016
62335,7.884
62336,7.8738
62337,7.8714
62338,7.8766
62339,7.8889
62340,7.9072
62341,7.9301
62342,7.9562
62343,7.9837
62344,8.0109
62345,8.0362
62346,8.0584
62347,8.0764
62348,8.0899
62349,8.0987
62350,8.1031
62351,8.1037
62352,8.1015
62353,8.0973
62354,8.0922
62355,8.0871
62356,8.0831
62357,8.0807
62358,8.0805
62359,8.0827
62360,8.087
62361,8.093
62362,8.1
62363,8.1072
62364,8.1137
62365,8.1186
62366,8.1211
62367,8.1207
62368,8.1169
62369,8.1095
62370,8.0984
62371,8.0837
62372,8.0659
62373,8.0455
62374,8.0232
62375,7.9997
62376,7.976
62377,7.953
62378,7.9316
62379,7.9126
62380,7.8966
62381,7.8843
62382,7.8757
62383,7.871
62384,7.8698
62385,7.8717
62386,7.8762
62387,7.8825
62388,7.8903
62389,7.8991
62390,7.9087
62391,7.9192
62392,7.9308
62393,7.9435
62394,7.9577
62395,7.9732
62396,7.9899
62397,8.0075
62398,8.0251
62399,8.0421
62400,8.0575
62401,8.0704
62402,8.0801
62403,8.0861
62404,8.0885
62405,8.0877
62406,8.0846
62407,8.0805
62408,8.0766
62409,8.074
62410,8.0736
62411,8.0758
62412,8.0807
62413,8.088
62414,8.097
62415,8.107
62416,8.1172
62417,8.1269
62418,8.1355
62419,8.1424
62420,8.1475
62421,8.1504
62422,8.1513
62423,8.1504
62424,8.1479
62425,8.1446
62426,8.1411
62427,8.1384
62428,8.1371
62429,8.1381
62430,8.1418
62431,8.1485
62432,8.1578
62433,8.1691
62434,8.1813
62435,8.1931
62436,8.2032
62437,8.2101
62438,8.2129
62439,8.2107
62440,8.2035
62441,8.1916
62442,8.1759
62443,8.1578
62444,8.139
62445,8.1214
62446,8.1066
62447,8.096
62448,8.0903
62449,8.0896
62450,8.0935
62451,8.1008
62452,8.1098
62453,8.1187
62454,8.1258
62455,8.1296
62456,8.129
62457,8.1235
62458,8.1135
62459,8.0997
62460,8.0833
62461,8.0657
62462,8.0484
62463,8.0326
62464,8.0194
62465,8.0096
62466,8.0035
62467,8.001
62468,8.0019
62469,8.0052
62470,8.0102
62471,8.0158
62472,8.0212
62473,8.0256
62474,8.0284
62475,8.0293
62476,8.0279
62477,8.0247
62478,8.0199
62479,8.0143
62480,8.0086
62481,8.0037
62482,8.0005
62483,7.9995
62484,8.0014
62485,8.0064
62486,8.0143
62487,8.025
62488,8.0377
62489,8.0516
62490,8.0654
62491,8.0778
62492,8.0873
62493,8.0925
62494,8.0924
62495,8.086
62496,8.0729
62497,8.0532
62498,8.0274
62499,7.9966
62500,7.9623
62501,7.9264
62502,7.8911
62503,7.8587
62504,7.8315
62505,7.8115
62506,7.8004
62507,7.7989
62508,7.8072
62509,7.8245
62510,7.8495
62511,7.8803
62512,7.9145
62513,7.9497
62514,7.9837
62515,8.0141
62516,8.0393
62517,8.0577
62518,8.0684
62519,8.0712
62520,8.0666
62521,8.0558
62522,8.0408
62523,8.0244
62524,8.0098
62525,8.0003
62526,7.9988
62527,8.0076
62528,8.0279
62529,8.0595
62530,8.1012
62531,8.1502
62532,8.203
62533,8.2554
62534,8.3031
62535,8.3418
62536,8.3683
62537,8.3799
62538,8.3756
62539,8.3554
62540,8.3207
62541,8.2739
62542,8.2184
62543,8.1578
62544,8.0962
62545,8.0373
62546,7.9844
62547,7.9403
62548,7.9066
62549,7.8844
62550,7.8737
62551,7.874
62552,7.8842
62553,7.9028
62554,7.9283
62555,7.9591
62556,7.9936
62557,8.0303
62558,8.0681
62559,8.1054
62560,8.1412
62561,8.174
62562,8.2026
62563,8.2256
62564,8.2417
62565,8.25
62566,8.2496
62567,8.2403
62568,8.2225
62569,8.1975
62570,8.167
62571,8.1337
62572,8.1004
62573,8.07
62574,8.0453
62575,8.0285
62576,8.0207
62577,8.0222
62578,8.0323
62579,8.0489
62580,8.0696
62581,8.0914
62582,8.111
62583,8.1257
62584,8.1333
62585,8.1323
62586,8.1222
62587,8.1036
62588,8.0776
62589,8.0463
62590,8.0122
62591,7.9782
62592,7.947
62593,7.9213
62594,7.9035
62595,7.8949
62596,7.8962
62597,7.9071
62598,7.9265
62599,7.9524
62600,7.9822
62601,8.0127
62602,8.0409
62603,8.064
62604,8.0795
62605,8.086
62606,8.0831
62607,8.0712
62608,8.0517
62609,8.0268
62610,7.999
62611,7.971
62612,7.9451
62613,7.9234
62614,7.9069
62615,7.896
62616,7.8904
62617,7.8892
62618,7.891
62619,7.8948
62620,7.8995
62621,7.9048
62622,7.9106
62623,7.9174
62624,7.9257
62625,7.9363
62626,7.9499
62627,7.9667
62628,7.9867
62629,8.0094
62630,8.0339
62631,8.0591
62632,8.0837
62633,8.1063
62634,8.126
62635,8.1418
62636,8.1533
62637,8.1606
62638,8.1641
62639,8.1646
62640,8.1632
62641,8.1607
62642,8.1579
62643,8.1552
62644,8.1525
62645,8.1496
62646,8.1457
62647,8.1399
62648,8.1316
62649,8.1202
62650,8.1054
62651,8.0877
62652,8.068
62653,8.0479
62654,8.0292
62655,8.0138
62656,8.0036
62657,8.0
62658,8.0042
62659,8.0164
62660,8.0362
62661,8.0627
62662,8.0942
62663,8.1289
62664,8.1644
62665,8.1985
62666,8.2291
62667,8.2542
62668,8.2723
62669,8.2826
62670,8.2845
62671,8.2783
62672,8.2645
62673,8.2442
62674,8.2186
62675,8.1893
62676,8.1581
62677,8.1268
62678,8.0972
62679,8.0709
62680,8.0489
62681,8.0317
62682,8.0194
62683,8.0115
62684,8.0073
62685,8.0061
62686,8.0071
62687,8.01
62688,8.0146
62689,8.0213
62690,8.0305
62691,8.0427
62692,8.0581
62693,8.0767
62694,8.0979
62695,8.1207
62696,8.1438
62697,8.1657
62698,8.1852
62699,8.2009
62700,8.2121
62701,8.2183
62702,8.2196
62703,8.2166
62704,8.2101
62705,8.2015
62706,8.1924
62707,8.1843
62708,8.1788
62709,8.1771
62710,8.1803
62711,8.1887
62712,8.2022
62713,8.2202
62714,8.2415
62715,8.2646
62716,8.2877
62717,8.3087
62718,8.3259
62719,8.3374
62720,8.3419
62721,8.3386
62722,8.327
62723,8.3073
62724,8.2805
62725,8.2476
62726,8.2101
62727,8.1699
62728,8.1286
62729,8.0879
62730,8.0494
62731,8.0144
62732,7.9837
62733,7.9582
62734,7.9381
62735,7.9234
62736,7.9138
62737,7.9086
62738,7.9069
62739,7.9076
62740,7.9095
62741,7.9116
62742,7.9129
62743,7.913
62744,7.9117
62745,7.9093
62746,7.9067
62747,7.9052
62748,7.9062
62749,7.9114
62750,7.9224
62751,7.9402
62752,7.9653
62753,7.9977
62754,8.0364
62755,8.0797
62756,8.1256
62757,8.1716
62758,8.215
62759,8.2533
62760,8.2845
62761,8.3069
62762,8.3196
62763,8.3223
62764,8.3156
62765,8.3005
62766,8.2787
62767,8.2521
62768,8.2229
62769,8.193
62770,8.1641
62771,8.1376
62772,8.1144
62773,8.0949
62774,8.079
62775,8.0661
62776,8.0555
62777,8.0461
62778,8.0369
62779,8.0269
62780,8.0158
62781,8.0031
62782,7.989
62783,7.974
62784,7.9585
62785,7.9435
62786,7.9296
62787,7.9175
62788,7.908
62789,7.9016
62790,7.8989
62791,7.9003
62792,7.9063
62793,7.9171
62794,7.9329
62795,7.9538
62796,7.9797
62797,8.0102
62798,8.0446
62799,8.0819
62800,8.1209
62801,8.1599
62802,8.1971
62803,8.2306
62804,8.2586
62805,8.2795
62806,8.2921
62807,8.296
62808,8.2913
62809,8.2785
62810,8.2589
62811,8.2338
62812,8.2049
62813,8.1736
62814,8.1415
62815,8.11
62816,8.0802
62817,8.053
62818,8.029
62819,8.0087
62820,7.9923
62821,7.98
62822,7.9719
62823,7.9682
62824,7.9691
62825,7.9747
62826,7.9851
62827,8.0001
62828,8.0196
62829,8.0433
62830,8.0705
62831,8.1007
62832,8.133
62833,8.1663
62834,8.1995
62835,8.2309
62836,8.2588
62837,8.2811
62838,8.2963
62839,8.303
62840,8.3003
62841,8.2883
62842,8.2677
62843,8.2399
62844,8.2071
62845,8.1715
62846,8.1354
62847,8.1011
62848,8.0703
62849,8.0443
62850,8.0238
62851,8.0091
62852,7.9998
62853,7.9955
62854,7.9953
62855,7.9984
62856,8.0038
62857,8.0108
62858,8.0186
62859,8.0268
62860,8.0349
62861,8.0426
62862,8.0496
62863,8.0554
62864,8.0597
62865,8.0621
62866,8.0624
62867,8.0608
62868,8.0573
62869,8.0526
62870,8.0471
62871,8.0416
62872,8.0363
62873,8.0316
62874,8.0273
62875,8.0231
62876,8.0182
62877,8.012
62878,8.0039
62879,7.9936
62880,7.9811
62881,7.9669
62882,7.9518
62883,7.9368
62884,7.923
62885,7.9112
62886,7.9023
62887,7.8964
62888,7.8937
62889,7.8938
62890,7.8963
62891,7.9005
62892,7.9057
62893,7.9112
62894,7.9166
62895,7.9216
62896,7.9263
62897,7.931
62898,7.9365
62899,7.9435
62900,7.9527
62901,7.9648
62902,7.98
62903,7.998
62904,8.0181
62905,8.039
62906,8.0593
62907,8.0773
62908,8.0913
62909,8.1
62910,8.1028
62911,8.0991
62912,8.0891
62913,8.0733
62914,8.0527
62915,8.0285
62916,8.0023
62917,7.9756
62918,7.9501
62919,7.9273
62920,7.9087
62921,7.8952
62922,7.8876
62923,7.8864
62924,7.8914
62925,7.9023
62926,7.918
62927,7.9371
62928,7.958
62929,7.9786
62930,7.9972
62931,8.0123
62932,8.0228
62933,8.0283
62934,8.0293
62935,8.0266
62936,8.0214
62937,8.015
62938,8.0084
62939,8.0026
62940,7.9979
62941,7.9945
62942,7.9921
62943,7.9905
62944,7.9891
62945,7.9878
62946,7.9862
62947,7.9846
62948,7.9831
62949,7.9825
62950,7.9834
62951,7.9865
62952,7.9922
62953,8.0009
62954,8.0123
62955,8.0255
62956,8.0396
62957,8.0531
62958,8.0649
62959,8.0739
62960,8.0795
62961,8.0818
62962,8.0813
62963,8.0787
62964,8.075
62965,8.071
62966,8.0676
62967,8.065
62968,8.0633
62969,8.0623
62970,8.062
62971,8.0619
62972,8.0619
62973,8.062
62974,8.0621
62975,8.0623
62976,8.0627
62977,8.0633
62978,8.0643
62979,8.0653
62980,8.0661
62981,8.0663
62982,8.0655
62983,8.0633
62984,8.0596
62985,8.0542
62986,8.0475
62987,8.0399
62988,8.0321
62989,8.025
62990,8.0192
62991,8.0158
62992,8.0155
62993,8.0187
62994,8.0259
62995,8.0367
62996,8.0507
62997,8.0669
62998,8.084
62999,8.1008
63000,8.116
63001,8.1285
63002,8.1376
63003,8.143
63004,8.1449
63005,8.1438
63006,8.1406
63007,8.1363
63008,8.1319
63009,8.1285
63010,8.1269
63011,8.1275
63012,8.1307
63013,8.1362
63014,8.1436
63015,8.1525
63016,8.1622
63017,8.172
63018,8.1814
63019,8.1899
63020,8.197
63021,8.2023
63022,8.2056
63023,8.2067
63024,8.2057
63025,8.2028
63026,8.1983
63027,8.1928
63028,8.1869
63029,8.1813
63030,8.1763
63031,8.1723
63032,8.1691
63033,8.1665
63034,8.1641
63035,8.1615
63036,8.1581
63037,8.1538
63038,8.1483
63039,8.1416
63040,8.1339
63041,8.1252
63042,8.1159
63043,8.1061
63044,8.0962
63045,8.0865
63046,8.0777
63047,8.0701
63048,8.0643
63049,8.0607
63050,8.0595
63051,8.0606
63052,8.0639
63053,8.0692
63054,8.0761
63055,8.0847
63056,8.0946
63057,8.106
63058,8.1187
63059,8.1325
63060,8.1473
63061,8.1627
63062,8.1782
63063,8.1935
63064,8.208
63065,8.221
63066,8.2317
63067,8.2392
63068,8.2426
63069,8.241
63070,8.2338
63071,8.221
63072,8.2026
63073,8.1797
63074,8.1536
63075,8.1261
63076,8.0991
63077,8.0746
63078,8.0541
63079,8.0387
63080,8.029
63081,8.0246
63082,8.0247
63083,8.0277
63084,8.0319
63085,8.0355
63086,8.037
63087,8.0355
63088,8.0307
63089,8.023
63090,8.0139
63091,8.0051
63092,7.9987
63093,7.9965
63094,8.0
63095,8.0096
63096,8.0252
63097,8.0453
63098,8.0682
63099,8.0915
63100,8.1127
63101,8.1298
63102,8.1412
63103,8.146
63104,8.1441
63105,8.1362
63106,8.1236
63107,8.1081
63108,8.0916
63109,8.0759
63110,8.0626
63111,8.0526
63112,8.0464
63113,8.0439
63114,8.0447
63115,8.0479
63116,8.0525
63117,8.0577
63118,8.0625
63119,8.0661
63120,8.0681
63121,8.0682
63122,8.0662
63123,8.062
63124,8.0555
63125,8.0465
63126,8.0347
63127,8.0198
63128,8.0014
63129,7.9792
63130,7.9533
63131,7.924
63132,7.8921
63133,7.8588
63134,7.8257
63135,7.7948
63136,7.7683
63137,7.7483
63138,7.7367
63139,7.735
63140,7.7441
63141,7.7642
63142,7.795
63143,7.8353
63144,7.8833
63145,7.9367
63146,7.9931
63147,8.0496
63148,8.1038
63149,8.1531
63150,8.1955
63151,8.2292
63152,8.2532
63153,8.267
63154,8.2705
63155,8.2645
63156,8.2502
63157,8.2297
63158,8.2049
63159,8.1786
63160,8.1533
63161,8.1312
63162,8.1144
63163,8.1041
63164,8.1006
63165,8.1035
63166,8.1114
63167,8.1222
63168,8.1335
63169,8.1427
63170,8.1474
63171,8.1457
63172,8.1368
63173,8.1203
63174,8.0973
63175,8.0692
63176,8.0383
63177,8.0071
63178,7.9782
63179,7.954
63180,7.9368
63181,7.928
63182,7.9286
63183,7.9389
63184,7.9584
63185,7.9862
63186,8.0203
63187,8.0587
63188,8.0987
63189,8.1377
63190,8.1729
63191,8.2018
63192,8.2225
63193,8.2336
63194,8.2344
63195,8.2252
63196,8.2066
63197,8.1803
63198,8.1481
63199,8.1122
63200,8.075
63201,8.0391
63202,8.0064
63203,7.9789
63204,7.958
63205,7.9446
63206,7.939
63207,7.941
63208,7.9501
63209,7.965
63210,7.9845
63211,8.007
63212,8.0306
63213,8.0536
63214,8.074
63215,8.0904
63216,8.1012
63217,8.1053
63218,8.102
63219,8.0911
63220,8.0725
63221,8.047
63222,8.0155
63223,7.9794
63224,7.9403
63225,7.9002
63226,7.8609
63227,7.8241
63228,7.7916
63229,7.7647
63230,7.7446
63231,7.7324
63232,7.729
63233,7.7354
63234,7.7523
63235,7.7803
63236,7.8197
63237,7.8702
63238,7.9309
63239,8.0
63240,8.0746
63241,8.1513
63242,8.2258
63243,8.2936
63244,8.3507
63245,8.3933
63246,8.419
63247,8.4264
63248,8.4156
63249,8.3881
63250,8.3463
63251,8.2939
63252,8.2349
63253,8.1734
63254,8.1133
63255,8.0578
63256,8.0091
63257,7.9686
63258,7.9366
63259,7.9129
63260,7.8964
63261,7.8859
63262,7.8801
63263,7.8778
63264,7.8781
63265,7.8802
63266,7.8841
63267,7.8901
63268,7.8985
63269,7.91
63270,7.9249
63271,7.943
63272,7.9635
63273,7.9852
63274,8.0063
63275,8.0248
63276,8.0389
63277,8.047
63278,8.0483
63279,8.0428
63280,8.0313
63281,8.0154
63282,7.9972
63283,7.9791
63284,7.9632
63285,7.9516
63286,7.9454
63287,7.9452
63288,7.951
63289,7.9622
63290,7.9774
63291,7.9953
63292,8.0145
63293,8.0335
63294,8.0512
63295,8.0669
63296,8.0799
63297,8.0903
63298,8.0981
63299,8.1033
63300,8.1061
63301,8.1066
63302,8.1048
63303,8.1009
63304,8.0948
63305,8.0871
63306,8.0783
63307,8.0692
63308,8.061
63309,8.0549
63310,8.0518
63311,8.0526
63312,8.0575
63313,8.066
63314,8.0772
63315,8.0895
63316,8.1009
63317,8.1094
63318,8.1133
63319,8.1113
63320,8.103
63321,8.0885
63322,8.0688
63323,8.0454
63324,8.0201
63325,7.9947
63326,7.9709
63327,7.9502
63328,7.9337
63329,7.9221
63330,7.9156
63331,7.9142
63332,7.9179
63333,7.9262
63334,7.9387
63335,7.9548
63336,7.9736
63337,7.994
63338,8.0148
63339,8.0343
63340,8.0511
63341,8.0635
63342,8.07
63343,8.0695
63344,8.061
63345,8.0442
63346,8.0193
63347,7.987
63348,7.9488
63349,7.9067
63350,7.8632
63351,7.8212
63352,7.7836
63353,7.7533
63354,7.733
63355,7.7247
63356,7.7295
63357,7.7474
63358,7.7778
63359,7.8188
63360,7.8678
63361,7.9218
63362,7.9775
63363,8.0314
63364,8.0807
63365,8.1229
63366,8.1561
63367,8.1793
63368,8.192
63369,8.1947
63370,8.1882
63371,8.174
63372,8.1542
63373,8.1309
63374,8.1065
63375,8.0832
63376,8.0629
63377,8.0471
63378,8.0369
63379,8.0325
63380,8.0338
63381,8.0402
63382,8.0505
63383,8.0637
63384,8.0782
63385,8.0928
63386,8.1063
63387,8.1177
63388,8.1266
63389,8.1329
63390,8.1369
63391,8.1391
63392,8.1402
63393,8.1407
63394,8.1409
63395,8.1408
63396,8.1402
63397,8.1382
63398,8.134
63399,8.1267
63400,8.1154
63401,8.0997
63402,8.0796
63403,8.0555
63404,8.0285
63405,7.9998
63406,7.9712
63407,7.9445
63408,7.9217
63409,7.9043
63410,7.8937
63411,7.8907
63412,7.8957
63413,7.9083
63414,7.9277
63415,7.9526
63416,7.9815
63417,8.0126
63418,8.0438
63419,8.0734
63420,8.0996
63421,8.121
63422,8.1368
63423,8.1466
63424,8.1507
63425,8.1499
63426,8.1457
63427,8.1395
63428,8.133
63429,8.1279
63430,8.1253
63431,8.1259
63432,8.13
63433,8.1376
63434,8.1484
63435,8.1618
63436,8.1771
63437,8.1934
63438,8.2099
63439,8.2255
63440,8.2393
63441,8.2505
63442,8.2583
63443,8.2623
63444,8.2623
63445,8.2582
63446,8.2502
63447,8.2387
63448,8.2241
63449,8.2069
63450,8.1878
63451,8.1674
63452,8.1464
63453,8.1253
63454,8.1047
63455,8.0852
63456,8.0671
63457,8.0509
63458,8.0368
63459,8.0251
63460,8.016
63461,8.0095
63462,8.0057
63463,8.0042
63464,8.0048
63465,8.0068
63466,8.0095
63467,8.0124
63468,8.0149
63469,8.0171
63470,8.019
63471,8.0213
63472,8.0246
63473,8.0297
63474,8.0372
63475,8.0474
63476,8.06
63477,8.0746
63478,8.09
63479,8.1049
63480,8.1176
63481,8.1267
63482,8.1311
63483,8.1301
63484,8.1235
63485,8.1118
63486,8.0959
63487,8.0771
63488,8.057
63489,8.0372
63490,8.0192
63491,8.0047
63492,7.9947
63493,7.9901
63494,7.9913
63495,7.9979
63496,8.0092
63497,8.0238
63498,8.0403
63499,8.0569
63500,8.0721
63501,8.0848
63502,8.0944
63503,8.1009
63504,8.1048
63505,8.1073
63506,8.1099
63507,8.1142
63508,8.122
63509,8.1346
63510,8.1528
63511,8.177
63512,8.2063
63513,8.2393
63514,8.274
63515,8.3075
63516,8.3367
63517,8.3585
63518,8.3701
63519,8.369
63520,8.3541
63521,8.3248
63522,8.282
63523,8.2276
63524,8.1642
63525,8.0952
63526,8.0244
63527,7.9553
63528,7.8918
63529,7.837
63530,7.7937
63531,7.7638
63532,7.7483
63533,7.7474
63534,7.7601
63535,7.7845
63536,7.8181
63537,7.8573
63538,7.8987
63539,7.9386
63540,7.9736
63541,8.0014
63542,8.0204
63543,8.03
63544,8.0311
63545,8.0253
63546,8.0148
63547,8.0025
63548,7.9911
63549,7.9833
63550,7.981
63551,7.9856
63552,7.9978
63553,8.0172
63554,8.0427
63555,8.0722
63556,8.1036
63557,8.1343
63558,8.1618
63559,8.1842
63560,8.1999
63561,8.2083
63562,8.2095
63563,8.2043
63564,8.194
63565,8.1801
63566,8.1645
63567,8.1486
63568,8.1334
63569,8.1198
63570,8.1078
63571,8.0975
63572,8.0888
63573,8.0814
63574,8.0752
63575,8.0702
63576,8.0665
63577,8.0641
63578,8.0631
63579,8.0635
63580,8.0653
63581,8.0681
63582,8.0714
63583,8.0748
63584,8.0774
63585,8.0783
63586,8.0766
63587,8.0718
63588,8.0634
63589,8.0515
63590,8.0366
63591,8.0195
63592,8.0017
63593,7.9843
63594,7.9691
63595,7.9574
63596,7.9505
63597,7.9497
63598,7.9557
63599,7.9689
63600,7.9892
63601,8.016
63602,8.0481
63603,8.0839
63604,8.1211
63605,8.157
63606,8.1889
63607,8.2139
63608,8.2298
63609,8.2346
63610,8.2277
63611,8.209
63612,8.1797
63613,8.1416
63614,8.0975
63615,8.0503
63616,8.003
63617,7.9586
63618,7.9193
63619,7.8871
63620,7.8629
63621,7.8473
63622,7.84
63623,7.8403
63624,7.8469
63625,7.8586
63626,7.8741
63627,7.8921
63628,7.9118
63629,7.9327
63630,7.9544
63631,7.9768
63632,8.0
63633,8.0238
63634,8.0478
63635,8.0714
63636,8.094
63637,8.1144
63638,8.1315
63639,8.1445
63640,8.1524
63641,8.1547
63642,8.1514
63643,8.1429
63644,8.13
63645,8.1141
63646,8.0965
63647,8.079
63648,8.0629
63649,8.0494
63650,8.0392
63651,8.0323
63652,8.0284
63653,8.0268
63654,8.0267
63655,8.027
63656,8.027
63657,8.0262
63658,8.0242
63659,8.0211
63660,8.017
63661,8.0121
63662,8.0069
63663,8.0016
63664,7.9966
63665,7.992
63666,7.9878
63667,7.9841
63668,7.9805
63669,7.9768
63670,7.9729
63671,7.9685
63672,7.9634
63673,7.9574
63674,7.9505
63675,7.9428
63676,7.9344
63677,7.9255
63678,7.9167
63679,7.9086
63680,7.9016
63681,7.8967
63682,7.8945
63683,7.8957
63684,7.9009
63685,7.9108
63686,7.9258
63687,7.9464
63688,7.9727
63689,8.0047
63690,8.0419
63691,8.0833
63692,8.1274
63693,8.1721
63694,8.215
63695,8.2534
63696,8.285
63697,8.3077
63698,8.3203
63699,8.3223
63700,8.3143
63701,8.2979
63702,8.2753
63703,8.2493
63704,8.2228
63705,8.1987
63706,8.1794
63707,8.1664
63708,8.1604
63709,8.1611
63710,8.1672
63711,8.1766
63712,8.1869
63713,8.1955
63714,8.2003
63715,8.1995
63716,8.1923
63717,8.1788
63718,8.1597
63719,8.1366
63720,8.1114
63721,8.0862
63722,8.0629
63723,8.0428
63724,8.027
63725,8.0157
63726,8.0089
63727,8.006
63728,8.0061
63729,8.0086
63730,8.0126
63731,8.0178
63732,8.0238
63733,8.0308
63734,8.039
63735,8.0486
63736,8.06
63737,8.0731
63738,8.0877
63739,8.1036
63740,8.1201
63741,8.1363
63742,8.1513
63743,8.1638
63744,8.1728
63745,8.1769
63746,8.1751
63747,8.1664
63748,8.1503
63749,8.1269
63750,8.0968
63751,8.0615
63752,8.0227
63753,7.9831
63754,7.9453
63755,7.9116
63756,7.8843
63757,7.8646
63758,7.853
63759,7.8493
63760,7.8525
63761,7.8612
63762,7.8738
63763,7.8889
63764,7.9052
63765,7.9218
63766,7.9384
63767,7.955
63768,7.9719
63769,7.9895
63770,8.0081
63771,8.028
63772,8.049
63773,8.0709
63774,8.0928
63775,8.114
63776,8.1334
63777,8.1502
63778,8.1638
63779,8.1736
63780,8.1795
63781,8.1815
63782,8.1796
63783,8.1738
63784,8.164
63785,8.1501
63786,8.1321
63787,8.1101
63788,8.0848
63789,8.057
63790,8.0282
63791,8.0001
63792,7.9745
63793,7.953
63794,7.9371
63795,7.9275
63796,7.9243
63797,7.9271
63798,7.935
63799,7.9466
63800,7.9607
63801,7.9759
63802,7.9914
63803,8.0063
63804,8.0201
63805,8.0325
63806,8.0431
63807,8.0517
63808,8.058
63809,8.0618
63810,8.0629
63811,8.061
63812,8.0562
63813,8.0485
63814,8.0383
63815,8.026
63816,8.0122
63817,7.9975
63818,7.9826
63819,7.9684
63820,7.9553
63821,7.9441
63822,7.9352
63823,7.9291
63824,7.926
63825,7.9264
63826,7.9301
63827,7.9371
63828,7.9468
63829,7.9583
63830,7.9706
63831,7.9823
63832,7.9921
63833,7.9988
63834,8.0016
63835,8.0003
63836,7.9952
63837,7.9873
63838,7.9781
63839,7.9693
63840,7.9626
63841,7.9595
63842,7.961
63843,7.9675
63844,7.9786
63845,7.9936
63846,8.0111
63847,8.0296
63848,8.0476
63849,8.064
63850,8.0776
63851,8.0883
63852,8.0959
63853,8.1008
63854,8.1037
63855,8.1051
63856,8.1057
63857,8.106
63858,8.1061
63859,8.106
63860,8.1054
63861,8.1038
63862,8.1007
63863,8.0956
63864,8.0881
63865,8.0783
63866,8.0664
63867,8.0533
63868,8.0401
63869,8.0284
63870,8.0197
63871,8.0158
63872,8.0181
63873,8.0276
63874,8.045
63875,8.0701
63876,8.102
63877,8.1392
63878,8.1793
63879,8.2198
63880,8.2575
63881,8.2898
63882,8.3141
63883,8.3286
63884,8.3321
63885,8.3242
63886,8.3053
63887,8.2765
63888,8.2394
63889,8.1959
63890,8.1484
63891,8.0989
63892,8.0493
63893,8.0013
63894,7.9563
63895,7.9151
63896,7.8787
63897,7.8477
63898,7.8228
63899,7.8047
63900,7.7938
63901,7.7906
63902,7.7951
63903,7.807
63904,7.8256
63905,7.8497
63906,7.8781
63907,7.9091
63908,7.9412
63909,7.9731
63910,8.0038
63911,8.033
63912,8.0606
63913,8.0869
63914,8.1123
63915,8.1373
63916,8.162
63917,8.186
63918,8.2086
63919,8.2289
63920,8.2456
63921,8.2575
63922,8.2633
63923,8.2622
63924,8.2537
63925,8.2377
63926,8.2146
63927,8.1852
63928,8.1507
63929,8.1127
63930,8.0731
63931,8.0337
63932,7.9963
63933,7.9622
63934,7.9327
63935,7.9084
63936,7.8896
63937,7.8763
63938,7.8684
63939,7.8653
63940,7.8667
63941,7.8723
63942,7.8818
63943,7.895
63944,7.912
63945,7.9328
63946,7.9575
63947,7.9858
63948,8.0173
63949,8.0515
63950,8.0872
63951,8.1234
63952,8.1589
63953,8.1925
63954,8.223
63955,8.2496
63956,8.2714
63957,8.2878
63958,8.2984
63959,8.3031
63960,8.3019
63961,8.295
63962,8.2831
63963,8.2665
63964,8.2459
63965,8.222
63966,8.1953
63967,8.1666
63968,8.1366
63969,8.1063
63970,8.0771
63971,8.0501
63972,8.027
63973,8.0091
63974,7.9976
63975,7.993
63976,7.9956
63977,8.0048
63978,8.0194
63979,8.0379
63980,8.0583
63981,8.0785
63982,8.0962
63983,8.1098
63984,8.1177
63985,8.1193
63986,8.1148
63987,8.105
63988,8.0917
63989,8.0768
63990,8.0629
63991,8.052
63992,8.0459
63993,8.046
63994,8.0525
63995,8.0653
63996,8.0834
63997,8.1055
63998,8.13
63999,8.1552
64000,8.1795
64001,8.2013
64002,8.2195
64003,8.2329
64004,8.2408
64005,8.2428
64006,8.2386
64007,8.2284
64008,8.2129
64009,8.1927
64010,8.1687
64011,8.1419
64012,8.1134
64013,8.0842
64014,8.0555
64015,8.0283
64016,8.0037
64017,7.9829
64018,7.9668
64019,7.9563
64020,7.9522
64021,7.955
64022,7.9651
64023,7.9825
64024,8.0068
64025,8.0375
64026,8.0737
64027,8.1141
64028,8.1571
64029,8.2008
64030,8.2431
64031,8.2818
64032,8.3148
64033,8.3403
64034,8.3569
64035,8.364
64036,8.3615
64037,8.3501
64038,8.3312
64039,8.3067
64040,8.2789
64041,8.2501
64042,8.2227
64043,8.1986
64044,8.1792
64045,8.1652
64046,8.1563
64047,8.1519
64048,8.1505
64049,8.1506
64050,8.1504
64051,8.1485
64052,8.1439
64053,8.1361
64054,8.1254
64055,8.1125
64056,8.0987
64057,8.0855
64058,8.0746
64059,8.0672
64060,8.0643
64061,8.0664
64062,8.0731
64063,8.0837
64064,8.0967
64065,8.1105
64066,8.123
64067,8.1325
64068,8.1371
64069,8.1355
64070,8.127
64071,8.1114
64072,8.0893
64073,8.0621
64074,8.0318
64075,8.0008
64076,7.9718
64077,7.9472
64078,7.9291
64079,7.919
64080,7.9178
64081,7.9253
64082,7.9411
64083,7.9639
64084,7.9922
64085,8.0243
64086,8.0581
64087,8.0918
64088,8.1238
64089,8.1526
64090,8.1771
64091,8.1968
64092,8.2114
64093,8.2213
64094,8.227
64095,8.2294
64096,8.2293
64097,8.2275
64098,8.2244
64099,8.2202
64100,8.215
64101,8.2085
64102,8.2005
64103,8.1906
64104,8.1785
64105,8.164
64106,8.1469
64107,8.1273
64108,8.1054
64109,8.0814
64110,8.0559
64111,8.0296
64112,8.0034
64113,7.9782
64114,7.9552
64115,7.9356
64116,7.9203
64117,7.9102
64118,7.9059
64119,7.9077
64120,7.9154
64121,7.9287
64122,7.9466
64123,7.9677
64124,7.9906
64125,8.0132
64126,8.0337
64127,8.0501
64128,8.0606
64129,8.0641
64130,8.06
64131,8.0484
64132,8.0304
64133,8.0075
64134,7.9819
64135,7.9559
64136,7.9317
64137,7.9112
64138,7.8957
64139,7.8859
64140,7.8818
64141,7.8827
64142,7.8875
64143,7.8948
64144,7.9031
64145,7.9112
64146,7.9184
64147,7.9247
64148,7.9303
64149,7.9364
64150,7.9442
64151,7.955
64152,7.97
64153,7.9897
64154,8.0145
64155,8.0436
64156,8.0761
64157,8.1103
64158,8.1439
64159,8.1747
64160,8.2
64161,8.2176
64162,8.2256
64163,8.2228
64164,8.2089
64165,8.1844
64166,8.151
64167,8.1109
64168,8.0669
64169,8.0221
64170,7.9795
64171,7.9416
64172,7.9103
64173,7.8869
64174,7.8718
64175,7.8649
64176,7.8654
64177,7.8724
64178,7.8845
64179,7.9006
64180,7.9195
64181,7.9404
64182,7.9624
64183,7.9849
64184,8.0074
64185,8.0294
64186,8.0504
64187,8.07
64188,8.0878
64189,8.1032
64190,8.1157
64191,8.1248
64192,8.13
64193,8.1311
64194,8.1275
64195,8.1193
64196,8.1065
64197,8.0892
64198,8.0681
64199,8.0438
64200,8.0172
64201,7.9893
64202,7.9611
64203,7.9339
64204,7.9089
64205,7.8872
64206,7.8699
64207,7.8581
64208,7.8523
64209,7.853
64210,7.8599
64211,7.8727
64212,7.8903
64213,7.9115
64214,7.9348
64215,7.9587
64216,7.9819
64217,8.0032
64218,8.0216
64219,8.0364
64220,8.0474
64221,8.0541
64222,8.0568
64223,8.0556
64224,8.0508
64225,8.0431
64226,8.0333
64227,8.022
64228,8.0104
64229,7.999
64230,7.9888
64231,7.9803
64232,7.9741
64233,7.9703
64234,7.9693
64235,7.971
64236,7.9752
64237,7.9817
64238,7.9898
64239,7.9986
64240,8.0071
64241,8.0143
64242,8.0192
64243,8.021
64244,8.0193
64245,8.0141
64246,8.0056
64247,7.9947
64248,7.9822
64249,7.9691
64250,7.9565
64251,7.9454
64252,7.9366
64253,7.9309
64254,7.9288
64255,7.9306
64256,7.9368
64257,7.9474
64258,7.9623
64259,7.9814
64260,8.0041
64261,8.0296
64262,8.0569
64263,8.0848
64264,8.112
64265,8.1372
64266,8.1592
64267,8.1771
64268,8.1903
64269,8.1985
64270,8.202
64271,8.2011
64272,8.1968
64273,8.1903
64274,8.1828
64275,8.176
64276,8.1713
64277,8.17
64278,8.1727
64279,8.1799
64280,8.191
64281,8.2052
64282,8.2211
64283,8.2369
64284,8.251
64285,8.2618
64286,8.2681
64287,8.2691
64288,8.2643
64289,8.2538
64290,8.238
64291,8.2176
64292,8.1935
64293,8.167
64294,8.1392
64295,8.1115
64296,8.0851
64297,8.0608
64298,8.0392
64299,8.0204
64300,8.0043
64301,7.9905
64302,7.9784
64303,7.9677
64304,7.9585
64305,7.9509
64306,7.9457
64307,7.9438
64308,7.946
64309,7.9534
64310,7.9663
64311,7.9849
64312,8.0087
64313,8.0365
64314,8.0667
64315,8.0972
64316,8.1257
64317,8.1504
64318,8.1695
64319,8.1821
64320,8.1878
64321,8.1869
64322,8.18
64323,8.1681
64324,8.1522
64325,8.1332
64326,8.1121
64327,8.0899
64328,8.0675
64329,8.046
64330,8.0264
64331,8.01
64332,7.9975
64333,7.9899
64334,7.9876
64335,7.991
64336,8.0001
64337,8.0148
64338,8.0344
64339,8.0582
64340,8.085
64341,8.1134
64342,8.1417
64343,8.168
64344,8.1902
64345,8.2065
64346,8.2153
64347,8.2158
64348,8.2076
64349,8.1916
64350,8.1692
64351,8.1425
64352,8.114
64353,8.0863
64354,8.0617
64355,8.0419
64356,8.0277
64357,8.0193
64358,8.0159
64359,8.0161
64360,8.0186
64361,8.0217
64362,8.024
64363,8.0245
64364,8.0227
64365,8.0185
64366,8.0122
64367,8.0046
64368,7.9969
64369,7.9904
64370,7.9862
64371,7.9857
64372,7.9897
64373,7.999
64374,8.0138
64375,8.0342
64376,8.0596
64377,8.0892
64378,8.1216
64379,8.1554
64380,8.189
64381,8.2208
64382,8.2492
64383,8.2728
64384,8.2903
64385,8.3009
64386,8.3037
64387,8.2985
64388,8.2854
64389,8.265
64390,8.2382
64391,8.2063
64392,8.171
64393,8.134
64394,8.0971
64395,8.062
64396,8.0303
64397,8.0033
64398,7.982
64399,7.9669
64400,7.9582
64401,7.9559
64402,7.9594
64403,7.9681
64404,7.9812
64405,7.9979
64406,8.0172
64407,8.0386
64408,8.0612
64409,8.0844
64410,8.1075
64411,8.1297
64412,8.1504
64413,8.1686
64414,8.1838
64415,8.1953
64416,8.2024
64417,8.2047
64418,8.2019
64419,8.194
64420,8.1813
64421,8.1641
64422,8.1436
64423,8.1207
64424,8.097
64425,8.0739
64426,8.053
64427,8.0358
64428,8.0235
64429,8.0172
64430,8.0174
64431,8.0239
64432,8.0361
64433,8.053
64434,8.0731
64435,8.0947
64436,8.1162
64437,8.1364
64438,8.1545
64439,8.1701
64440,8.1834
64441,8.1948
64442,8.2051
64443,8.2147
64444,8.2243
64445,8.2338
64446,8.2433
64447,8.2523
64448,8.2604
64449,8.2671
64450,8.272
64451,8.2748
64452,8.2751
64453,8.2729
64454,8.2679
64455,8.2599
64456,8.2491
64457,8.2354
64458,8.2189
64459,8.2001
64460,8.1794
64461,8.1574
64462,8.1347
64463,8.1118
64464,8.0892
64465,8.0675
64466,8.0471
64467,8.0285
64468,8.0121
64469,7.9985
64470,7.9883
64471,7.982
64472,7.9801
64473,7.9827
64474,7.9899
64475,8.0015
64476,8.0169
64477,8.0356
64478,8.0569
64479,8.08
64480,8.1042
64481,8.1287
64482,8.1526
64483,8.1754
64484,8.1965
64485,8.2158
64486,8.2331
64487,8.2487
64488,8.2628
64489,8.2755
64490,8.2872
64491,8.2976
64492,8.3066
64493,8.3139
64494,8.319
64495,8.3216
64496,8.3214
64497,8.3183
64498,8.3123
64499,8.3036
64500,8.2927
64501,8.28
64502,8.2664
64503,8.2527
64504,8.2395
64505,8.2278
64506,8.2181
64507,8.2109
64508,8.2065
64509,8.2048
64510,8.2055
64511,8.2084
64512,8.2127
64513,8.2179
64514,8.2235
64515,8.2292
64516,8.2347
64517,8.2402
64518,8.2458
64519,8.2513
64520,8.2567
64521,8.2616
64522,8.2651
64523,8.2666
64524,8.2648
64525,8.2589
64526,8.2481
64527,8.2321
64528,8.211
64529,8.1856
64530,8.1571
64531,8.127
64532,8.0973
64533,8.0698
64534,8.0465
64535,8.0289
64536,8.0182
64537,8.0149
64538,8.0194
64539,8.0313
64540,8.0499
64541,8.074
64542,8.1019
64543,8.1319
64544,8.1616
64545,8.189
64546,8.2121
64547,8.2294
64548,8.2399
64549,8.2435
64550,8.2407
64551,8.2324
64552,8.2202
64553,8.2055
64554,8.1896
64555,8.1735
64556,8.1577
64557,8.1422
64558,8.1266
64559,8.1107
64560,8.0942
64561,8.0772
64562,8.0603
64563,8.0444
64564,8.0308
64565,8.021
64566,8.0163
64567,8.0176
64568,8.0253
64569,8.039
64570,8.0576
64571,8.0796
64572,8.1028
64573,8.1252
64574,8.1446
64575,8.1594
64576,8.1685
64577,8.1711
64578,8.1673
64579,8.1577
64580,8.1434
64581,8.126
64582,8.1072
64583,8.0889
64584,8.0726
64585,8.0599
64586,8.0517
64587,8.0485
64588,8.0503
64589,8.0567
64590,8.0669
64591,8.0794
64592,8.0926
64593,8.105
64594,8.115
64595,8.1212
64596,8.123
64597,8.1202
64598,8.1133
64599,8.1034
64600,8.0917
64601,8.0794
64602,8.0679
64603,8.0578
64604,8.0495
64605,8.0431
64606,8.038
64607,8.0338
64608,8.0299
64609,8.0258
64610,8.0213
64611,8.0167
64612,8.0123
64613,8.0091
64614,8.0079
64615,8.0099
64616,8.0159
64617,8.0265
64618,8.0419
64619,8.0619
64620,8.0857
64621,8.1125
64622,8.141
64623,8.1699
64624,8.1981
64625,8.2242
64626,8.2473
64627,8.2662
64628,8.2801
64629,8.2882
64630,8.2899
64631,8.2846
64632,8.2722
64633,8.2528
64634,8.2268
64635,8.1948
64636,8.1582
64637,8.118
64638,8.0759
64639,8.0334
64640,7.9921
64641,7.9533
64642,7.9182
64643,7.8876
64644,7.8624
64645,7.8427
64646,7.8288
64647,7.8206
64648,7.818
64649,7.8209
64650,7.829
64651,7.842
64652,7.8599
64653,7.8823
64654,7.9091
64655,7.9397
64656,7.9738
64657,8.0105
64658,8.0491
64659,8.0886
64660,8.1281
64661,8.1666
64662,8.2034
64663,8.2374
64664,8.268
64665,8.2944
64666,8.3158
64667,8.3315
64668,8.3405
64669,8.3421
64670,8.3356
64671,8.3204
64672,8.2963
64673,8.2637
64674,8.2233
64675,8.1764
64676,8.1251
64677,8.0715
64678,8.0185
64679,7.9689
64680,7.9256
64681,7.8913
64682,7.8682
64683,7.8582
64684,7.8622
64685,7.8805
64686,7.9125
64687,7.9565
64688,8.01
64689,8.0696
64690,8.1314
64691,8.1911
64692,8.2446
64693,8.2882
64694,8.319
64695,8.3351
64696,8.3359
64697,8.3218
64698,8.2944
64699,8.2563
64700,8.2104
64701,8.1603
64702,8.1093
64703,8.0608
64704,8.0174
64705,7.9813
64706,7.954
64707,7.936
64708,7.9271
64709,7.9265
64710,7.9325
64711,7.943
64712,7.9558
64713,7.9688
64714,7.9802
64715,7.989
64716,7.9945
64717,7.9968
64718,7.9965
64719,7.9944
64720,7.9915
64721,7.9888
64722,7.987
64723,7.9866
64724,7.9879
64725,7.9906
64726,7.9946
64727,7.9997
64728,8.0059
64729,8.0131
64730,8.0218
64731,8.0325
64732,8.0455
64733,8.0613
64734,8.0801
64735,8.1017
64736,8.1255
64737,8.1506
64738,8.1757
64739,8.1992
64740,8.2195
64741,8.2347
64742,8.2436
64743,8.2451
64744,8.2387
64745,8.2248
64746,8.2044
64747,8.1789
64748,8.1504
64749,8.121
64750,8.0926
64751,8.067
64752,8.0456
64753,8.0294
64754,8.0189
64755,8.0143
64756,8.0154
64757,8.0216
64758,8.0323
64759,8.0467
64760,8.0639
64761,8.0829
64762,8.1024
64763,8.1213
64764,8.1387
64765,8.1538
64766,8.1662
64767,8.1756
64768,8.1825
64769,8.1873
64770,8.1904
64771,8.1925
64772,8.1938
64773,8.1945
64774,8.1945
64775,8.1937
64776,8.1916
64777,8.1877
64778,8.1819
64779,8.1737
64780,8.163
64781,8.1498
64782,8.1342
64783,8.1163
64784,8.0966
64785,8.0756
64786,8.0539
64787,8.0325
64788,8.0124
64789,7.9948
64790,7.9808
64791,7.9712
64792,7.9667
64793,7.9673
64794,7.9728
64795,7.9822
64796,7.9939
64797,8.0065
64798,8.0181
64799,8.0273
64800,1.3885
64801,1.3889
64802,1.3887
64803,1.3882
64804,1.3875
64805,1.387
64806,1.3868
64807,1.3873
64808,1.3885
64809,1.3905
64810,1.3932
64811,1.3966
64812,1.4004
64813,1.4046
64814,1.4089
64815,1.4131
64816,1.4169
64817,1.4201
64818,1.4227
64819,1.4244
64820,1.4253
64821,1.4252
64822,1.4242
64823,1.4225
64824,1.42
64825,1.4171
64826,1.4139
64827,1.4106
64828,1.4074
64829,1.4047
64830,1.4025
64831,1.401
64832,1.4003
64833,1.4005
64834,1.4015
64835,1.4034
64836,1.4061
64837,1.4094
64838,1.4132
64839,1.4172
64840,1.4213
64841,1.4252
64842,1.4286
64843,1.4313
64844,1.4332
64845,1.4341
64846,1.4338
64847,1.4324
64848,1.43
64849,1.4268
64850,1.4229
64851,1.4187
64852,1.4144
64853,1.4104
64854,1.4068
64855,1.4038
64856,1.4013
64857,1.3994
64858,1.3979
64859,1.3967
64860,1.3957
64861,1.3946
64862,1.3935
64863,1.3923
64864,1.3909
64865,1.3894
64866,1.3877
64867,1.386
64868,1.3841
64869,1.3823
64870,1.3806
64871,1.3792
64872,1.3781
64873,1.3775
64874,1.3773
64875,1.3777
64876,1.3787
64877,1.3801
64878,1.3819
64879,1.3841
64880,1.3864
64881,1.3885
64882,1.3904
64883,1.3916
64884,1.3922
64885,1.3918
64886,1.3905
64887,1.3884
64888,1.3854
64889,1.3819
64890,1.3779
64891,1.3739
64892,1.37
64893,1.3664
64894,1.3633
64895,1.361
64896,1.3595
64897,1.3588
64898,1.3589
64899,1.3599
64900,1.3617
64901,1.3642
64902,1.3673
64903,1.3711
64904,1.3756
64905,1.3808
64906,1.3868
64907,1.3938
64908,1.4015
64909,1.41
64910,1.4189
64911,1.4279
64912,1.4365
64913,1.4443
64914,1.4507
64915,1.4554
64916,1.4582
64917,1.4589
64918,1.4577
64919,1.4547
64920,1.4502
64921,1.4445
64922,1.4381
64923,1.4313
64924,1.4244
64925,1.4179
64926,1.4118
64927,1.4065
64928,1.402
64929,1.3984
64930,1.3957
64931,1.394
64932,1.3932
64933,1.3932
64934,1.394
64935,1.3954
64936,1.3974
64937,1.3999
64938,1.4027
64939,1.4058
64940,1.409
64941,1.4121
64942,1.4151
64943,1.4177
64944,1.4199
64945,1.4216
64946,1.4227
64947,1.4232
64948,1.4232
64949,1.4228
64950,1.4221
64951,1.4213
64952,1.4204
64953,1.4195
64954,1.4186
64955,1.4176
64956,1.4166
64957,1.4156
64958,1.4144
64959,1.4132
64960,1.4119
64961,1.4106
64962,1.4095
64963,1.4086
64964,1.408
64965,1.4077
64966,1.4078
64967,1.4083
64968,1.4092
64969,1.4102
64970,1.4114
64971,1.4125
64972,1.4135
64973,1.4141
64974,1.4143
64975,1.4139
64976,1.4129
64977,1.4111
64978,1.4086
64979,1.4055
64980,1.4019
64981,1.3982
64982,1.3947
64983,1.3917
64984,1.3895
64985,1.3884
64986,1.3887
64987,1.3903
64988,1.3933
64989,1.3972
64990,1.4018
64991,1.4067
64992,1.4113
64993,1.4154
64994,1.4185
64995,1.4205
64996,1.4214
64997,1.4213
64998,1.4205
64999,1.4194
65000,1.4184
65001,1.4178
65002,1.4181
65003,1.4193
65004,1.4215
65005,1.4245
65006,1.428
65007,1.4317
65008,1.4349
65009,1.4374
65010,1.4387
65011,1.4388
65012,1.4375
65013,1.435
65014,1.4316
65015,1.4276
65016,1.4236
65017,1.42
65018,1.4173
65019,1.4158
65020,1.4156
65021,1.4168
65022,1.4193
65023,1.4227
65024,1.4268
65025,1.4309
65026,1.4347
65027,1.4376
65028,1.4394
65029,1.4398
65030,1.4388
65031,1.4364
65032,1.433
65033,1.4287
65034,1.4241
65035,1.4195
65036,1.4152
65037,1.4115
65038,1.4086
65039,1.4064
65040,1.4048
65041,1.4035
65042,1.4024
65043,1.4013
65044,1.3999
65045,1.3982
65046,1.396
65047,1.3934
65048,1.3905
65049,1.3874
65050,1.3842
65051,1.3811
65052,1.3784
65053,1.3761
65054,1.3744
65055,1.3736
65056,1.3736
65057,1.3747
65058,1.3768
65059,1.3799
65060,1.3842
65061,1.3894
65062,1.3955
65063,1.4023
65064,1.4094
65065,1.4166
65066,1.4234
65067,1.4295
65068,1.4346
65069,1.4383
65070,1.4405
65071,1.441
65072,1.4398
65073,1.4371
65074,1.4331
65075,1.4281
65076,1.4224
65077,1.4166
65078,1.411
65079,1.4059
65080,1.4017
65081,1.3986
65082,1.3966
65083,1.3957
65084,1.3957
65085,1.3964
65086,1.3976
65087,1.3989
65088,1.4
65089,1.4009
65090,1.4012
65091,1.4012
65092,1.4008
65093,1.4002
65094,1.3996
65095,1.3993
65096,1.3993
65097,1.3999
65098,1.4012
65099,1.4031
65100,1.4056
65101,1.4086
65102,1.412
65103,1.4154
65104,1.4186
65105,1.4213
65106,1.4234
65107,1.4246
65108,1.4249
65109,1.4241
65110,1.4223
65111,1.4195
65112,1.416
65113,1.4118
65114,1.4073
65115,1.4027
65116,1.3981
65117,1.3938
65118,1.39
65119,1.3868
65120,1.3843
65121,1.3828
65122,1.3822
65123,1.3827
65124,1.3842
65125,1.3868
65126,1.3903
65127,1.3946
65128,1.3994
65129,1.4043
65130,1.409
65131,1.4132
65132,1.4166
65133,1.4189
65134,1.4199
65135,1.4196
65136,1.4182
65137,1.4158
65138,1.413
65139,1.4101
65140,1.4077
65141,1.4062
65142,1.406
65143,1.4073
65144,1.41
65145,1.4141
65146,1.4192
65147,1.4247
65148,1.4302
65149,1.4351
65150,1.4389
65151,1.441
65152,1.4413
65153,1.4395
65154,1.4355
65155,1.4295
65156,1.4218
65157,1.4126
65158,1.4024
65159,1.392
65160,1.3818
65161,1.3725
65162,1.3649
65163,1.3594
65164,1.3564
65165,1.3561
65166,1.3586
65167,1.3637
65168,1.3711
65169,1.3802
65170,1.3906
65171,1.4016
65172,1.4125
65173,1.4228
65174,1.4319
65175,1.4395
65176,1.4451
65177,1.4486
65178,1.45
65179,1.4492
65180,1.4465
65181,1.4421
65182,1.4363
65183,1.4295
65184,1.4221
65185,1.4144
65186,1.4068
65187,1.3996
65188,1.3929
65189,1.3871
65190,1.3822
65191,1.3786
65192,1.3761
65193,1.375
65194,1.3752
65195,1.3766
65196,1.3793
65197,1.3831
65198,1.3878
65199,1.3932
65200,1.399
65201,1.4051
65202,1.411
65203,1.4165
65204,1.4213
65205,1.425
65206,1.4274
65207,1.4284
65208,1.4278
65209,1.4258
65210,1.4225
65211,1.4181
65212,1.4132
65213,1.4079
65214,1.403
65215,1.3986
65216,1.3954
65217,1.3935
65218,1.3931
65219,1.3945
65220,1.3974
65221,1.4018
65222,1.4073
65223,1.4137
65224,1.4204
65225,1.427
65226,1.4331
65227,1.4382
65228,1.442
65229,1.4443
65230,1.4448
65231,1.4437
65232,1.4409
65233,1.4368
65234,1.4318
65235,1.4262
65236,1.4205
65237,1.4153
65238,1.4108
65239,1.4074
65240,1.4054
65241,1.4047
65242,1.4054
65243,1.4071
65244,1.4096
65245,1.4124
65246,1.415
65247,1.417
65248,1.418
65249,1.4178
65250,1.4162
65251,1.4132
65252,1.409
65253,1.4039
65254,1.398
65255,1.392
65256,1.3861
65257,1.3807
65258,1.3763
65259,1.3731
65260,1.3712
65261,1.3708
65262,1.3718
65263,1.3741
65264,1.3776
65265,1.3821
65266,1.3873
65267,1.3928
65268,1.3984
65269,1.4038
65270,1.4087
65271,1.4129
65272,1.4161
65273,1.4184
65274,1.4198
65275,1.4203
65276,1.4203
65277,1.4198
65278,1.4192
65279,1.4185
65280,1.418
65281,1.4178
65282,1.4179
65283,1.4183
65284,1.419
65285,1.4199
65286,1.421
65287,1.4222
65288,1.4233
65289,1.4244
65290,1.4252
65291,1.4256
65292,1.4256
65293,1.425
65294,1.424
65295,1.4226
65296,1.4209
65297,1.4193
65298,1.4178
65299,1.4168
65300,1.4164
65301,1.4165
65302,1.4173
65303,1.4186
65304,1.4201
65305,1.4218
65306,1.4233
65307,1.4243
65308,1.4246
65309,1.424
65310,1.4223
65311,1.4196
65312,1.4159
65313,1.4114
65314,1.4064
65315,1.401
65316,1.3958
65317,1.3909
65318,1.3866
65319,1.3832
65320,1.3807
65321,1.3794
65322,1.3791
65323,1.3799
65324,1.3815
65325,1.3839
65326,1.3866
65327,1.3894
65328,1.3921
65329,1.3943
65330,1.3958
65331,1.3964
65332,1.3962
65333,1.3953
65334,1.3936
65335,1.3915
65336,1.3891
65337,1.3867
65338,1.3844
65339,1.3822
65340,1.3802
65341,1.3782
65342,1.3761
65343,1.374
65344,1.3717
65345,1.3692
65346,1.3667
65347,1.3641
65348,1.3617
65349,1.3596
65350,1.3579
65351,1.3568
65352,1.3564
65353,1.3566
65354,1.3576
65355,1.3594
65356,1.362
65357,1.3654
65358,1.3697
65359,1.3749
65360,1.3809
65361,1.3877
65362,1.3953
65363,1.4033
65364,1.4117
65365,1.42
65366,1.4279
65367,1.4351
65368,1.4413
65369,1.4461
65370,1.4493
65371,1.4509
65372,1.4507
65373,1.449
65374,1.4458
65375,1.4412
65376,1.4357
65377,1.4293
65378,1.4225
65379,1.4155
65380,1.4085
65381,1.402
65382,1.396
65383,1.3909
65384,1.3867
65385,1.3833
65386,1.3807
65387,1.3787
65388,1.3771
65389,1.3756
65390,1.374
65391,1.3723
65392,1.3706
65393,1.3687
65394,1.3671
65395,1.3659
65396,1.3653
65397,1.3656
65398,1.3669
65399,1.3693
65400,1.3726
65401,1.3766
65402,1.3809
65403,1.3851
65404,1.3887
65405,1.3913
65406,1.3924
65407,1.3917
65408,1.3894
65409,1.3853
65410,1.3798
65411,1.3732
65412,1.3662
65413,1.3593
65414,1.3532
65415,1.3483
65416,1.3453
65417,1.3443
65418,1.3454
65419,1.3487
65420,1.3539
65421,1.3606
65422,1.3684
65423,1.3767
65424,1.385
65425,1.3929
65426,1.4
65427,1.4061
65428,1.4111
65429,1.4151
65430,1.4182
65431,1.4207
65432,1.4228
65433,1.4248
65434,1.4269
65435,1.4294
65436,1.4322
65437,1.4353
65438,1.4386
65439,1.4417
65440,1.4442
65441,1.4457
65442,1.4459
65443,1.4444
65444,1.4412
65445,1.4361
65446,1.4292
65447,1.421
65448,1.4117
65449,1.4019
65450,1.3921
65451,1.3828
65452,1.3746
65453,1.368
65454,1.3633
65455,1.3607
65456,1.3605
65457,1.3625
65458,1.3665
65459,1.3723
65460,1.3795
65461,1.3874
65462,1.3955
65463,1.4032
65464,1.41
65465,1.4155
65466,1.4193
65467,1.4212
65468,1.421
65469,1.419
65470,1.4152
65471,1.4099
65472,1.4035
65473,1.3963
65474,1.3888
65475,1.3811
65476,1.3738
65477,1.3669
65478,1.3607
65479,1.3553
65480,1.3506
65481,1.3469
65482,1.344
65483,1.342
65484,1.3409
65485,1.3408
65486,1.3417
65487,1.3436
65488,1.3466
65489,1.3505
65490,1.3555
65491,1.3616
65492,1.3686
65493,1.3764
65494,1.3847
65495,1.3932
65496,1.4013
65497,1.4088
65498,1.415
65499,1.4196
65500,1.4223
65501,1.423
65502,1.4217
65503,1.4186
65504,1.4141
65505,1.4086
65506,1.4026
65507,1.3967
65508,1.3914
65509,1.3871
65510,1.3843
65511,1.3831
65512,1.3836
65513,1.3858
65514,1.3893
65515,1.3937
65516,1.3987
65517,1.4038
65518,1.4084
65519,1.4123
65520,1.4151
65521,1.4165
65522,1.4166
65523,1.4152
65524,1.4127
65525,1.4091
65526,1.4047
65527,1.4
65528,1.3954
65529,1.3911
65530,1.3877
65531,1.3853
65532,1.3843
65533,1.3846
65534,1.3863
65535,1.3891
65536,1.3929
65537,1.3973
65538,1.4018
65539,1.4061
65540,1.4098
65541,1.4126
65542,1.4143
65543,1.4146
65544,1.4137
65545,1.4116
65546,1.4084
65547,1.4045
65548,1.4
65549,1.3954
65550,1.391
65551,1.387
65552,1.3837
65553,1.3812
65554,1.3798
65555,1.3793
65556,1.3798
65557,1.3812
65558,1.3833
65559,1.386
65560,1.3891
65561,1.3923
65562,1.3955
65563,1.3985
65564,1.4011
65565,1.4031
65566,1.4044
65567,1.405
65568,1.4048
65569,1.4039
65570,1.4024
65571,1.4003
65572,1.3978
65573,1.3951
65574,1.3923
65575,1.3897
65576,1.3874
65577,1.3855
65578,1.3839
65579,1.3827
65580,1.3818
65581,1.381
65582,1.3803
65583,1.3793
65584,1.3782
65585,1.3767
65586,1.375
65587,1.3729
65588,1.3708
65589,1.3688
65590,1.3671
65591,1.3661
65592,1.366
65593,1.367
65594,1.3692
65595,1.3726
65596,1.3773
65597,1.3831
65598,1.3896
65599,1.3968
65600,1.4041
65601,1.4114
65602,1.4183
65603,1.4245
65604,1.4299
65605,1.4342
65606,1.4373
65607,1.4392
65608,1.4399
65609,1.4394
65610,1.4378
65611,1.4354
65612,1.4322
65613,1.4284
65614,1.4241
65615,1.4196
65616,1.4149
65617,1.4101
65618,1.4056
65619,1.4014
65620,1.3977
65621,1.3949
65622,1.3931
65623,1.3925
65624,1.3931
65625,1.395
65626,1.398
65627,1.4018
65628,1.4061
65629,1.4104
65630,1.4142
65631,1.4173
65632,1.4191
65633,1.4195
65634,1.4184
65635,1.4159
65636,1.4121
65637,1.4073
65638,1.4018
65639,1.3961
65640,1.3906
65641,1.3856
65642,1.3816
65643,1.3788
65644,1.3775
65645,1.3775
65646,1.379
65647,1.3816
65648,1.3851
65649,1.3892
65650,1.3935
65651,1.3977
65652,1.4015
65653,1.4048
65654,1.4073
65655,1.409
65656,1.4098
65657,1.4097
65658,1.4088
65659,1.4072
65660,1.4053
65661,1.4032
65662,1.4012
65663,1.3996
65664,1.3986
65665,1.3982
65666,1.3987
65667,1.3998
65668,1.4015
65669,1.4036
65670,1.4057
65671,1.4076
65672,1.4088
65673,1.4093
65674,1.4088
65675,1.4072
65676,1.4048
65677,1.4017
65678,1.3982
65679,1.3947
65680,1.3917
65681,1.3894
65682,1.388
65683,1.3877
65684,1.3884
65685,1.3901
65686,1.3924
65687,1.3951
65688,1.3977
65689,1.4
65690,1.4016
65691,1.4022
65692,1.4018
65693,1.4002
65694,1.3975
65695,1.3939
65696,1.3896
65697,1.3851
65698,1.3807
65699,1.3768
65700,1.3738
65701,1.372
65702,1.3716
65703,1.3727
65704,1.3754
65705,1.3794
65706,1.3847
65707,1.3909
65708,1.3977
65709,1.4046
65710,1.4114
65711,1.4175
65712,1.4227
65713,1.4267
65714,1.4291
65715,1.4299
65716,1.4289
65717,1.4261
65718,1.4218
65719,1.4161
65720,1.4095
65721,1.4022
65722,1.3948
65723,1.3878
65724,1.3817
65725,1.3769
65726,1.3737
65727,1.3723
65728,1.3726
65729,1.3746
65730,1.3779
65731,1.3822
65732,1.387
65733,1.3919
65734,1.3965
65735,1.4006
65736,1.4041
65737,1.4068
65738,1.409
65739,1.4107
65740,1.4122
65741,1.4135
65742,1.4148
65743,1.416
65744,1.417
65745,1.4178
65746,1.4182
65747,1.4181
65748,1.4173
65749,1.4159
65750,1.4139
65751,1.4113
65752,1.4082
65753,1.405
65754,1.4016
65755,1.3983
65756,1.3951
65757,1.3924
65758,1.39
65759,1.3882
65760,1.387
65761,1.3866
65762,1.3869
65763,1.3882
65764,1.3903
65765,1.3934
65766,1.3972
65767,1.4016
65768,1.4065
65769,1.4116
65770,1.4165
65771,1.4209
65772,1.4246
65773,1.4274
65774,1.4292
65775,1.4299
65776,1.4298
65777,1.4289
65778,1.4277
65779,1.4262
65780,1.4248
65781,1.4237
65782,1.4229
65783,1.4225
65784,1.4226
65785,1.423
65786,1.4236
65787,1.4242
65788,1.4247
65789,1.4247
65790,1.4243
65791,1.4231
65792,1.4211
65793,1.4183
65794,1.4149
65795,1.4108
65796,1.4063
65797,1.4017
65798,1.3972
65799,1.3929
65800,1.3891
65801,1.3859
65802,1.3835
65803,1.382
65804,1.3814
65805,1.3818
65806,1.3833
65807,1.3857
65808,1.389
65809,1.393
65810,1.3975
65811,1.4022
65812,1.4069
65813,1.4112
65814,1.4151
65815,1.4182
65816,1.4204
65817,1.4216
65818,1.4218
65819,1.421
65820,1.4191
65821,1.4165
65822,1.4133
65823,1.4097
65824,1.4058
65825,1.4019
65826,1.3981
65827,1.3946
65828,1.3913
65829,1.3884
65830,1.3859
65831,1.3838
65832,1.3822
65833,1.3809
65834,1.3801
65835,1.3797
65836,1.3796
65837,1.3798
65838,1.3803
65839,1.381
65840,1.3818
65841,1.3827
65842,1.3837
65843,1.3848
65844,1.3858
65845,1.3867
65846,1.3875
65847,1.3881
65848,1.3884
65849,1.3885
65850,1.3882
65851,1.3877
65852,1.387
65853,1.3861
65854,1.3852
65855,1.3842
65856,1.3834
65857,1.3829
65858,1.3827
65859,1.383
65860,1.384
65861,1.3859
65862,1.3887
65863,1.3926
65864,1.3977
65865,1.404
65866,1.4113
65867,1.4193
65868,1.4276
65869,1.4358
65870,1.4431
65871,1.4492
65872,1.4535
65873,1.4557
65874,1.4555
65875,1.4529
65876,1.4483
65877,1.4419
65878,1.4342
65879,1.4259
65880,1.4176
65881,1.4098
65882,1.403
65883,1.3977
65884,1.3939
65885,1.3918
65886,1.3911
65887,1.3916
65888,1.3928
65889,1.3943
65890,1.3957
65891,1.3967
65892,1.397
65893,1.3964
65894,1.3951
65895,1.393
65896,1.3904
65897,1.3876
65898,1.3846
65899,1.3819
65900,1.3797
65901,1.3782
65902,1.3775
65903,1.3779
65904,1.3792
65905,1.3816
65906,1.3848
65907,1.3888
65908,1.3932
65909,1.3977
65910,1.4019
65911,1.4055
65912,1.4082
65913,1.4099
65914,1.4104
65915,1.4098
65916,1.4083
65917,1.406
65918,1.4033
65919,1.4005
65920,1.398
65921,1.3961
65922,1.3948
65923,1.3944
65924,1.3949
65925,1.3962
65926,1.3981
65927,1.4005
65928,1.4032
65929,1.4059
65930,1.4085
65931,1.4107
65932,1.4125
65933,1.4137
65934,1.4142
65935,1.414
65936,1.4131
65937,1.4115
65938,1.4093
65939,1.4066
65940,1.4036
65941,1.4005
65942,1.3975
65943,1.3949
65944,1.3928
65945,1.3914
65946,1.3907
65947,1.3908
65948,1.3916
65949,1.393
65950,1.3947
65951,1.3965
65952,1.3981
65953,1.3994
65954,1.4
65955,1.3997
65956,1.3986
65957,1.3964
65958,1.3933
65959,1.3894
65960,1.3849
65961,1.38
65962,1.3752
65963,1.3706
65964,1.3667
65965,1.3637
65966,1.3617
65967,1.3608
65968,1.3607
65969,1.3614
65970,1.3624
65971,1.3634
65972,1.3642
65973,1.3645
65974,1.3642
65975,1.3633
65976,1.3619
65977,1.36
65978,1.358
65979,1.356
65980,1.3543
65981,1.3529
65982,1.3521
65983,1.3518
65984,1.3522
65985,1.3531
65986,1.3546
65987,1.3567
65988,1.3594
65989,1.3625
65990,1.3663
65991,1.3705
65992,1.3753
65993,1.3806
65994,1.3863
65995,1.3923
65996,1.3984
65997,1.4044
65998,1.4099
65999,1.4148
66000,1.4187
66001,1.4215
66002,1.4231
66003,1.4234
66004,1.4226
66005,1.4206
66006,1.4177
66007,1.414
66008,1.4097
66009,1.405
66010,1.3999
66011,1.3946
66012,1.3893
66013,1.3841
66014,1.3792
66015,1.3747
66016,1.3708
66017,1.3678
66018,1.3657
66019,1.3646
66020,1.3645
66021,1.3653
66022,1.3667
66023,1.3687
66024,1.3709
66025,1.3732
66026,1.3754
66027,1.3775
66028,1.3794
66029,1.3813
66030,1.3832
66031,1.3852
66032,1.3874
66033,1.3899
66034,1.3928
66035,1.3958
66036,1.399
66037,1.4019
66038,1.4045
66039,1.4064
66040,1.4074
66041,1.4075
66042,1.4066
66043,1.405
66044,1.4029
66045,1.4005
66046,1.3981
66047,1.3962
66048,1.3948
66049,1.3943
66050,1.3947
66051,1.3959
66052,1.3979
66053,1.4006
66054,1.4036
66055,1.4068
66056,1.41
66057,1.4129
66058,1.4153
66059,1.417
66060,1.4181
66061,1.4183
66062,1.4177
66063,1.4163
66064,1.4142
66065,1.4115
66066,1.4082
66067,1.4044
66068,1.4004
66069,1.3963
66070,1.3922
66071,1.3885
66072,1.3852
66073,1.3826
66074,1.3809
66075,1.3803
66076,1.3807
66077,1.3823
66078,1.3849
66079,1.3885
66080,1.393
66081,1.3981
66082,1.4036
66083,1.4094
66084,1.415
66085,1.4202
66086,1.4248
66087,1.4285
66088,1.4312
66089,1.4329
66090,1.4334
66091,1.4331
66092,1.432
66093,1.4304
66094,1.4286
66095,1.4268
66096,1.4251
66097,1.4238
66098,1.4228
66099,1.4223
66100,1.4222
66101,1.4225
66102,1.4232
66103,1.4242
66104,1.4256
66105,1.4273
66106,1.4292
66107,1.4312
66108,1.4332
66109,1.435
66110,1.4363
66111,1.437
66112,1.4368
66113,1.4356
66114,1.4334
66115,1.43
66116,1.4255
66117,1.42
66118,1.4136
66119,1.4065
66120,1.3992
66121,1.392
66122,1.3853
66123,1.3795
66124,1.3749
66125,1.3718
66126,1.3704
66127,1.3706
66128,1.3724
66129,1.3755
66130,1.3797
66131,1.3845
66132,1.3895
66133,1.3945
66134,1.399
66135,1.4029
66136,1.406
66137,1.4084
66138,1.4101
66139,1.4112
66140,1.4119
66141,1.4124
66142,1.4128
66143,1.4129
66144,1.4129
66145,1.4126
66146,1.4117
66147,1.4103
66148,1.4083
66149,1.4055
66150,1.4022
66151,1.3986
66152,1.3948
66153,1.3911
66154,1.3878
66155,1.3852
66156,1.3833
66157,1.3825
66158,1.3826
66159,1.3837
66160,1.3857
66161,1.3885
66162,1.3919
66163,1.3958
66164,1.4
66165,1.4043
66166,1.4086
66167,1.4127
66168,1.4165
66169,1.4198
66170,1.4226
66171,1.4247
66172,1.4261
66173,1.4268
66174,1.4265
66175,1.4255
66176,1.4238
66177,1.4214
66178,1.4186
66179,1.4155
66180,1.4122
66181,1.4089
66182,1.4058
66183,1.4028
66184,1.4001
66185,1.3976
66186,1.3953
66187,1.3933
66188,1.3913
66189,1.3895
66190,1.3878
66191,1.3863
66192,1.3849
66193,1.3839
66194,1.3833
66195,1.3831
66196,1.3833
66197,1.384
66198,1.3851
66199,1.3863
66200,1.3877
66201,1.389
66202,1.3901
66203,1.3909
66204,1.3913
66205,1.3914
66206,1.3911
66207,1.3905
66208,1.3897
66209,1.3888
66210,1.3879
66211,1.3871
66212,1.3866
66213,1.3865
66214,1.3868
66215,1.3876
66216,1.3887
66217,1.3902
66218,1.392
66219,1.394
66220,1.3961
66221,1.3983
66222,1.4007
66223,1.4031
66224,1.4057
66225,1.4084
66226,1.4111
66227,1.414
66228,1.4167
66229,1.4194
66230,1.4219
66231,1.4242
66232,1.4263
66233,1.428
66234,1.4294
66235,1.4305
66236,1.4312
66237,1.4316
66238,1.4317
66239,1.4316
66240,1.4312
66241,1.4307
66242,1.4302
66243,1.4296
66244,1.429
66245,1.4285
66246,1.4281
66247,1.4276
66248,1.427
66249,1.4264
66250,1.4255
66251,1.4243
66252,1.4227
66253,1.4207
66254,1.4182
66255,1.4152
66256,1.4119
66257,1.4085
66258,1.4051
66259,1.4021
66260,1.3995
66261,1.3977
66262,1.3967
66263,1.3967
66264,1.3976
66265,1.3994
66266,1.402
66267,1.4052
66268,1.4089
66269,1.4127
66270,1.4165
66271,1.4199
66272,1.4229
66273,1.4251
66274,1.4265
66275,1.4268
66276,1.4262
66277,1.4247
66278,1.4222
66279,1.4191
66280,1.4154
66281,1.4116
66282,1.4077
66283,1.4042
66284,1.4013
66285,1.3991
66286,1.3979
66287,1.3977
66288,1.3984
66289,1.3998
66290,1.4018
66291,1.404
66292,1.406
66293,1.4076
66294,1.4085
66295,1.4085
66296,1.4075
66297,1.4056
66298,1.4029
66299,1.3995
66300,1.3958
66301,1.3919
66302,1.3882
66303,1.3847
66304,1.3818
66305,1.3795
66306,1.3779
66307,1.3769
66308,1.3765
66309,1.3767
66310,1.3773
66311,1.3781
66312,1.3791
66313,1.3801
66314,1.3809
66315,1.3814
66316,1.3816
66317,1.3812
66318,1.3803
66319,1.3787
66320,1.3766
66321,1.374
66322,1.3711
66323,1.3682
66324,1.3656
66325,1.3636
66326,1.3625
66327,1.3626
66328,1.3641
66329,1.3669
66330,1.3709
66331,1.3761
66332,1.382
66333,1.3884
66334,1.3947
66335,1.4005
66336,1.4056
66337,1.4095
66338,1.4122
66339,1.4136
66340,1.4138
66341,1.4129
66342,1.4112
66343,1.409
66344,1.4066
66345,1.4042
66346,1.4022
66347,1.4005
66348,1.3993
66349,1.3986
66350,1.3981
66351,1.3977
66352,1.3974
66353,1.397
66354,1.3964
66355,1.3956
66356,1.3947
66357,1.3936
66358,1.3926
66359,1.3915
66360,1.3904
66361,1.3893
66362,1.3881
66363,1.3867
66364,1.3851
66365,1.3831
66366,1.3809
66367,1.3785
66368,1.3761
66369,1.374
66370,1.3724
66371,1.3716
66372,1.3718
66373,1.3732
66374,1.3756
66375,1.3791
66376,1.3833
66377,1.3879
66378,1.3924
66379,1.3965
66380,1.3999
66381,1.4022
66382,1.4033
66383,1.4033
66384,1.4023
66385,1.4006
66386,1.3984
66387,1.3961
66388,1.394
66389,1.3923
66390,1.3912
66391,1.3909
66392,1.3914
66393,1.3927
66394,1.3948
66395,1.3975
66396,1.4007
66397,1.4041
66398,1.4077
66399,1.4111
66400,1.4141
66401,1.4165
66402,1.4181
66403,1.4188
66404,1.4182
66405,1.4165
66406,1.4135
66407,1.4095
66408,1.4047
66409,1.3993
66410,1.3937
66411,1.3885
66412,1.3839
66413,1.3802
66414,1.3778
66415,1.3767
66416,1.377
66417,1.3787
66418,1.3816
66419,1.3855
66420,1.39
66421,1.395
66422,1.3999
66423,1.4045
66424,1.4083
66425,1.4111
66426,1.4125
66427,1.4124
66428,1.4109
66429,1.4079
66430,1.4036
66431,1.3983
66432,1.3922
66433,1.3859
66434,1.3796
66435,1.3738
66436,1.3689
66437,1.3651
66438,1.3627
66439,1.3619
66440,1.3627
66441,1.3648
66442,1.3683
66443,1.3726
66444,1.3776
66445,1.3829
66446,1.388
66447,1.3929
66448,1.3971
66449,1.4007
66450,1.4035
66451,1.4055
66452,1.4068
66453,1.4075
66454,1.4075
66455,1.4069
66456,1.4056
66457,1.4037
66458,1.4009
66459,1.3973
66460,1.3929
66461,1.3877
66462,1.3819
66463,1.3757
66464,1.3696
66465,1.3639
66466,1.3592
66467,1.3556
66468,1.3537
66469,1.3534
66470,1.3549
66471,1.3581
66472,1.3627
66473,1.3685
66474,1.3752
66475,1.3822
66476,1.3894
66477,1.3962
66478,1.4024
66479,1.4077
66480,1.412
66481,1.4152
66482,1.4172
66483,1.4181
66484,1.418
66485,1.4172
66486,1.4159
66487,1.4144
66488,1.4128
66489,1.4114
66490,1.4104
66491,1.4098
66492,1.4098
66493,1.4101
66494,1.4108
66495,1.4118
66496,1.4128
66497,1.4139
66498,1.415
66499,1.416
66500,1.4168
66501,1.4173
66502,1.4177
66503,1.4177
66504,1.4173
66505,1.4165
66506,1.4153
66507,1.4139
66508,1.4123
66509,1.4107
66510,1.4094
66511,1.4085
66512,1.4084
66513,1.409
66514,1.4103
66515,1.4123
66516,1.4148
66517,1.4173
66518,1.4198
66519,1.4218
66520,1.4232
66521,1.4238
66522,1.4236
66523,1.4227
66524,1.4212
66525,1.4193
66526,1.4172
66527,1.4151
66528,1.4131
66529,1.4115
66530,1.4102
66531,1.4092
66532,1.4086
66533,1.408
66534,1.4076
66535,1.4069
66536,1.406
66537,1.4046
66538,1.4026
66539,1.4
66540,1.3966
66541,1.3925
66542,1.3879
66543,1.383
66544,1.3781
66545,1.3735
66546,1.3698
66547,1.3672
66548,1.3662
66549,1.3668
66550,1.3693
66551,1.3734
66552,1.379
66553,1.3857
66554,1.3929
66555,1.4
66556,1.4065
66557,1.4117
66558,1.4153
66559,1.4168
66560,1.4162
66561,1.4135
66562,1.409
66563,1.4034
66564,1.3971
66565,1.391
66566,1.3857
66567,1.3818
66568,1.3798
66569,1.3801
66570,1.3828
66571,1.3876
66572,1.3943
66573,1.4022
66574,1.4108
66575,1.4191
66576,1.4266
66577,1.4326
66578,1.4364
66579,1.4379
66580,1.4368
66581,1.4333
66582,1.4276
66583,1.4201
66584,1.4112
66585,1.4014
66586,1.3913
66587,1.3812
66588,1.3718
66589,1.3632
66590,1.356
66591,1.3502
66592,1.3461
66593,1.3438
66594,1.3432
66595,1.3444
66596,1.3473
66597,1.3517
66598,1.3575
66599,1.3646
66600,1.3727
66601,1.3815
66602,1.3909
66603,1.4004
66604,1.4097
66605,1.4182
66606,1.4255
66607,1.4311
66608,1.4346
66609,1.4357
66610,1.4342
66611,1.4301
66612,1.4237
66613,1.4153
66614,1.4055
66615,1.3949
66616,1.3842
66617,1.3744
66618,1.3659
66619,1.3592
66620,1.3549
66621,1.3528
66622,1.353
66623,1.3552
66624,1.3589
66625,1.3636
66626,1.3687
66627,1.3738
66628,1.3785
66629,1.3824
66630,1.3854
66631,1.3876
66632,1.389
66633,1.39
66634,1.3907
66635,1.3916
66636,1.393
66637,1.3949
66638,1.3976
66639,1.4008
66640,1.4044
66641,1.4081
66642,1.4115
66643,1.4143
66644,1.4161
66645,1.4168
66646,1.4163
66647,1.4147
66648,1.4122
66649,1.409
66650,1.4055
66651,1.4019
66652,1.3984
66653,1.3952
66654,1.3921
66655,1.3893
66656,1.3866
66657,1.384
66658,1.3815
66659,1.3792
66660,1.3772
66661,1.3758
66662,1.375
66663,1.3752
66664,1.3763
66665,1.3784
66666,1.3814
66667,1.3851
66668,1.3892
66669,1.3936
66670,1.398
66671,1.4019
66672,1.4052
66673,1.4076
66674,1.409
66675,1.4091
66676,1.408
66677,1.4057
66678,1.4023
66679,1.398
66680,1.3931
66681,1.3877
66682,1.3824
66683,1.3773
66684,1.3727
66685,1.3689
66686,1.3659
66687,1.3637
66688,1.3624
66689,1.3617
66690,1.3615
66691,1.3615
66692,1.3615
66693,1.3613
66694,1.3608
66695,1.3598
66696,1.3584
66697,1.3567
66698,1.3547
66699,1.353
66700,1.3516
66701,1.3509
66702,1.3513
66703,1.3529
66704,1.3558
66705,1.3601
66706,1.3655
66707,1.3718
66708,1.3787
66709,1.3856
66710,1.3921
66711,1.3978
66712,1.4024
66713,1.4055
66714,1.4073
66715,1.4076
66716,1.4068
66717,1.4051
66718,1.4029
66719,1.4006
66720,1.3986
66721,1.3972
66722,1.3965
66723,1.3966
66724,1.3975
66725,1.3989
66726,1.4007
66727,1.4026
66728,1.4044
66729,1.4058
66730,1.4067
66731,1.4071
66732,1.4071
66733,1.4067
66734,1.4061
66735,1.4053
66736,1.4046
66737,1.4038
66738,1.4031
66739,1.4025
66740,1.4018
66741,1.4011
66742,1.4002
66743,1.3991
66744,1.3975
66745,1.3955
66746,1.393
66747,1.39
66748,1.3866
66749,1.3829
66750,1.3793
66751,1.3759
66752,1.373
66753,1.3711
66754,1.3704
66755,1.3713
66756,1.3738
66757,1.3782
66758,1.3843
66759,1.3918
66760,1.4006
66761,1.4099
66762,1.4192
66763,1.428
66764,1.4357
66765,1.4416
66766,1.4455
66767,1.4471
66768,1.4463
66769,1.4431
66770,1.4378
66771,1.4309
66772,1.4227
66773,1.4139
66774,1.4051
66775,1.3969
66776,1.3897
66777,1.384
66778,1.3798
66779,1.3772
66780,1.3761
66781,1.3763
66782,1.3775
66783,1.3794
66784,1.3815
66785,1.3838
66786,1.386
66787,1.388
66788,1.3899
66789,1.3917
66790,1.3935
66791,1.3954
66792,1.3976
66793,1.3999
66794,1.4025
66795,1.4053
66796,1.408
66797,1.4108
66798,1.4133
66799,1.4156
66800,1.4176
66801,1.4191
66802,1.4203
66803,1.4209
66804,1.4212
66805,1.4211
66806,1.4206
66807,1.42
66808,1.4193
66809,1.4186
66810,1.4183
66811,1.4183
66812,1.4189
66813,1.4201
66814,1.422
66815,1.4243
66816,1.4271
66817,1.4302
66818,1.4333
66819,1.4363
66820,1.4389
66821,1.441
66822,1.4424
66823,1.4429
66824,1.4427
66825,1.4417
66826,1.44
66827,1.4377
66828,1.435
66829,1.4321
66830,1.4289
66831,1.4256
66832,1.4221
66833,1.4185
66834,1.4147
66835,1.4107
66836,1.4066
66837,1.4023
66838,1.3982
66839,1.3942
66840,1.3906
66841,1.3877
66842,1.3855
66843,1.3841
66844,1.3837
66845,1.3841
66846,1.3853
66847,1.3871
66848,1.3893
66849,1.3918
66850,1.3943
66851,1.3968
66852,1.3992
66853,1.4013
66854,1.4031
66855,1.4046
66856,1.406
66857,1.4073
66858,1.4085
66859,1.4097
66860,1.4111
66861,1.4125
66862,1.4139
66863,1.4154
66864,1.4168
66865,1.4181
66866,1.4193
66867,1.4204
66868,1.4214
66869,1.4223
66870,1.4231
66871,1.4238
66872,1.4243
66873,1.4246
66874,1.4248
66875,1.4247
66876,1.4246
66877,1.4244
66878,1.4242
66879,1.4241
66880,1.424
66881,1.424
66882,1.4239
66883,1.4237
66884,1.4232
66885,1.4223
66886,1.4211
66887,1.4194
66888,1.4173
66889,1.415
66890,1.4127
66891,1.4105
66892,1.4086
66893,1.4073
66894,1.4066
66895,1.4067
66896,1.4076
66897,1.4092
66898,1.4116
66899,1.4147
66900,1.4183
66901,1.4224
66902,1.4267
66903,1.431
66904,1.4352
66905,1.439
66906,1.4423
66907,1.4449
66908,1.4466
66909,1.4472
66910,1.4467
66911,1.445
66912,1.4421
66913,1.4382
66914,1.4334
66915,1.4279
66916,1.422
66917,1.4162
66918,1.4107
66919,1.4059
66920,1.4019
66921,1.3989
66922,1.3969
66923,1.3958
66924,1.3954
66925,1.3955
66926,1.3958
66927,1.396
66928,1.3958
66929,1.3949
66930,1.3932
66931,1.3907
66932,1.3874
66933,1.3835
66934,1.3793
66935,1.3749
66936,1.3708
66937,1.3674
66938,1.3648
66939,1.3635
66940,1.3637
66941,1.3654
66942,1.3686
66943,1.3734
66944,1.3794
66945,1.3864
66946,1.394
66947,1.4018
66948,1.4094
66949,1.4163
66950,1.4223
66951,1.427
66952,1.4303
66953,1.4319
66954,1.4319
66955,1.4304
66956,1.4275
66957,1.4235
66958,1.4186
66959,1.4131
66960,1.4074
66961,1.4016
66962,1.3961
66963,1.3911
66964,1.3867
66965,1.3832
66966,1.3806
66967,1.3791
66968,1.3785
66969,1.379
66970,1.3804
66971,1.3825
66972,1.385
66973,1.3878
66974,1.3904
66975,1.3927
66976,1.3944
66977,1.3952
66978,1.3951
66979,1.3941
66980,1.3923
66981,1.3899
66982,1.3872
66983,1.3845
66984,1.3821
66985,1.3804
66986,1.3795
66987,1.3795
66988,1.3804
66989,1.3822
66990,1.3845
66991,1.3873
66992,1.3902
66993,1.3929
66994,1.3953
66995,1.3974
66996,1.3991
66997,1.4005
66998,1.4019
66999,1.4032
67000,1.4048
67001,1.4067
67002,1.4088
67003,1.4112
67004,1.4137
67005,1.416
67006,1.4179
67007,1.4191
67008,1.4194
67009,1.4186
67010,1.4168
67011,1.414
67012,1.4104
67013,1.4064
67014,1.4022
67015,1.3982
67016,1.3948
67017,1.3921
67018,1.3903
67019,1.3894
67020,1.3895
67021,1.3904
67022,1.3918
67023,1.3936
67024,1.3955
67025,1.3972
67026,1.3986
67027,1.3995
67028,1.3997
67029,1.3994
67030,1.3987
67031,1.3975
67032,1.3963
67033,1.3953
67034,1.3946
67035,1.3944
67036,1.395
67037,1.3963
67038,1.3985
67039,1.4015
67040,1.4051
67041,1.4093
67042,1.4138
67043,1.4185
67044,1.4231
67045,1.4274
67046,1.4311
67047,1.434
67048,1.4359
67049,1.4366
67050,1.4359
67051,1.4338
67052,1.4302
67053,1.4251
67054,1.4188
67055,1.4116
67056,1.4039
67057,1.3961
67058,1.3889
67059,1.3828
67060,1.3782
67061,1.3755
67062,1.375
67063,1.3765
67064,1.3798
67065,1.3847
67066,1.3906
67067,1.3967
67068,1.4025
67069,1.4072
67070,1.4105
67071,1.412
67072,1.4115
67073,1.4092
67074,1.4054
67075,1.4005
67076,1.3952
67077,1.3899
67078,1.3852
67079,1.3815
67080,1.3789
67081,1.3776
67082,1.3774
67083,1.3782
67084,1.3795
67085,1.381
67086,1.3824
67087,1.3832
67088,1.3832
67089,1.3822
67090,1.3803
67091,1.3775
67092,1.3743
67093,1.3709
67094,1.3678
67095,1.3657
67096,1.3647
67097,1.3652
67098,1.3673
67099,1.3709
67100,1.3759
67101,1.3817
67102,1.3881
67103,1.3944
67104,1.4003
67105,1.4055
67106,1.4096
67107,1.4126
67108,1.4146
67109,1.4155
67110,1.4157
67111,1.4153
67112,1.4146
67113,1.4137
67114,1.4129
67115,1.4121
67116,1.4113
67117,1.4105
67118,1.4095
67119,1.4081
67120,1.4061
67121,1.4034
67122,1.4
67123,1.3957
67124,1.3907
67125,1.3851
67126,1.3791
67127,1.373
67128,1.3671
67129,1.362
67130,1.3578
67131,1.3549
67132,1.3535
67133,1.3536
67134,1.3551
67135,1.3579
67136,1.3615
67137,1.3658
67138,1.3703
67139,1.3747
67140,1.3789
67141,1.3826
67142,1.3856
67143,1.3879
67144,1.3895
67145,1.3904
67146,1.3907
67147,1.3905
67148,1.3898
67149,1.3889
67150,1.3878
67151,1.3868
67152,1.3858
67153,1.3849
67154,1.3844
67155,1.3843
67156,1.3846
67157,1.3856
67158,1.3871
67159,1.3894
67160,1.3924
67161,1.396
67162,1.4002
67163,1.4048
67164,1.4095
67165,1.4141
67166,1.4182
67167,1.4216
67168,1.4239
67169,1.4249
67170,1.4246
67171,1.423
67172,1.4203
67173,1.4166
67174,1.4124
67175,1.408
67176,1.4037
67177,1.3999
67178,1.3968
67179,1.3945
67180,1.393
67181,1.3924
67182,1.3924
67183,1.3928
67184,1.3935
67185,1.3941
67186,1.3945
67187,1.3944
67188,1.3938
67189,1.3925
67190,1.3906
67191,1.3882
67192,1.3854
67193,1.3826
67194,1.3799
67195,1.3776
67196,1.376
67197,1.3755
67198,1.376
67199,1.3778
67200,1.3808
67201,1.3849
67202,1.3898
67203,1.3951
67204,1.4005
67205,1.4057
67206,1.4103
67207,1.4141
67208,1.4169
67209,1.4186
67210,1.4193
67211,1.4193
67212,1.4185
67213,1.4174
67214,1.4161
67215,1.4148
67216,1.4136
67217,1.4126
67218,1.412
67219,1.4116
67220,1.4115
67221,1.4115
67222,1.4116
67223,1.4115
67224,1.4111
67225,1.4102
67226,1.4088
67227,1.4066
67228,1.4037
67229,1.3999
67230,1.3954
67231,1.3902
67232,1.3844
67233,1.3783
67234,1.3719
67235,1.3656
67236,1.3596
67237,1.3541
67238,1.3493
67239,1.3454
67240,1.3425
67241,1.3407
67242,1.3399
67243,1.3403
67244,1.3417
67245,1.3442
67246,1.3475
67247,1.3515
67248,1.356
67249,1.3607
67250,1.3654
67251,1.3699
67252,1.3741
67253,1.378
67254,1.3816
67255,1.3849
67256,1.388
67257,1.3909
67258,1.3938
67259,1.3966
67260,1.3995
67261,1.4023
67262,1.405
67263,1.4076
67264,1.4101
67265,1.4123
67266,1.4142
67267,1.4157
67268,1.4168
67269,1.4173
67270,1.4174
67271,1.417
67272,1.416
67273,1.4145
67274,1.4125
67275,1.4098
67276,1.4066
67277,1.4028
67278,1.3984
67279,1.3935
67280,1.3882
67281,1.3828
67282,1.3776
67283,1.3729
67284,1.369
67285,1.3663
67286,1.3649
67287,1.3649
67288,1.3664
67289,1.3692
67290,1.373
67291,1.3776
67292,1.3826
67293,1.3877
67294,1.3924
67295,1.3965
67296,1.3999
67297,1.4022
67298,1.4036
67299,1.4042
67300,1.4041
67301,1.4035
67302,1.4027
67303,1.402
67304,1.4016
67305,1.4016
67306,1.402
67307,1.4029
67308,1.404
67309,1.4052
67310,1.4061
67311,1.4066
67312,1.4066
67313,1.406
67314,1.4049
67315,1.4033
67316,1.4016
67317,1.3998
67318,1.3982
67319,1.3971
67320,1.3965
67321,1.3965
67322,1.3971
67323,1.3981
67324,1.3994
67325,1.4006
67326,1.4015
67327,1.4018
67328,1.4016
67329,1.4007
67330,1.3991
67331,1.397
67332,1.3946
67333,1.392
67334,1.3895
67335,1.3872
67336,1.3853
67337,1.3837
67338,1.3826
67339,1.382
67340,1.3817
67341,1.3817
67342,1.382
67343,1.3825
67344,1.383
67345,1.3834
67346,1.3837
67347,1.3837
67348,1.3833
67349,1.3827
67350,1.3818
67351,1.3808
67352,1.3801
67353,1.3798
67354,1.3802
67355,1.3815
67356,1.3839
67357,1.3873
67358,1.3915
67359,1.3963
67360,1.4013
67361,1.4063
67362,1.4109
67363,1.4149
67364,1.4181
67365,1.4204
67366,1.4217
67367,1.4221
67368,1.4215
67369,1.4201
67370,1.4179
67371,1.4148
67372,1.411
67373,1.4063
67374,1.401
67375,1.395
67376,1.3886
67377,1.3819
67378,1.3752
67379,1.3689
67380,1.3633
67381,1.3585
67382,1.3548
67383,1.3523
67384,1.3511
67385,1.3511
67386,1.3521
67387,1.354
67388,1.3566
67389,1.3596
67390,1.3629
67391,1.3664
67392,1.37
67393,1.3736
67394,1.3773
67395,1.3812
67396,1.3852
67397,1.3895
67398,1.394
67399,1.3987
67400,1.4034
67401,1.4079
67402,1.412
67403,1.4153
67404,1.4175
67405,1.4185
67406,1.4181
67407,1.4163
67408,1.4133
67409,1.4092
67410,1.4044
67411,1.3994
67412,1.3945
67413,1.3902
67414,1.3869
67415,1.3848
67416,1.384
67417,1.3846
67418,1.3864
67419,1.3893
67420,1.393
67421,1.3973
67422,1.4018
67423,1.4062
67424,1.4104
67425,1.414
67426,1.4169
67427,1.419
67428,1.4202
67429,1.4206
67430,1.4203
67431,1.4195
67432,1.4183
67433,1.4172
67434,1.4162
67435,1.4157
67436,1.4156
67437,1.4161
67438,1.417
67439,1.4182
67440,1.4194
67441,1.4204
67442,1.421
67443,1.4211
67444,1.4204
67445,1.4188
67446,1.4165
67447,1.4133
67448,1.4095
67449,1.4052
67450,1.4007
67451,1.3962
67452,1.3921
67453,1.3887
67454,1.3863
67455,1.3852
67456,1.3854
67457,1.3872
67458,1.3905
67459,1.3951
67460,1.4009
67461,1.4074
67462,1.4142
67463,1.421
67464,1.4273
67465,1.4327
67466,1.437
67467,1.44
67468,1.4416
67469,1.4419
67470,1.4409
67471,1.4389
67472,1.436
67473,1.4324
67474,1.4284
67475,1.4241
67476,1.4195
67477,1.4148
67478,1.4099
67479,1.4048
67480,1.3997
67481,1.3946
67482,1.3897
67483,1.3852
67484,1.3812
67485,1.378
67486,1.3759
67487,1.375
67488,1.3753
67489,1.377
67490,1.3799
67491,1.384
67492,1.3888
67493,1.3942
67494,1.3996
67495,1.4048
67496,1.4094
67497,1.4129
67498,1.4152
67499,1.4161
67500,1.4156
67501,1.4137
67502,1.4107
67503,1.4069
67504,1.4026
67505,1.3983
67506,1.3944
67507,1.3911
67508,1.3889
67509,1.3878
67510,1.388
67511,1.3895
67512,1.3923
67513,1.3962
67514,1.4008
67515,1.4059
67516,1.4111
67517,1.4159
67518,1.4199
67519,1.4228
67520,1.4243
67521,1.4244
67522,1.4231
67523,1.4206
67524,1.4172
67525,1.4133
67526,1.4093
67527,1.4057
67528,1.4028
67529,1.4009
67530,1.4
67531,1.4002
67532,1.4014
67533,1.4034
67534,1.4058
67535,1.4085
67536,1.411
67537,1.413
67538,1.4142
67539,1.4144
67540,1.4134
67541,1.4114
67542,1.4083
67543,1.4044
67544,1.4001
67545,1.3956
67546,1.3913
67547,1.3877
67548,1.3849
67549,1.3834
67550,1.3831
67551,1.3841
67552,1.3863
67553,1.3895
67554,1.3932
67555,1.3972
67556,1.4012
67557,1.4047
67558,1.4076
67559,1.4098
67560,1.4112
67561,1.4119
67562,1.4119
67563,1.4114
67564,1.4107
67565,1.4098
67566,1.4089
67567,1.4081
67568,1.4075
67569,1.4072
67570,1.4072
67571,1.4074
67572,1.4077
67573,1.4083
67574,1.4088
67575,1.4094
67576,1.41
67577,1.4107
67578,1.4115
67579,1.4126
67580,1.414
67581,1.416
67582,1.4185
67583,1.4216
67584,1.4252
67585,1.4291
67586,1.4333
67587,1.4374
67588,1.4412
67589,1.4444
67590,1.4469
67591,1.4485
67592,1.4491
67593,1.4487
67594,1.4473
67595,1.445
67596,1.4421
67597,1.4387
67598,1.4351
67599,1.4315
67600,1.428
67601,1.4248
67602,1.4221
67603,1.4199
67604,1.4183
67605,1.4173
67606,1.417
67607,1.4172
67608,1.4177
67609,1.4185
67610,1.4193
67611,1.4198
67612,1.4198
67613,1.419
67614,1.4173
67615,1.4146
67616,1.4107
67617,1.4058
67618,1.3999
67619,1.3933
67620,1.3862
67621,1.3789
67622,1.3718
67623,1.3653
67624,1.3598
67625,1.3554
67626,1.3526
67627,1.3515
67628,1.3521
67629,1.3545
67630,1.3584
67631,1.3637
67632,1.3699
67633,1.3769
67634,1.384
67635,1.3912
67636,1.398
67637,1.4043
67638,1.4098
67639,1.4146
67640,1.4185
67641,1.4217
67642,1.424
67643,1.4256
67644,1.4264
67645,1.4263
67646,1.4253
67647,1.4234
67648,1.4205
67649,1.4166
67650,1.4119
67651,1.4065
67652,1.4007
67653,1.3948
67654,1.3892
67655,1.3842
67656,1.3801
67657,1.3771
67658,1.3753
67659,1.3747
67660,1.3754
67661,1.3771
67662,1.3799
67663,1.3834
67664,1.3875
67665,1.392
67666,1.3967
67667,1.4013
67668,1.4059
67669,1.4101
67670,1.414
67671,1.4175
67672,1.4206
67673,1.4232
67674,1.4255
67675,1.4276
67676,1.4295
67677,1.4314
67678,1.4334
67679,1.4355
67680,1.4376
67681,1.4397
67682,1.4417
67683,1.4432
67684,1.4443
67685,1.4447
67686,1.4444
67687,1.4433
67688,1.4416
67689,1.4395
67690,1.4372
67691,1.435
67692,1.4332
67693,1.432
67694,1.4316
67695,1.432
67696,1.4329
67697,1.4341
67698,1.4352
67699,1.4358
67700,1.4353
67701,1.4336
67702,1.4302
67703,1.4252
67704,1.4188
67705,1.4112
67706,1.403
67707,1.3948
67708,1.3873
67709,1.3813
67710,1.3772
67711,1.3755
67712,1.3763
67713,1.3796
67714,1.3852
67715,1.3925
67716,1.4011
67717,1.4103
67718,1.4198
67719,1.4287
67720,1.4368
67721,1.4436
67722,1.4488
67723,1.4521
67724,1.4532
67725,1.4522
67726,1.449
67727,1.4436
67728,1.4364
67729,1.4275
67730,1.4174
67731,1.4064
67732,1.395
67733,1.3835
67734,1.3724
67735,1.3621
67736,1.3529
67737,1.3452
67738,1.3391
67739,1.3348
67740,1.3323
67741,1.3317
67742,1.3329
67743,1.3357
67744,1.34
67745,1.3456
67746,1.3522
67747,1.3597
67748,1.3676
67749,1.3758
67750,1.3839
67751,1.3916
67752,1.3986
67753,1.4046
67754,1.4091
67755,1.4122
67756,1.4135
67757,1.4131
67758,1.4111
67759,1.4077
67760,1.4032
67761,1.3981
67762,1.3927
67763,1.3876
67764,1.383
67765,1.3792
67766,1.3765
67767,1.3749
67768,1.3745
67769,1.3751
67770,1.3767
67771,1.379
67772,1.3818
67773,1.3851
67774,1.3886
67775,1.3923
67776,1.3961
67777,1.3998
67778,1.4034
67779,1.4068
67780,1.4098
67781,1.4122
67782,1.4139
67783,1.4148
67784,1.4147
67785,1.4135
67786,1.4114
67787,1.4084
67788,1.4045
67789,1.4001
67790,1.3953
67791,1.3904
67792,1.3856
67793,1.3814
67794,1.378
67795,1.3755
67796,1.3741
67797,1.3739
67798,1.3748
67799,1.3767
67800,1.3794
67801,1.3825
67802,1.3858
67803,1.389
67804,1.3918
67805,1.394
67806,1.3956
67807,1.3967
67808,1.3972
67809,1.3975
67810,1.3977
67811,1.3979
67812,1.3983
67813,1.399
67814,1.3999
67815,1.4009
67816,1.4019
67817,1.4029
67818,1.4036
67819,1.4041
67820,1.4043
67821,1.4043
67822,1.4042
67823,1.4041
67824,1.4041
67825,1.4043
67826,1.4047
67827,1.4053
67828,1.4062
67829,1.4072
67830,1.4082
67831,1.4091
67832,1.4097
67833,1.41
67834,1.4098
67835,1.4091
67836,1.4077
67837,1.4057
67838,1.4032
67839,1.4003
67840,1.397
67841,1.3935
67842,1.3899
67843,1.3863
67844,1.383
67845,1.3799
67846,1.3773
67847,1.3752
67848,1.3739
67849,1.3733
67850,1.3735
67851,1.3745
67852,1.3762
67853,1.3786
67854,1.3815
67855,1.3846
67856,1.3879
67857,1.3911
67858,1.3941
67859,1.3965
67860,1.3984
67861,1.3995
67862,1.3998
67863,1.3992
67864,1.3979
67865,1.3959
67866,1.3934
67867,1.3907
67868,1.3878
67869,1.3851
67870,1.3825
67871,1.3804
67872,1.3789
67873,1.3782
67874,1.3784
67875,1.3796
67876,1.3819
67877,1.3852
67878,1.3895
67879,1.3946
67880,1.4003
67881,1.4063
67882,1.4124
67883,1.4181
67884,1.4232
67885,1.4272
67886,1.4298
67887,1.431
67888,1.4304
67889,1.4282
67890,1.4244
67891,1.4193
67892,1.4133
67893,1.4066
67894,1.3999
67895,1.3935
67896,1.3879
67897,1.3835
67898,1.3805
67899,1.379
67900,1.3791
67901,1.3806
67902,1.3833
67903,1.3869
67904,1.3911
67905,1.3954
67906,1.3997
67907,1.4036
67908,1.407
67909,1.4098
67910,1.412
67911,1.4138
67912,1.4154
67913,1.4168
67914,1.4184
67915,1.4201
67916,1.4222
67917,1.4246
67918,1.4272
67919,1.43
67920,1.4328
67921,1.4352
67922,1.4372
67923,1.4384
67924,1.4388
67925,1.438
67926,1.4361
67927,1.4331
67928,1.4289
67929,1.4238
67930,1.418
67931,1.4116
67932,1.4048
67933,1.3981
67934,1.3917
67935,1.3858
67936,1.3807
67937,1.3768
67938,1.3743
67939,1.3734
67940,1.3742
67941,1.3768
67942,1.3813
67943,1.3873
67944,1.3946
67945,1.4027
67946,1.4111
67947,1.419
67948,1.426
67949,1.4314
67950,1.4349
67951,1.4363
67952,1.4353
67953,1.4321
67954,1.4269
67955,1.4201
67956,1.4121
67957,1.4035
67958,1.3949
67959,1.3867
67960,1.3795
67961,1.3736
67962,1.3693
67963,1.3666
67964,1.3655
67965,1.3658
67966,1.3672
67967,1.3693
67968,1.3717
67969,1.3742
67970,1.3765
67971,1.3783
67972,1.3795
67973,1.3801
67974,1.3801
67975,1.3796
67976,1.3787
67977,1.3775
67978,1.3762
67979,1.3751
67980,1.3744
67981,1.3743
67982,1.375
67983,1.3764
67984,1.3787
67985,1.3817
67986,1.3853
67987,1.3891
67988,1.3929
67989,1.3965
67990,1.3994
67991,1.4014
67992,1.4023
67993,1.4021
67994,1.4005
67995,1.3978
67996,1.394
67997,1.3893
67998,1.3842
67999,1.3789
68000,1.3739
68001,1.3696
68002,1.3663
68003,1.3643
68004,1.3637
68005,1.3645
68006,1.3666
68007,1.3698
68008,1.374
68009,1.3786
68010,1.3834
68011,1.3881
68012,1.3924
68013,1.3962
68014,1.3994
68015,1.402
68016,1.404
68017,1.4056
68018,1.4069
68019,1.4081
68020,1.4092
68021,1.4102
68022,1.4112
68023,1.4122
68024,1.4129
68025,1.4134
68026,1.4135
68027,1.4134
68028,1.4129
68029,1.4121
68030,1.4112
68031,1.4101
68032,1.4089
68033,1.4076
68034,1.4062
68035,1.4047
68036,1.4028
68037,1.4006
68038,1.3979
68039,1.3948
68040,1.3914
68041,1.3877
68042,1.384
68043,1.3803
68044,1.377
68045,1.3742
68046,1.3719
68047,1.3703
68048,1.3694
68049,1.3691
68050,1.3696
68051,1.3706
68052,1.3722
68053,1.3745
68054,1.3775
68055,1.3812
68056,1.3856
68057,1.3909
68058,1.3968
68059,1.4032
68060,1.4098
68061,1.4162
68062,1.4219
68063,1.4267
68064,1.4302
68065,1.4323
68066,1.4329
68067,1.4322
68068,1.4304
68069,1.4278
68070,1.4248
68071,1.4215
68072,1.4183
68073,1.4151
68074,1.4121
68075,1.4092
68076,1.4062
68077,1.4029
68078,1.3994
68079,1.3956
68080,1.3914
68081,1.3871
68082,1.3828
68083,1.3789
68084,1.3755
68085,1.3728
68086,1.3711
68087,1.3702
68088,1.3701
68089,1.3706
68090,1.3714
68091,1.3722
68092,1.3728
68093,1.373
68094,1.3728
68095,1.372
68096,1.3709
68097,1.3697
68098,1.3685
68099,1.3678
68100,1.3678
68101,1.3688
68102,1.3708
68103,1.374
68104,1.3784
68105,1.3836
68106,1.3896
68107,1.3958
68108,1.402
68109,1.4077
68110,1.4127
68111,1.4166
68112,1.4195
68113,1.4211
68114,1.4217
68115,1.4214
68116,1.4203
68117,1.4188
68118,1.417
68119,1.4151
68120,1.4132
68121,1.4115
68122,1.41
68123,1.4086
68124,1.4075
68125,1.4064
68126,1.4055
68127,1.4047
68128,1.4039
68129,1.4032
68130,1.4025
68131,1.4019
68132,1.4013
68133,1.401
68134,1.4007
68135,1.4006
68136,1.4007
68137,1.4007
68138,1.4007
68139,1.4006
68140,1.4002
68141,1.3996
68142,1.3987
68143,1.3974
68144,1.396
68145,1.3943
68146,1.3926
68147,1.3908
68148,1.3891
68149,1.3876
68150,1.3862
68151,1.3851
68152,1.3842
68153,1.3836
68154,1.3833
68155,1.3831
68156,1.3832
68157,1.3834
68158,1.3839
68159,1.3847
68160,1.3857
68161,1.3873
68162,1.3895
68163,1.3923
68164,1.3959
68165,1.4001
68166,1.405
68167,1.4103
68168,1.4157
68169,1.421
68170,1.4258
68171,1.43
68172,1.4334
68173,1.4358
68174,1.4372
68175,1.4378
68176,1.4376
68177,1.437
68178,1.436
68179,1.435
68180,1.434
68181,1.4331
68182,1.4325
68183,1.432
68184,1.4315
68185,1.4309
68186,1.4301
68187,1.4288
68188,1.427
68189,1.4245
68190,1.4216
68191,1.4184
68192,1.415
68193,1.4118
68194,1.4092
68195,1.4072
68196,1.406
68197,1.4058
68198,1.4063
68199,1.4075
68200,1.409
68201,1.4104
68202,1.4113
68203,1.4113
68204,1.4101
68205,1.4072
68206,1.4027
68207,1.3964
68208,1.3888
68209,1.3802
68210,1.3715
68211,1.3634
68212,1.3566
68213,1.352
68214,1.3501
68215,1.3512
68216,1.3552
68217,1.3619
68218,1.3707
68219,1.3809
68220,1.3915
68221,1.4017
68222,1.4106
68223,1.4177
68224,1.4226
68225,1.4249
68226,1.4248
68227,1.4225
68228,1.4185
68229,1.413
68230,1.4068
68231,1.4003
68232,1.3938
68233,1.3879
68234,1.3828
68235,1.3787
68236,1.3757
68237,1.3741
68238,1.3737
68239,1.3746
68240,1.3769
68241,1.3803
68242,1.3849
68243,1.3904
68244,1.3966
68245,1.4031
68246,1.4096
68247,1.4158
68248,1.4213
68249,1.4258
68250,1.4291
68251,1.431
68252,1.4314
68253,1.4305
68254,1.4282
68255,1.4248
68256,1.4203
68257,1.4149
68258,1.4089
68259,1.4025
68260,1.3958
68261,1.3891
68262,1.3827
68263,1.3769
68264,1.3721
68265,1.3686
68266,1.3665
68267,1.3662
68268,1.3676
68269,1.3705
68270,1.3748
68271,1.3801
68272,1.3859
68273,1.3917
68274,1.3972
68275,1.4017
68276,1.4051
68277,1.4071
68278,1.4075
68279,1.4065
68280,1.4041
68281,1.4007
68282,1.3967
68283,1.3923
68284,1.388
68285,1.3842
68286,1.3811
68287,1.379
68288,1.3781
68289,1.3784
68290,1.38
68291,1.3826
68292,1.3863
68293,1.3907
68294,1.3955
68295,1.4005
68296,1.4053
68297,1.4097
68298,1.4133
68299,1.4159
68300,1.4175
68301,1.418
68302,1.4175
68303,1.4162
68304,1.4142
68305,1.4118
68306,1.4091
68307,1.4064
68308,1.4038
68309,1.4013
68310,1.399
68311,1.3969
68312,1.395
68313,1.3934
68314,1.392
68315,1.3911
68316,1.3907
68317,1.391
68318,1.3921
68319,1.3942
68320,1.3972
68321,1.4011
68322,1.4059
68323,1.4114
68324,1.4173
68325,1.4232
68326,1.4287
68327,1.4333
68328,1.4366
68329,1.4383
68330,1.4381
68331,1.436
68332,1.432
68333,1.4264
68334,1.4195
68335,1.4119
68336,1.4039
68337,1.3961
68338,1.3887
68339,1.3823
68340,1.377
68341,1.373
68342,1.3704
68343,1.369
68344,1.3687
68345,1.3693
68346,1.3705
68347,1.372
68348,1.3735
68349,1.3748
68350,1.3757
68351,1.3763
68352,1.3766
68353,1.3768
68354,1.3772
68355,1.378
68356,1.3794
68357,1.3818
68358,1.3853
68359,1.39
68360,1.3958
68361,1.4028
68362,1.4105
68363,1.4186
68364,1.4266
68365,1.434
68366,1.4402
68367,1.4446
68368,1.4468
68369,1.4464
68370,1.4435
68371,1.4381
68372,1.4305
68373,1.4211
68374,1.4106
68375,1.3997
68376,1.389
68377,1.3793
68378,1.3712
68379,1.365
68380,1.361
68381,1.3593
68382,1.3598
68383,1.3624
68384,1.3667
68385,1.3724
68386,1.379
68387,1.3861
68388,1.3932
68389,1.3998
68390,1.4055
68391,1.4099
68392,1.4127
68393,1.4138
68394,1.4132
68395,1.4111
68396,1.4077
68397,1.4035
68398,1.3989
68399,1.3945
68400,0.0
68401,0.0
68402,0.0
68403,0.0
68404,0.0
68405,0.0
68406,0.0
68407,0.0
68408,0.0
68409,0.0
68410,0.0
68411,0.0
68412,0.0
68413,0.0
68414,0.0
68415,0.0
68416,0.0
68417,0.0
68418,0.0
68419,0.0
68420,0.0
68421,0.0
68422,0.0
68423,0.0
68424,0.0
68425,0.0
68426,0.0
68427,0.0
68428,0.0
68429,0.0
68430,0.0
68431,0.0
68432,0.0
68433,0.0
68434,0.0
68435,0.0
68436,0.0
68437,0.0
68438,0.0
68439,0.0
68440,0.0
68441,0.0
68442,0.0
68443,0.0
68444,0.0
68445,0.0
68446,0.0
68447,0.0
68448,0.0
68449,0.0
68450,0.0
68451,0.0
68452,0.0
68453,0.0
68454,0.0
68455,0.0
68456,0.0
68457,0.0
68458,0.0
68459,0.0
68460,0.0
68461,0.0
68462,0.0
68463,0.0
68464,0.0
68465,0.0
68466,0.0
68467,0.0
68468,0.0
68469,0.0
68470,0.0
68471,0.0
68472,0.0
68473,0.0
68474,0.0
68475,0.0
68476,0.0
68477,0.0
68478,0.0
68479,0.0
68480,0.0
68481,0.0
68482,0.0
68483,0.0
68484,0.0
68485,0.0
68486,0.0
68487,0.0
68488,0.0
68489,0.0
68490,0.0
68491,0.0
68492,0.0
68493,0.0
68494,0.0
68495,0.0
68496,0.0
68497,0.0
68498,0.0
68499,0.0
68500,0.0
68501,0.0
68502,0.0
68503,0.0
68504,0.0
68505,0.0
68506,0.0
68507,0.0
68508,0.0
68509,0.0
68510,0.0
68511,0.0
68512,0.0
68513,0.0
68514,0.0
68515,0.0
68516,0.0
68517,0.0
68518,0.0
68519,0.0
68520,0.0
68521,0.0
68522,0.0
68523,0.0
68524,0.0
68525,0.0
68526,0.0
68527,0.0
68528,0.0
68529,0.0
68530,0.0
68531,0.0
68532,0.0
68533,0.0
68534,0.0
68535,0.0
68536,0.0
68537,0.0
68538,0.0
68539,0.0
68540,0.0
68541,0.0
68542,0.0
68543,0.0
68544,0.0
68545,0.0
68546,0.0
68547,0.0
68548,0.0
68549,0.0
68550,0.0
68551,0.0
68552,0.0
68553,0.0
68554,0.0
68555,0.0
68556,0.0
68557,0.0
68558,0.0
68559,0.0
68560,0.0
68561,0.0
68562,0.0
68563,0.0
68564,0.0
68565,0.0
68566,0.0
68567,0.0
68568,0.0
68569,0.0
68570,0.0
68571,0.0
68572,0.0
68573,0.0
68574,0.0
68575,0.0
68576,0.0
68577,0.0
68578,0.0
68579,0.0
68580,0.0
68581,0.0
68582,0.0
68583,0.0
68584,0.0
68585,0.0
68586,0.0
68587,0.0
68588,0.0
68589,0.0
68590,0.0
68591,0.0
68592,0.0
68593,0.0
68594,0.0
68595,0.0
68596,0.0
68597,0.0
68598,0.0
68599,0.0
68600,0.0
68601,0.0
68602,0.0
68603,0.0
68604,0.0
68605,0.0
68606,0.0
68607,0.0
68608,0.0
68609,0.0
68610,0.0
68611,0.0
68612,0.0
68613,0.0
68614,0.0
68615,0.0
68616,0.0
68617,0.0
68618,0.0
68619,0.0
68620,0.0
68621,0.0
68622,0.0
68623,0.0
68624,0.0
68625,0.0
68626,0.0
68627,0.0
68628,0.0
68629,0.0
68630,0.0
68631,0.0
68632,0.0
68633,0.0
68634,0.0
68635,0.0
68636,0.0
68637,0.0
68638,0.0
68639,0.0
68640,0.0
68641,0.0
68642,0.0
68643,0.0
68644,0.0
68645,0.0
68646,0.0
68647,0.0
68648,0.0
68649,0.0
68650,0.0
68651,0.0
68652,0.0
68653,0.0
68654,0.0
68655,0.0
68656,0.0
68657,0.0
68658,0.0
68659,0.0
68660,0.0
68661,0.0
68662,0.0
68663,0.0
68664,0.0
68665,0.0
68666,0.0
68667,0.0
68668,0.0
68669,0.0
68670,0.0
68671,0.0
68672,0.0
68673,0.0
68674,0.0
68675,0.0
68676,0.0
68677,0.0
68678,0.0
68679,0.0
68680,0.0
68681,0.0
68682,0.0
68683,0.0
68684,0.0
68685,0.0
68686,0.0
68687,0.0
68688,0.0
68689,0.0
68690,0.0
68691,0.0
68692,0.0
68693,0.0
68694,0.0
68695,0.0
68696,0.0
68697,0.0
68698,0.0
68699,0.0
68700,0.0
68701,0.0
68702,0.0
68703,0.0
68704,0.0
68705,0.0
68706,0.0
68707,0.0
68708,0.0
68709,0.0
68710,0.0
68711,0.0
68712,0.0
68713,0.0
68714,0.0
68715,0.0
68716,0.0
68717,0.0
68718,0.0
68719,0.0
68720,0.0
68721,0.0
68722,0.0
68723,0.0
68724,0.0
68725,0.0
68726,0.0
68727,0.0
68728,0.0
68729,0.0
68730,0.0
68731,0.0
68732,0.0
68733,0.0
68734,0.0
68735,0.0
68736,0.0
68737,0.0
68738,0.0
68739,0.0
68740,0.0
68741,0.0
68742,0.0
68743,0.0
68744,0.0
68745,0.0
68746,0.0
68747,0.0
68748,0.0
68749,0.0
68750,0.0
68751,0.0
68752,0.0
68753,0.0
68754,0.0
68755,0.0
68756,0.0
68757,0.0
68758,0.0
68759,0.0
68760,0.0
68761,0.0
68762,0.0
68763,0.0
68764,0.0
68765,0.0
68766,0.0
68767,0.0
68768,0.0
68769,0.0
68770,0.0
68771,0.0
68772,0.0
68773,0.0
68774,0.0
68775,0.0
68776,0.0
68777,0.0
68778,0.0
68779,0.0
68780,0.0
68781,0.0
68782,0.0
68783,0.0
68784,0.0
68785,0.0
68786,0.0
68787,0.0
68788,0.0
68789,0.0
68790,0.0
68791,0.0
68792,0.0
68793,0.0
68794,0.0
68795,0.0
68796,0.0
68797,0.0
68798,0.0
68799,0.0
68800,0.0
68801,0.0
68802,0.0
68803,0.0
68804,0.0
68805,0.0
68806,0.0
68807,0.0
68808,0.0
68809,0.0
68810,0.0
68811,0.0
68812,0.0
68813,0.0
68814,0.0
68815,0.0
68816,0.0
68817,0.0
68818,0.0
68819,0.0
68820,0.0
68821,0.0
68822,0.0
68823,0.0
68824,0.0
68825,0.0
68826,0.0
68827,0.0
68828,0.0
68829,0.0
68830,0.0
68831,0.0
68832,0.0
68833,0.0
68834,0.0
68835,0.0
68836,0.0
68837,0.0
68838,0.0
68839,0.0
68840,0.0
68841,0.0
68842,0.0
68843,0.0
68844,0.0
68845,0.0
68846,0.0
68847,0.0
68848,0.0
68849,0.0
68850,0.0
68851,0.0
68852,0.0
68853,0.0
68854,0.0
68855,0.0
68856,0.0
68857,0.0
68858,0.0
68859,0.0
68860,0.0
68861,0.0
68862,0.0
68863,0.0
68864,0.0
68865,0.0
68866,0.0
68867,0.0
68868,0.0
68869,0.0
68870,0.0
68871,0.0
68872,0.0
68873,0.0
68874,0.0
68875,0.0
68876,0.0
68877,0.0
68878,0.0
68879,0.0
68880,0.0
68881,0.0
68882,0.0
68883,0.0
68884,0.0
68885,0.0
68886,0.0
68887,0.0
68888,0.0
68889,0.0
68890,0.0
68891,0.0
68892,0.0
68893,0.0
68894,0.0
68895,0.0
68896,0.0
68897,0.0
68898,0.0
68899,0.0
68900,0.0
68901,0.0
68902,0.0
68903,0.0
68904,0.0
68905,0.0
68906,0.0
68907,0.0
68908,0.0
68909,0.0
68910,0.0
68911,0.0
68912,0.0
68913,0.0
68914,0.0
68915,0.0
68916,0.0
68917,0.0
68918,0.0
68919,0.0
68920,0.0
68921,0.0
68922,0.0
68923,0.0
68924,0.0
68925,0.0
68926,0.0
68927,0.0
68928,0.0
68929,0.0
68930,0.0
68931,0.0
68932,0.0
68933,0.0
68934,0.0
68935,0.0
68936,0.0
68937,0.0
68938,0.0
68939,0.0
68940,0.0
68941,0.0
68942,0.0
68943,0.0
68944,0.0
68945,0.0
68946,0.0
68947,0.0
68948,0.0
68949,0.0
68950,0.0
68951,0.0
68952,0.0
68953,0.0
68954,0.0
68955,0.0
68956,0.0
68957,0.0
68958,0.0
68959,0.0
68960,0.0
68961,0.0
68962,0.0
68963,0.0
68964,0.0
68965,0.0
68966,0.0
68967,0.0
68968,0.0
68969,0.0
68970,0.0
68971,0.0
68972,0.0
68973,0.0
68974,0.0
68975,0.0
68976,0.0
68977,0.0
68978,0.0
68979,0.0
68980,0.0
68981,0.0
68982,0.0
68983,0.0
68984,0.0
68985,0.0
68986,0.0
68987,0.0
68988,0.0
68989,0.0
68990,0.0
68991,0.0
68992,0.0
68993,0.0
68994,0.0
68995,0.0
68996,0.0
68997,0.0
68998,0.0
68999,0.0
69000,0.0
69001,0.0
69002,0.0
69003,0.0
69004,0.0
69005,0.0
69006,0.0
69007,0.0
69008,0.0
69009,0.0
69010,0.0
69011,0.0
69012,0.0
69013,0.0
69014,0.0
69015,0.0
69016,0.0
69017,0.0
69018,0.0
69019,0.0
69020,0.0
69021,0.0
69022,0.0
69023,0.0
69024,0.0
69025,0.0
69026,0.0
69027,0.0
69028,0.0
69029,0.0
69030,0.0
69031,0.0
69032,0.0
69033,0.0
69034,0.0
69035,0.0
69036,0.0
69037,0.0
69038,0.0
69039,0.0
69040,0.0
69041,0.0
69042,0.0
69043,0.0
69044,0.0
69045,0.0
69046,0.0
69047,0.0
69048,0.0
69049,0.0
69050,0.0
69051,0.0
69052,0.0
69053,0.0
69054,0.0
69055,0.0
69056,0.0
69057,0.0
69058,0.0
69059,0.0
69060,0.0
69061,0.0
69062,0.0
69063,0.0
69064,0.0
69065,0.0
69066,0.0
69067,0.0
69068,0.0
69069,0.0
69070,0.0
69071,0.0
69072,0.0
69073,0.0
69074,0.0
69075,0.0
69076,0.0
69077,0.0
69078,0.0
69079,0.0
69080,0.0
69081,0.0
69082,0.0
69083,0.0
69084,0.0
69085,0.0
69086,0.0
69087,0.0
69088,0.0
69089,0.0
69090,0.0
69091,0.0
69092,0.0
69093,0.0
69094,0.0
69095,0.0
69096,0.0
69097,0.0
69098,0.0
69099,0.0
69100,0.0
69101,0.0
69102,0.0
69103,0.0
69104,0.0
69105,0.0
69106,0.0
69107,0.0
69108,0.0
69109,0.0
69110,0.0
69111,0.0
69112,0.0
69113,0.0
69114,0.0
69115,0.0
69116,0.0
69117,0.0
69118,0.0
69119,0.0
69120,0.0
69121,0.0
69122,0.0
69123,0.0
69124,0.0
69125,0.0
69126,0.0
69127,0.0
69128,0.0
69129,0.0
69130,0.0
69131,0.0
69132,0.0
69133,0.0
69134,0.0
69135,0.0
69136,0.0
69137,0.0
69138,0.0
69139,0.0
69140,0.0
69141,0.0
69142,0.0
69143,0.0
69144,0.0
69145,0.0
69146,0.0
69147,0.0
69148,0.0
69149,0.0
69150,0.0
69151,0.0
69152,0.0
69153,0.0
69154,0.0
69155,0.0
69156,0.0
69157,0.0
69158,0.0
69159,0.0
69160,0.0
69161,0.0
69162,0.0
69163,0.0
69164,0.0
69165,0.0
69166,0.0
69167,0.0
69168,0.0
69169,0.0
69170,0.0
69171,0.0
69172,0.0
69173,0.0
69174,0.0
69175,0.0
69176,0.0
69177,0.0
69178,0.0
69179,0.0
69180,0.0
69181,0.0
69182,0.0
69183,0.0
69184,0.0
69185,0.0
69186,0.0
69187,0.0
69188,0.0
69189,0.0
69190,0.0
69191,0.0
69192,0.0
69193,0.0
69194,0.0
69195,0.0
69196,0.0
69197,0.0
69198,0.0
69199,0.0
69200,0.0
69201,0.0
69202,0.0
69203,0.0
69204,0.0
69205,0.0
69206,0.0
69207,0.0
69208,0.0
69209,0.0
69210,0.0
69211,0.0
69212,0.0
69213,0.0
69214,0.0
69215,0.0
69216,0.0
69217,0.0
69218,0.0
69219,0.0
69220,0.0
69221,0.0
69222,0.0
69223,0.0
69224,0.0
69225,0.0
69226,0.0
69227,0.0
69228,0.0
69229,0.0
69230,0.0
69231,0.0
69232,0.0
69233,0.0
69234,0.0
69235,0.0
69236,0.0
69237,0.0
69238,0.0
69239,0.0
69240,0.0
69241,0.0
69242,0.0
69243,0.0
69244,0.0
69245,0.0
69246,0.0
69247,0.0
69248,0.0
69249,0.0
69250,0.0
69251,0.0
69252,0.0
69253,0.0
69254,0.0
69255,0.0
69256,0.0
69257,0.0
69258,0.0
69259,0.0
69260,0.0
69261,0.0
69262,0.0
69263,0.0
69264,0.0
69265,0.0
69266,0.0
69267,0.0
69268,0.0
69269,0.0
69270,0.0
69271,0.0
69272,0.0
69273,0.0
69274,0.0
69275,0.0
69276,0.0
69277,0.0
69278,0.0
69279,0.0
69280,0.0
69281,0.0
69282,0.0
69283,0.0
69284,0.0
69285,0.0
69286,0.0
69287,0.0
69288,0.0
69289,0.0
69290,0.0
69291,0.0
69292,0.0
69293,0.0
69294,0.0
69295,0.0
69296,0.0
69297,0.0
69298,0.0
69299,0.0
69300,0.0
69301,0.0
69302,0.0
69303,0.0
69304,0.0
69305,0.0
69306,0.0
69307,0.0
69308,0.0
69309,0.0
69310,0.0
69311,0.0
69312,0.0
69313,0.0
69314,0.0
69315,0.0
69316,0.0
69317,0.0
69318,0.0
69319,0.0
69320,0.0
69321,0.0
69322,0.0
69323,0.0
69324,0.0
69325,0.0
69326,0.0
69327,0.0
69328,0.0
69329,0.0
69330,0.0
69331,0.0
69332,0.0
69333,0.0
69334,0.0
69335,0.0
69336,0.0
69337,0.0
69338,0.0
69339,0.0
69340,0.0
69341,0.0
69342,0.0
69343,0.0
69344,0.0
69345,0.0
69346,0.0
69347,0.0
69348,0.0
69349,0.0
69350,0.0
69351,0.0
69352,0.0
69353,0.0
69354,0.0
69355,0.0
69356,0.0
69357,0.0
69358,0.0
69359,0.0
69360,0.0
69361,0.0
69362,0.0
69363,0.0
69364,0.0
69365,0.0
69366,0.0
69367,0.0
69368,0.0
69369,0.0
69370,0.0
69371,0.0
69372,0.0
69373,0.0
69374,0.0
69375,0.0
69376,0.0
69377,0.0
69378,0.0
69379,0.0
69380,0.0
69381,0.0
69382,0.0
69383,0.0
69384,0.0
69385,0.0
69386,0.0
69387,0.0
69388,0.0
69389,0.0
69390,0.0
69391,0.0
69392,0.0
69393,0.0
69394,0.0
69395,0.0
69396,0.0
69397,0.0
69398,0.0
69399,0.0
69400,0.0
69401,0.0
69402,0.0
69403,0.0
69404,0.0
69405,0.0
69406,0.0
69407,0.0
69408,0.0
69409,0.0
69410,0.0
69411,0.0
69412,0.0
69413,0.0
69414,0.0
69415,0.0
69416,0.0
69417,0.0
69418,0.0
69419,0.0
69420,0.0
69421,0.0
69422,0.0
69423,0.0
69424,0.0
69425,0.0
69426,0.0
69427,0.0
69428,0.0
69429,0.0
69430,0.0
69431,0.0
69432,0.0
69433,0.0
69434,0.0
69435,0.0
69436,0.0
69437,0.0
69438,0.0
69439,0.0
69440,0.0
69441,0.0
69442,0.0
69443,0.0
69444,0.0
69445,0.0
69446,0.0
69447,0.0
69448,0.0
69449,0.0
69450,0.0
69451,0.0
69452,0.0
69453,0.0
69454,0.0
69455,0.0
69456,0.0
69457,0.0
69458,0.0
69459,0.0
69460,0.0
69461,0.0
69462,0.0
69463,0.0
69464,0.0
69465,0.0
69466,0.0
69467,0.0
69468,0.0
69469,0.0
69470,0.0
69471,0.0
69472,0.0
69473,0.0
69474,0.0
69475,0.0
69476,0.0
69477,0.0
69478,0.0
69479,0.0
69480,0.0
69481,0.0
69482,0.0
69483,0.0
69484,0.0
69485,0.0
69486,0.0
69487,0.0
69488,0.0
69489,0.0
69490,0.0
69491,0.0
69492,0.0
69493,0.0
69494,0.0
69495,0.0
69496,0.0
69497,0.0
69498,0.0
69499,0.0
69500,0.0
69501,0.0
69502,0.0
69503,0.0
69504,0.0
69505,0.0
69506,0.0
69507,0.0
69508,0.0
69509,0.0
69510,0.0
69511,0.0
69512,0.0
69513,0.0
69514,0.0
69515,0.0
69516,0.0
69517,0.0
69518,0.0
69519,0.0
69520,0.0
69521,0.0
69522,0.0
69523,0.0
69524,0.0
69525,0.0
69526,0.0
69527,0.0
69528,0.0
69529,0.0
69530,0.0
69531,0.0
69532,0.0
69533,0.0
69534,0.0
69535,0.0
69536,0.0
69537,0.0
69538,0.0
69539,0.0
69540,0.0
69541,0.0
69542,0.0
69543,0.0
69544,0.0
69545,0.0
69546,0.0
69547,0.0
69548,0.0
69549,0.0
69550,0.0
69551,0.0
69552,0.0
69553,0.0
69554,0.0
69555,0.0
69556,0.0
69557,0.0
69558,0.0
69559,0.0
69560,0.0
69561,0.0
69562,0.0
69563,0.0
69564,0.0
69565,0.0
69566,0.0
69567,0.0
69568,0.0
69569,0.0
69570,0.0
69571,0.0
69572,0.0
69573,0.0
69574,0.0
69575,0.0
69576,0.0
69577,0.0
69578,0.0
69579,0.0
69580,0.0
69581,0.0
69582,0.0
69583,0.0
69584,0.0
69585,0.0
69586,0.0
69587,0.0
69588,0.0
69589,0.0
69590,0.0
69591,0.0
69592,0.0
69593,0.0
69594,0.0
69595,0.0
69596,0.0
69597,0.0
69598,0.0
69599,0.0
69600,0.0
69601,0.0
69602,0.0
69603,0.0
69604,0.0
69605,0.0
69606,0.0
69607,0.0
69608,0.0
69609,0.0
69610,0.0
69611,0.0
69612,0.0
69613,0.0
69614,0.0
69615,0.0
69616,0.0
69617,0.0
69618,0.0
69619,0.0
69620,0.0
69621,0.0
69622,0.0
69623,0.0
69624,0.0
69625,0.0
69626,0.0
69627,0.0
69628,0.0
69629,0.0
69630,0.0
69631,0.0
69632,0.0
69633,0.0
69634,0.0
69635,0.0
69636,0.0
69637,0.0
69638,0.0
69639,0.0
69640,0.0
69641,0.0
69642,0.0
69643,0.0
69644,0.0
69645,0.0
69646,0.0
69647,0.0
69648,0.0
69649,0.0
69650,0.0
69651,0.0
69652,0.0
69653,0.0
69654,0.0
69655,0.0
69656,0.0
69657,0.0
69658,0.0
69659,0.0
69660,0.0
69661,0.0
69662,0.0
69663,0.0
69664,0.0
69665,0.0
69666,0.0
69667,0.0
69668,0.0
69669,0.0
69670,0.0
69671,0.0
69672,0.0
69673,0.0
69674,0.0
69675,0.0
69676,0.0
69677,0.0
69678,0.0
69679,0.0
69680,0.0
69681,0.0
69682,0.0
69683,0.0
69684,0.0
69685,0.0
69686,0.0
69687,0.0
69688,0.0
69689,0.0
69690,0.0
69691,0.0
69692,0.0
69693,0.0
69694,0.0
69695,0.0
69696,0.0
69697,0.0
69698,0.0
69699,0.0
69700,0.0
69701,0.0
69702,0.0
69703,0.0
69704,0.0
69705,0.0
69706,0.0
69707,0.0
69708,0.0
69709,0.0
69710,0.0
69711,0.0
69712,0.0
69713,0.0
69714,0.0
69715,0.0
69716,0.0
69717,0.0
69718,0.0
69719,0.0
69720,0.0
69721,0.0
69722,0.0
69723,0.0
69724,0.0
69725,0.0
69726,0.0
69727,0.0
69728,0.0
69729,0.0
69730,0.0
69731,0.0
69732,0.0
69733,0.0
69734,0.0
69735,0.0
69736,0.0
69737,0.0
69738,0.0
69739,0.0
69740,0.0
69741,0.0
69742,0.0
69743,0.0
69744,0.0
69745,0.0
69746,0.0
69747,0.0
69748,0.0
69749,0.0
69750,0.0
69751,0.0
69752,0.0
69753,0.0
69754,0.0
69755,0.0
69756,0.0
69757,0.0
69758,0.0
69759,0.0
69760,0.0
69761,0.0
69762,0.0
69763,0.0
69764,0.0
69765,0.0
69766,0.0
69767,0.0
69768,0.0
69769,0.0
69770,0.0
69771,0.0
69772,0.0
69773,0.0
69774,0.0
69775,0.0
69776,0.0
69777,0.0
69778,0.0
69779,0.0
69780,0.0
69781,0.0
69782,0.0
69783,0.0
69784,0.0
69785,0.0
69786,0.0
69787,0.0
69788,0.0
69789,0.0
69790,0.0
69791,0.0
69792,0.0
69793,0.0
69794,0.0
69795,0.0
69796,0.0
69797,0.0
69798,0.0
69799,0.0
69800,0.0
69801,0.0
69802,0.0
69803,0.0
69804,0.0
69805,0.0
69806,0.0
69807,0.0
69808,0.0
69809,0.0
69810,0.0
69811,0.0
69812,0.0
69813,0.0
69814,0.0
69815,0.0
69816,0.0
69817,0.0
69818,0.0
69819,0.0
69820,0.0
69821,0.0
69822,0.0
69823,0.0
69824,0.0
69825,0.0
69826,0.0
69827,0.0
69828,0.0
69829,0.0
69830,0.0
69831,0.0
69832,0.0
69833,0.0
69834,0.0
69835,0.0
69836,0.0
69837,0.0
69838,0.0
69839,0.0
69840,0.0
69841,0.0
69842,0.0
69843,0.0
69844,0.0
69845,0.0
69846,0.0
69847,0.0
69848,0.0
69849,0.0
69850,0.0
69851,0.0
69852,0.0
69853,0.0
69854,0.0
69855,0.0
69856,0.0
69857,0.0
69858,0.0
69859,0.0
69860,0.0
69861,0.0
69862,0.0
69863,0.0
69864,0.0
69865,0.0
69866,0.0
69867,0.0
69868,0.0
69869,0.0
69870,0.0
69871,0.0
69872,0.0
69873,0.0
69874,0.0
69875,0.0
69876,0.0
69877,0.0
69878,0.0
69879,0.0
69880,0.0
69881,0.0
69882,0.0
69883,0.0
69884,0.0
69885,0.0
69886,0.0
69887,0.0
69888,0.0
69889,0.0
69890,0.0
69891,0.0
69892,0.0
69893,0.0
69894,0.0
69895,0.0
69896,0.0
69897,0.0
69898,0.0
69899,0.0
69900,0.0
69901,0.0
69902,0.0
69903,0.0
69904,0.0
69905,0.0
69906,0.0
69907,0.0
69908,0.0
69909,0.0
69910,0.0
69911,0.0
69912,0.0
69913,0.0
69914,0.0
69915,0.0
69916,0.0
69917,0.0
69918,0.0
69919,0.0
69920,0.0
69921,0.0
69922,0.0
69923,0.0
69924,0.0
69925,0.0
69926,0.0
69927,0.0
69928,0.0
69929,0.0
69930,0.0
69931,0.0
69932,0.0
69933,0.0
69934,0.0
69935,0.0
69936,0.0
69937,0.0
69938,0.0
69939,0.0
69940,0.0
69941,0.0
69942,0.0
69943,0.0
69944,0.0
69945,0.0
69946,0.0
69947,0.0
69948,0.0
69949,0.0
69950,0.0
69951,0.0
69952,0.0
69953,0.0
69954,0.0
69955,0.0
69956,0.0
69957,0.0
69958,0.0
69959,0.0
69960,0.0
69961,0.0
69962,0.0
69963,0.0
69964,0.0
69965,0.0
69966,0.0
69967,0.0
69968,0.0
69969,0.0
69970,0.0
69971,0.0
69972,0.0
69973,0.0
69974,0.0
69975,0.0
69976,0.0
69977,0.0
69978,0.0
69979,0.0
69980,0.0
69981,0.0
69982,0.0
69983,0.0
69984,0.0
69985,0.0
69986,0.0
69987,0.0
69988,0.0
69989,0.0
69990,0.0
69991,0.0
69992,0.0
69993,0.0
69994,0.0
69995,0.0
69996,0.0
69997,0.0
69998,0.0
69999,0.0
70000,0.0
70001,0.0
70002,0.0
70003,0.0
70004,0.0
70005,0.0
70006,0.0
70007,0.0
70008,0.0
70009,0.0
70010,0.0
70011,0.0
70012,0.0
70013,0.0
70014,0.0
70015,0.0
70016,0.0
70017,0.0
70018,0.0
70019,0.0
70020,0.0
70021,0.0
70022,0.0
70023,0.0
70024,0.0
70025,0.0
70026,0.0
70027,0.0
70028,0.0
70029,0.0
70030,0.0
70031,0.0
70032,0.0
70033,0.0
70034,0.0
70035,0.0
70036,0.0
70037,0.0
70038,0.0
70039,0.0
70040,0.0
70041,0.0
70042,0.0
70043,0.0
70044,0.0
70045,0.0
70046,0.0
70047,0.0
70048,0.0
70049,0.0
70050,0.0
70051,0.0
70052,0.0
70053,0.0
70054,0.0
70055,0.0
70056,0.0
70057,0.0
70058,0.0
70059,0.0
70060,0.0
70061,0.0
70062,0.0
70063,0.0
70064,0.0
70065,0.0
70066,0.0
70067,0.0
70068,0.0
70069,0.0
70070,0.0
70071,0.0
70072,0.0
70073,0.0
70074,0.0
70075,0.0
70076,0.0
70077,0.0
70078,0.0
70079,0.0
70080,0.0
70081,0.0
70082,0.0
70083,0.0
70084,0.0
70085,0.0
70086,0.0
70087,0.0
70088,0.0
70089,0.0
70090,0.0
70091,0.0
70092,0.0
70093,0.0
70094,0.0
70095,0.0
70096,0.0
70097,0.0
70098,0.0
70099,0.0
70100,0.0
70101,0.0
70102,0.0
70103,0.0
70104,0.0
70105,0.0
70106,0.0
70107,0.0
70108,0.0
70109,0.0
70110,0.0
70111,0.0
70112,0.0
70113,0.0
70114,0.0
70115,0.0
70116,0.0
70117,0.0
70118,0.0
70119,0.0
70120,0.0
70121,0.0
70122,0.0
70123,0.0
70124,0.0
70125,0.0
70126,0.0
70127,0.0
70128,0.0
70129,0.0
70130,0.0
70131,0.0
70132,0.0
70133,0.0
70134,0.0
70135,0.0
70136,0.0
70137,0.0
70138,0.0
70139,0.0
70140,0.0
70141,0.0
70142,0.0
70143,0.0
70144,0.0
70145,0.0
70146,0.0
70147,0.0
70148,0.0
70149,0.0
70150,0.0
70151,0.0
70152,0.0
70153,0.0
70154,0.0
70155,0.0
70156,0.0
70157,0.0
70158,0.0
70159,0.0
70160,0.0
70161,0.0
70162,0.0
70163,0.0
70164,0.0
70165,0.0
70166,0.0
70167,0.0
70168,0.0
70169,0.0
70170,0.0
70171,0.0
70172,0.0
70173,0.0
70174,0.0
70175,0.0
70176,0.0
70177,0.0
70178,0.0
70179,0.0
70180,0.0
70181,0.0
70182,0.0
70183,0.0
70184,0.0
70185,0.0
70186,0.0
70187,0.0
70188,0.0
70189,0.0
70190,0.0
70191,0.0
70192,0.0
70193,0.0
70194,0.0
70195,0.0
70196,0.0
70197,0.0
70198,0.0
70199,0.0
70200,0.0
70201,0.0
70202,0.0
70203,0.0
70204,0.0
70205,0.0
70206,0.0
70207,0.0
70208,0.0
70209,0.0
70210,0.0
70211,0.0
70212,0.0
70213,0.0
70214,0.0
70215,0.0
70216,0.0
70217,0.0
70218,0.0
70219,0.0
70220,0.0
70221,0.0
70222,0.0
70223,0.0
70224,0.0
70225,0.0
70226,0.0
70227,0.0
70228,0.0
70229,0.0
70230,0.0
70231,0.0
70232,0.0
70233,0.0
70234,0.0
70235,0.0
70236,0.0
70237,0.0
70238,0.0
70239,0.0
70240,0.0
70241,0.0
70242,0.0
70243,0.0
70244,0.0
70245,0.0
70246,0.0
70247,0.0
70248,0.0
70249,0.0
70250,0.0
70251,0.0
70252,0.0
70253,0.0
70254,0.0
70255,0.0
70256,0.0
70257,0.0
70258,0.0
70259,0.0
70260,0.0
70261,0.0
70262,0.0
70263,0.0
70264,0.0
70265,0.0
70266,0.0
70267,0.0
70268,0.0
70269,0.0
70270,0.0
70271,0.0
70272,0.0
70273,0.0
70274,0.0
70275,0.0
70276,0.0
70277,0.0
70278,0.0
70279,0.0
70280,0.0
70281,0.0
70282,0.0
70283,0.0
70284,0.0
70285,0.0
70286,0.0
70287,0.0
70288,0.0
70289,0.0
70290,0.0
70291,0.0
70292,0.0
70293,0.0
70294,0.0
70295,0.0
70296,0.0
70297,0.0
70298,0.0
70299,0.0
70300,0.0
70301,0.0
70302,0.0
70303,0.0
70304,0.0
70305,0.0
70306,0.0
70307,0.0
70308,0.0
70309,0.0
70310,0.0
70311,0.0
70312,0.0
70313,0.0
70314,0.0
70315,0.0
70316,0.0
70317,0.0
70318,0.0
70319,0.0
70320,0.0
70321,0.0
70322,0.0
70323,0.0
70324,0.0
70325,0.0
70326,0.0
70327,0.0
70328,0.0
70329,0.0
70330,0.0
70331,0.0
70332,0.0
70333,0.0
70334,0.0
70335,0.0
70336,0.0
70337,0.0
70338,0.0
70339,0.0
70340,0.0
70341,0.0
70342,0.0
70343,0.0
70344,0.0
70345,0.0
70346,0.0
70347,0.0
70348,0.0
70349,0.0
70350,0.0
70351,0.0
70352,0.0
70353,0.0
70354,0.0
70355,0.0
70356,0.0
70357,0.0
70358,0.0
70359,0.0
70360,0.0
70361,0.0
70362,0.0
70363,0.0
70364,0.0
70365,0.0
70366,0.0
70367,0.0
70368,0.0
70369,0.0
70370,0.0
70371,0.0
70372,0.0
70373,0.0
70374,0.0
70375,0.0
70376,0.0
70377,0.0
70378,0.0
70379,0.0
70380,0.0
70381,0.0
70382,0.0
70383,0.0
70384,0.0
70385,0.0
70386,0.0
70387,0.0
70388,0.0
70389,0.0
70390,0.0
70391,0.0
70392,0.0
70393,0.0
70394,0.0
70395,0.0
70396,0.0
70397,0.0
70398,0.0
70399,0.0
70400,0.0
70401,0.0
70402,0.0
70403,0.0
70404,0.0
70405,0.0
70406,0.0
70407,0.0
70408,0.0
70409,0.0
70410,0.0
70411,0.0
70412,0.0
70413,0.0
70414,0.0
70415,0.0
70416,0.0
70417,0.0
70418,0.0
70419,0.0
70420,0.0
70421,0.0
70422,0.0
70423,0.0
70424,0.0
70425,0.0
70426,0.0
70427,0.0
70428,0.0
70429,0.0
70430,0.0
70431,0.0
70432,0.0
70433,0.0
70434,0.0
70435,0.0
70436,0.0
70437,0.0
70438,0.0
70439,0.0
70440,0.0
70441,0.0
70442,0.0
70443,0.0
70444,0.0
70445,0.0
70446,0.0
70447,0.0
70448,0.0
70449,0.0
70450,0.0
70451,0.0
70452,0.0
70453,0.0
70454,0.0
70455,0.0
70456,0.0
70457,0.0
70458,0.0
70459,0.0
70460,0.0
70461,0.0
70462,0.0
70463,0.0
70464,0.0
70465,0.0
70466,0.0
70467,0.0
70468,0.0
70469,0.0
70470,0.0
70471,0.0
70472,0.0
70473,0.0
70474,0.0
70475,0.0
70476,0.0
70477,0.0
70478,0.0
70479,0.0
70480,0.0
70481,0.0
70482,0.0
70483,0.0
70484,0.0
70485,0.0
70486,0.0
70487,0.0
70488,0.0
70489,0.0
70490,0.0
70491,0.0
70492,0.0
70493,0.0
70494,0.0
70495,0.0
70496,0.0
70497,0.0
70498,0.0
70499,0.0
70500,0.0
70501,0.0
70502,0.0
70503,0.0
70504,0.0
70505,0.0
70506,0.0
70507,0.0
70508,0.0
70509,0.0
70510,0.0
70511,0.0
70512,0.0
70513,0.0
70514,0.0
70515,0.0
70516,0.0
70517,0.0
70518,0.0
70519,0.0
70520,0.0
70521,0.0
70522,0.0
70523,0.0
70524,0.0
70525,0.0
70526,0.0
70527,0.0
70528,0.0
70529,0.0
70530,0.0
70531,0.0
70532,0.0
70533,0.0
70534,0.0
70535,0.0
70536,0.0
70537,0.0
70538,0.0
70539,0.0
70540,0.0
70541,0.0
70542,0.0
70543,0.0
70544,0.0
70545,0.0
70546,0.0
70547,0.0
70548,0.0
70549,0.0
70550,0.0
70551,0.0
70552,0.0
70553,0.0
70554,0.0
70555,0.0
70556,0.0
70557,0.0
70558,0.0
70559,0.0
70560,0.0
70561,0.0
70562,0.0
70563,0.0
70564,0.0
70565,0.0
70566,0.0
70567,0.0
70568,0.0
70569,0.0
70570,0.0
70571,0.0
70572,0.0
70573,0.0
70574,0.0
70575,0.0
70576,0.0
70577,0.0
70578,0.0
70579,0.0
70580,0.0
70581,0.0
70582,0.0
70583,0.0
70584,0.0
70585,0.0
70586,0.0
70587,0.0
70588,0.0
70589,0.0
70590,0.0
70591,0.0
70592,0.0
70593,0.0
70594,0.0
70595,0.0
70596,0.0
70597,0.0
70598,0.0
70599,0.0
70600,0.0
70601,0.0
70602,0.0
70603,0.0
70604,0.0
70605,0.0
70606,0.0
70607,0.0
70608,0.0
70609,0.0
70610,0.0
70611,0.0
70612,0.0
70613,0.0
70614,0.0
70615,0.0
70616,0.0
70617,0.0
70618,0.0
70619,0.0
70620,0.0
70621,0.0
70622,0.0
70623,0.0
70624,0.0
70625,0.0
70626,0.0
70627,0.0
70628,0.0
70629,0.0
70630,0.0
70631,0.0
70632,0.0
70633,0.0
70634,0.0
70635,0.0
70636,0.0
70637,0.0
70638,0.0
70639,0.0
70640,0.0
70641,0.0
70642,0.0
70643,0.0
70644,0.0
70645,0.0
70646,0.0
70647,0.0
70648,0.0
70649,0.0
70650,0.0
70651,0.0
70652,0.0
70653,0.0
70654,0.0
70655,0.0
70656,0.0
70657,0.0
70658,0.0
70659,0.0
70660,0.0
70661,0.0
70662,0.0
70663,0.0
70664,0.0
70665,0.0
70666,0.0
70667,0.0
70668,0.0
70669,0.0
70670,0.0
70671,0.0
70672,0.0
70673,0.0
70674,0.0
70675,0.0
70676,0.0
70677,0.0
70678,0.0
70679,0.0
70680,0.0
70681,0.0
70682,0.0
70683,0.0
70684,0.0
70685,0.0
70686,0.0
70687,0.0
70688,0.0
70689,0.0
70690,0.0
70691,0.0
70692,0.0
70693,0.0
70694,0.0
70695,0.0
70696,0.0
70697,0.0
70698,0.0
70699,0.0
70700,0.0
70701,0.0
70702,0.0
70703,0.0
70704,0.0
70705,0.0
70706,0.0
70707,0.0
70708,0.0
70709,0.0
70710,0.0
70711,0.0
70712,0.0
70713,0.0
70714,0.0
70715,0.0
70716,0.0
70717,0.0
70718,0.0
70719,0.0
70720,0.0
70721,0.0
70722,0.0
70723,0.0
70724,0.0
70725,0.0
70726,0.0
70727,0.0
70728,0.0
70729,0.0
70730,0.0
70731,0.0
70732,0.0
70733,0.0
70734,0.0
70735,0.0
70736,0.0
70737,0.0
70738,0.0
70739,0.0
70740,0.0
70741,0.0
70742,0.0
70743,0.0
70744,0.0
70745,0.0
70746,0.0
70747,0.0
70748,0.0
70749,0.0
70750,0.0
70751,0.0
70752,0.0
70753,0.0
70754,0.0
70755,0.0
70756,0.0
70757,0.0
70758,0.0
70759,0.0
70760,0.0
70761,0.0
70762,0.0
70763,0.0
70764,0.0
70765,0.0
70766,0.0
70767,0.0
70768,0.0
70769,0.0
70770,0.0
70771,0.0
70772,0.0
70773,0.0
70774,0.0
70775,0.0
70776,0.0
70777,0.0
70778,0.0
70779,0.0
70780,0.0
70781,0.0
70782,0.0
70783,0.0
70784,0.0
70785,0.0
70786,0.0
70787,0.0
70788,0.0
70789,0.0
70790,0.0
70791,0.0
70792,0.0
70793,0.0
70794,0.0
70795,0.0
70796,0.0
70797,0.0
70798,0.0
70799,0.0
70800,0.0
70801,0.0
70802,0.0
70803,0.0
70804,0.0
70805,0.0
70806,0.0
70807,0.0
70808,0.0
70809,0.0
70810,0.0
70811,0.0
70812,0.0
70813,0.0
70814,0.0
70815,0.0
70816,0.0
70817,0.0
70818,0.0
70819,0.0
70820,0.0
70821,0.0
70822,0.0
70823,0.0
70824,0.0
70825,0.0
70826,0.0
70827,0.0
70828,0.0
70829,0.0
70830,0.0
70831,0.0
70832,0.0
70833,0.0
70834,0.0
70835,0.0
70836,0.0
70837,0.0
70838,0.0
70839,0.0
70840,0.0
70841,0.0
70842,0.0
70843,0.0
70844,0.0
70845,0.0
70846,0.0
70847,0.0
70848,0.0
70849,0.0
70850,0.0
70851,0.0
70852,0.0
70853,0.0
70854,0.0
70855,0.0
70856,0.0
70857,0.0
70858,0.0
70859,0.0
70860,0.0
70861,0.0
70862,0.0
70863,0.0
70864,0.0
70865,0.0
70866,0.0
70867,0.0
70868,0.0
70869,0.0
70870,0.0
70871,0.0
70872,0.0
70873,0.0
70874,0.0
70875,0.0
70876,0.0
70877,0.0
70878,0.0
70879,0.0
70880,0.0
70881,0.0
70882,0.0
70883,0.0
70884,0.0
70885,0.0
70886,0.0
70887,0.0
70888,0.0
70889,0.0
70890,0.0
70891,0.0
70892,0.0
70893,0.0
70894,0.0
70895,0.0
70896,0.0
70897,0.0
70898,0.0
70899,0.0
70900,0.0
70901,0.0
70902,0.0
70903,0.0
70904,0.0
70905,0.0
70906,0.0
70907,0.0
70908,0.0
70909,0.0
70910,0.0
70911,0.0
70912,0.0
70913,0.0
70914,0.0
70915,0.0
70916,0.0
70917,0.0
70918,0.0
70919,0.0
70920,0.0
70921,0.0
70922,0.0
70923,0.0
70924,0.0
70925,0.0
70926,0.0
70927,0.0
70928,0.0
70929,0.0
70930,0.0
70931,0.0
70932,0.0
70933,0.0
70934,0.0
70935,0.0
70936,0.0
70937,0.0
70938,0.0
70939,0.0
70940,0.0
70941,0.0
70942,0.0
70943,0.0
70944,0.0
70945,0.0
70946,0.0
70947,0.0
70948,0.0
70949,0.0
70950,0.0
70951,0.0
70952,0.0
70953,0.0
70954,0.0
70955,0.0
70956,0.0
70957,0.0
70958,0.0
70959,0.0
70960,0.0
70961,0.0
70962,0.0
70963,0.0
70964,0.0
70965,0.0
70966,0.0
70967,0.0
70968,0.0
70969,0.0
70970,0.0
70971,0.0
70972,0.0
70973,0.0
70974,0.0
70975,0.0
70976,0.0
70977,0.0
70978,0.0
70979,0.0
70980,0.0
70981,0.0
70982,0.0
70983,0.0
70984,0.0
70985,0.0
70986,0.0
70987,0.0
70988,0.0
70989,0.0
70990,0.0
70991,0.0
70992,0.0
70993,0.0
70994,0.0
70995,0.0
70996,0.0
70997,0.0
70998,0.0
70999,0.0
71000,0.0
71001,0.0
71002,0.0
71003,0.0
71004,0.0
71005,0.0
71006,0.0
71007,0.0
71008,0.0
71009,0.0
71010,0.0
71011,0.0
71012,0.0
71013,0.0
71014,0.0
71015,0.0
71016,0.0
71017,0.0
71018,0.0
71019,0.0
71020,0.0
71021,0.0
71022,0.0
71023,0.0
71024,0.0
71025,0.0
71026,0.0
71027,0.0
71028,0.0
71029,0.0
71030,0.0
71031,0.0
71032,0.0
71033,0.0
71034,0.0
71035,0.0
71036,0.0
71037,0.0
71038,0.0
71039,0.0
71040,0.0
71041,0.0
71042,0.0
71043,0.0
71044,0.0
71045,0.0
71046,0.0
71047,0.0
71048,0.0
71049,0.0
71050,0.0
71051,0.0
71052,0.0
71053,0.0
71054,0.0
71055,0.0
71056,0.0
71057,0.0
71058,0.0
71059,0.0
71060,0.0
71061,0.0
71062,0.0
71063,0.0
71064,0.0
71065,0.0
71066,0.0
71067,0.0
71068,0.0
71069,0.0
71070,0.0
71071,0.0
71072,0.0
71073,0.0
71074,0.0
71075,0.0
71076,0.0
71077,0.0
71078,0.0
71079,0.0
71080,0.0
71081,0.0
71082,0.0
71083,0.0
71084,0.0
71085,0.0
71086,0.0
71087,0.0
71088,0.0
71089,0.0
71090,0.0
71091,0.0
71092,0.0
71093,0.0
71094,0.0
71095,0.0
71096,0.0
71097,0.0
71098,0.0
71099,0.0
71100,0.0
71101,0.0
71102,0.0
71103,0.0
71104,0.0
71105,0.0
71106,0.0
71107,0.0
71108,0.0
71109,0.0
71110,0.0
71111,0.0
71112,0.0
71113,0.0
71114,0.0
71115,0.0
71116,0.0
71117,0.0
71118,0.0
71119,0.0
71120,0.0
71121,0.0
71122,0.0
71123,0.0
71124,0.0
71125,0.0
71126,0.0
71127,0.0
71128,0.0
71129,0.0
71130,0.0
71131,0.0
71132,0.0
71133,0.0
71134,0.0
71135,0.0
71136,0.0
71137,0.0
71138,0.0
71139,0.0
71140,0.0
71141,0.0
71142,0.0
71143,0.0
71144,0.0
71145,0.0
71146,0.0
71147,0.0
71148,0.0
71149,0.0
71150,0.0
71151,0.0
71152,0.0
71153,0.0
71154,0.0
71155,0.0
71156,0.0
71157,0.0
71158,0.0
71159,0.0
71160,0.0
71161,0.0
71162,0.0
71163,0.0
71164,0.0
71165,0.0
71166,0.0
71167,0.0
71168,0.0
71169,0.0
71170,0.0
71171,0.0
71172,0.0
71173,0.0
71174,0.0
71175,0.0
71176,0.0
71177,0.0
71178,0.0
71179,0.0
71180,0.0
71181,0.0
71182,0.0
71183,0.0
71184,0.0
71185,0.0
71186,0.0
71187,0.0
71188,0.0
71189,0.0
71190,0.0
71191,0.0
71192,0.0
71193,0.0
71194,0.0
71195,0.0
71196,0.0
71197,0.0
71198,0.0
71199,0.0
71200,0.0
71201,0.0
71202,0.0
71203,0.0
71204,0.0
71205,0.0
71206,0.0
71207,0.0
71208,0.0
71209,0.0
71210,0.0
71211,0.0
71212,0.0
71213,0.0
71214,0.0
71215,0.0
71216,0.0
71217,0.0
71218,0.0
71219,0.0
71220,0.0
71221,0.0
71222,0.0
71223,0.0
71224,0.0
71225,0.0
71226,0.0
71227,0.0
71228,0.0
71229,0.0
71230,0.0
71231,0.0
71232,0.0
71233,0.0
71234,0.0
71235,0.0
71236,0.0
71237,0.0
71238,0.0
71239,0.0
71240,0.0
71241,0.0
71242,0.0
71243,0.0
71244,0.0
71245,0.0
71246,0.0
71247,0.0
71248,0.0
71249,0.0
71250,0.0
71251,0.0
71252,0.0
71253,0.0
71254,0.0
71255,0.0
71256,0.0
71257,0.0
71258,0.0
71259,0.0
71260,0.0
71261,0.0
71262,0.0
71263,0.0
71264,0.0
71265,0.0
71266,0.0
71267,0.0
71268,0.0
71269,0.0
71270,0.0
71271,0.0
71272,0.0
71273,0.0
71274,0.0
71275,0.0
71276,0.0
71277,0.0
71278,0.0
71279,0.0
71280,0.0
71281,0.0
71282,0.0
71283,0.0
71284,0.0
71285,0.0
71286,0.0
71287,0.0
71288,0.0
71289,0.0
71290,0.0
71291,0.0
71292,0.0
71293,0.0
71294,0.0
71295,0.0
71296,0.0
71297,0.0
71298,0.0
71299,0.0
71300,0.0
71301,0.0
71302,0.0
71303,0.0
71304,0.0
71305,0.0
71306,0.0
71307,0.0
71308,0.0
71309,0.0
71310,0.0
71311,0.0
71312,0.0
71313,0.0
71314,0.0
71315,0.0
71316,0.0
71317,0.0
71318,0.0
71319,0.0
71320,0.0
71321,0.0
71322,0.0
71323,0.0
71324,0.0
71325,0.0
71326,0.0
71327,0.0
71328,0.0
71329,0.0
71330,0.0
71331,0.0
71332,0.0
71333,0.0
71334,0.0
71335,0.0
71336,0.0
71337,0.0
71338,0.0
71339,0.0
71340,0.0
71341,0.0
71342,0.0
71343,0.0
71344,0.0
71345,0.0
71346,0.0
71347,0.0
71348,0.0
71349,0.0
71350,0.0
71351,0.0
71352,0.0
71353,0.0
71354,0.0
71355,0.0
71356,0.0
71357,0.0
71358,0.0
71359,0.0
71360,0.0
71361,0.0
71362,0.0
71363,0.0
71364,0.0
71365,0.0
71366,0.0
71367,0.0
71368,0.0
71369,0.0
71370,0.0
71371,0.0
71372,0.0
71373,0.0
71374,0.0
71375,0.0
71376,0.0
71377,0.0
71378,0.0
71379,0.0
71380,0.0
71381,0.0
71382,0.0
71383,0.0
71384,0.0
71385,0.0
71386,0.0
71387,0.0
71388,0.0
71389,0.0
71390,0.0
71391,0.0
71392,0.0
71393,0.0
71394,0.0
71395,0.0
71396,0.0
71397,0.0
71398,0.0
71399,0.0
71400,0.0
71401,0.0
71402,0.0
71403,0.0
71404,0.0
71405,0.0
71406,0.0
71407,0.0
71408,0.0
71409,0.0
71410,0.0
71411,0.0
71412,0.0
71413,0.0
71414,0.0
71415,0.0
71416,0.0
71417,0.0
71418,0.0
71419,0.0
71420,0.0
71421,0.0
71422,0.0
71423,0.0
71424,0.0
71425,0.0
71426,0.0
71427,0.0
71428,0.0
71429,0.0
71430,0.0
71431,0.0
71432,0.0
71433,0.0
71434,0.0
71435,0.0
71436,0.0
71437,0.0
71438,0.0
71439,0.0
71440,0.0
71441,0.0
71442,0.0
71443,0.0
71444,0.0
71445,0.0
71446,0.0
71447,0.0
71448,0.0
71449,0.0
71450,0.0
71451,0.0
71452,0.0
71453,0.0
71454,0.0
71455,0.0
71456,0.0
71457,0.0
71458,0.0
71459,0.0
71460,0.0
71461,0.0
71462,0.0
71463,0.0
71464,0.0
71465,0.0
71466,0.0
71467,0.0
71468,0.0
71469,0.0
71470,0.0
71471,0.0
71472,0.0
71473,0.0
71474,0.0
71475,0.0
71476,0.0
71477,0.0
71478,0.0
71479,0.0
71480,0.0
71481,0.0
71482,0.0
71483,0.0
71484,0.0
71485,0.0
71486,0.0
71487,0.0
71488,0.0
71489,0.0
71490,0.0
71491,0.0
71492,0.0
71493,0.0
71494,0.0
71495,0.0
71496,0.0
71497,0.0
71498,0.0
71499,0.0
71500,0.0
71501,0.0
71502,0.0
71503,0.0
71504,0.0
71505,0.0
71506,0.0
71507,0.0
71508,0.0
71509,0.0
71510,0.0
71511,0.0
71512,0.0
71513,0.0
71514,0.0
71515,0.0
71516,0.0
71517,0.0
71518,0.0
71519,0.0
71520,0.0
71521,0.0
71522,0.0
71523,0.0
71524,0.0
71525,0.0
71526,0.0
71527,0.0
71528,0.0
71529,0.0
71530,0.0
71531,0.0
71532,0.0
71533,0.0
71534,0.0
71535,0.0
71536,0.0
71537,0.0
71538,0.0
71539,0.0
71540,0.0
71541,0.0
71542,0.0
71543,0.0
71544,0.0
71545,0.0
71546,0.0
71547,0.0
71548,0.0
71549,0.0
71550,0.0
71551,0.0
71552,0.0
71553,0.0
71554,0.0
71555,0.0
71556,0.0
71557,0.0
71558,0.0
71559,0.0
71560,0.0
71561,0.0
71562,0.0
71563,0.0
71564,0.0
71565,0.0
71566,0.0
71567,0.0
71568,0.0
71569,0.0
71570,0.0
71571,0.0
71572,0.0
71573,0.0
71574,0.0
71575,0.0
71576,0.0
71577,0.0
71578,0.0
71579,0.0
71580,0.0
71581,0.0
71582,0.0
71583,0.0
71584,0.0
71585,0.0
71586,0.0
71587,0.0
71588,0.0
71589,0.0
71590,0.0
71591,0.0
71592,0.0
71593,0.0
71594,0.0
71595,0.0
71596,0.0
71597,0.0
71598,0.0
71599,0.0
71600,0.0
71601,0.0
71602,0.0
71603,0.0
71604,0.0
71605,0.0
71606,0.0
71607,0.0
71608,0.0
71609,0.0
71610,0.0
71611,0.0
71612,0.0
71613,0.0
71614,0.0
71615,0.0
71616,0.0
71617,0.0
71618,0.0
71619,0.0
71620,0.0
71621,0.0
71622,0.0
71623,0.0
71624,0.0
71625,0.0
71626,0.0
71627,0.0
71628,0.0
71629,0.0
71630,0.0
71631,0.0
71632,0.0
71633,0.0
71634,0.0
71635,0.0
71636,0.0
71637,0.0
71638,0.0
71639,0.0
71640,0.0
71641,0.0
71642,0.0
71643,0.0
71644,0.0
71645,0.0
71646,0.0
71647,0.0
71648,0.0
71649,0.0
71650,0.0
71651,0.0
71652,0.0
71653,0.0
71654,0.0
71655,0.0
71656,0.0
71657,0.0
71658,0.0
71659,0.0
71660,0.0
71661,0.0
71662,0.0
71663,0.0
71664,0.0
71665,0.0
71666,0.0
71667,0.0
71668,0.0
71669,0.0
71670,0.0
71671,0.0
71672,0.0
71673,0.0
71674,0.0
71675,0.0
71676,0.0
71677,0.0
71678,0.0
71679,0.0
71680,0.0
71681,0.0
71682,0.0
71683,0.0
71684,0.0
71685,0.0
71686,0.0
71687,0.0
71688,0.0
71689,0.0
71690,0.0
71691,0.0
71692,0.0
71693,0.0
71694,0.0
71695,0.0
71696,0.0
71697,0.0
71698,0.0
71699,0.0
71700,0.0
71701,0.0
71702,0.0
71703,0.0
71704,0.0
71705,0.0
71706,0.0
71707,0.0
71708,0.0
71709,0.0
71710,0.0
71711,0.0
71712,0.0
71713,0.0
71714,0.0
71715,0.0
71716,0.0
71717,0.0
71718,0.0
71719,0.0
71720,0.0
71721,0.0
71722,0.0
71723,0.0
71724,0.0
71725,0.0
71726,0.0
71727,0.0
71728,0.0
71729,0.0
71730,0.0
71731,0.0
71732,0.0
71733,0.0
71734,0.0
71735,0.0
71736,0.0
71737,0.0
71738,0.0
71739,0.0
71740,0.0
71741,0.0
71742,0.0
71743,0.0
71744,0.0
71745,0.0
71746,0.0
71747,0.0
71748,0.0
71749,0.0
71750,0.0
71751,0.0
71752,0.0
71753,0.0
71754,0.0
71755,0.0
71756,0.0
71757,0.0
71758,0.0
71759,0.0
71760,0.0
71761,0.0
71762,0.0
71763,0.0
71764,0.0
71765,0.0
71766,0.0
71767,0.0
71768,0.0
71769,0.0
71770,0.0
71771,0.0
71772,0.0
71773,0.0
71774,0.0
71775,0.0
71776,0.0
71777,0.0
71778,0.0
71779,0.0
71780,0.0
71781,0.0
71782,0.0
71783,0.0
71784,0.0
71785,0.0
71786,0.0
71787,0.0
71788,0.0
71789,0.0
71790,0.0
71791,0.0
71792,0.0
71793,0.0
71794,0.0
71795,0.0
71796,0.0
71797,0.0
71798,0.0
71799,0.0
71800,0.0
71801,0.0
71802,0.0
71803,0.0
71804,0.0
71805,0.0
71806,0.0
71807,0.0
71808,0.0
71809,0.0
71810,0.0
71811,0.0
71812,0.0
71813,0.0
71814,0.0
71815,0.0
71816,0.0
71817,0.0
71818,0.0
71819,0.0
71820,0.0
71821,0.0
71822,0.0
71823,0.0
71824,0.0
71825,0.0
71826,0.0
71827,0.0
71828,0.0
71829,0.0
71830,0.0
71831,0.0
71832,0.0
71833,0.0
71834,0.0
71835,0.0
71836,0.0
71837,0.0
71838,0.0
71839,0.0
71840,0.0
71841,0.0
71842,0.0
71843,0.0
71844,0.0
71845,0.0
71846,0.0
71847,0.0
71848,0.0
71849,0.0
71850,0.0
71851,0.0
71852,0.0
71853,0.0
71854,0.0
71855,0.0
71856,0.0
71857,0.0
71858,0.0
71859,0.0
71860,0.0
71861,0.0
71862,0.0
71863,0.0
71864,0.0
71865,0.0
71866,0.0
71867,0.0
71868,0.0
71869,0.0
71870,0.0
71871,0.0
71872,0.0
71873,0.0
71874,0.0
71875,0.0
71876,0.0
71877,0.0
71878,0.0
71879,0.0
71880,0.0
71881,0.0
71882,0.0
71883,0.0
71884,0.0
71885,0.0
71886,0.0
71887,0.0
71888,0.0
71889,0.0
71890,0.0
71891,0.0
71892,0.0
71893,0.0
71894,0.0
71895,0.0
71896,0.0
71897,0.0
71898,0.0
71899,0.0
71900,0.0
71901,0.0
71902,0.0
71903,0.0
71904,0.0
71905,0.0
71906,0.0
71907,0.0
71908,0.0
71909,0.0
71910,0.0
71911,0.0
71912,0.0
71913,0.0
71914,0.0
71915,0.0
71916,0.0
71917,0.0
71918,0.0
71919,0.0
71920,0.0
71921,0.0
71922,0.0
71923,0.0
71924,0.0
71925,0.0
71926,0.0
71927,0.0
71928,0.0
71929,0.0
71930,0.0
71931,0.0
71932,0.0
71933,0.0
71934,0.0
71935,0.0
71936,0.0
71937,0.0
71938,0.0
71939,0.0
71940,0.0
71941,0.0
71942,0.0
71943,0.0
71944,0.0
71945,0.0
71946,0.0
71947,0.0
71948,0.0
71949,0.0
71950,0.0
71951,0.0
71952,0.0
71953,0.0
71954,0.0
71955,0.0
71956,0.0
71957,0.0
71958,0.0
71959,0.0
71960,0.0
71961,0.0
71962,0.0
71963,0.0
71964,0.0
71965,0.0
71966,0.0
71967,0.0
71968,0.0
71969,0.0
71970,0.0
71971,0.0
71972,0.0
71973,0.0
71974,0.0
71975,0.0
71976,0.0
71977,0.0
71978,0.0
71979,0.0
71980,0.0
71981,0.0
71982,0.0
71983,0.0
71984,0.0
71985,0.0
71986,0.0
71987,0.0
71988,0.0
71989,0.0
71990,0.0
71991,0.0
71992,0.0
71993,0.0
71994,0.0
71995,0.0
71996,0.0
71997,0.0
71998,0.0
71999,0.0
72000,0.0
72001,0.0
72002,0.0
72003,0.0
72004,0.0
72005,0.0
72006,0.0
72007,0.0
72008,0.0
72009,0.0
72010,0.0
72011,0.0
72012,0.0
72013,0.0
72014,0.0
72015,0.0
72016,0.0
72017,0.0
72018,0.0
72019,0.0
72020,0.0
72021,0.0
72022,0.0
72023,0.0
72024,0.0
72025,0.0
72026,0.0
72027,0.0
72028,0.0
72029,0.0
72030,0.0
72031,0.0
72032,0.0
72033,0.0
72034,0.0
72035,0.0
72036,0.0
72037,0.0
72038,0.0
72039,0.0
72040,0.0
72041,0.0
72042,0.0
72043,0.0
72044,0.0
72045,0.0
72046,0.0
72047,0.0
72048,0.0
72049,0.0
72050,0.0
72051,0.0
72052,0.0
72053,0.0
72054,0.0
72055,0.0
72056,0.0
72057,0.0
72058,0.0
72059,0.0
72060,0.0
72061,0.0
72062,0.0
72063,0.0
72064,0.0
72065,0.0
72066,0.0
72067,0.0
72068,0.0
72069,0.0
72070,0.0
72071,0.0
72072,0.0
72073,0.0
72074,0.0
72075,0.0
72076,0.0
72077,0.0
72078,0.0
72079,0.0
72080,0.0
72081,0.0
72082,0.0
72083,0.0
72084,0.0
72085,0.0
72086,0.0
72087,0.0
72088,0.0
72089,0.0
72090,0.0
72091,0.0
72092,0.0
72093,0.0
72094,0.0
72095,0.0
72096,0.0
72097,0.0
72098,0.0
72099,0.0
72100,0.0
72101,0.0
72102,0.0
72103,0.0
72104,0.0
72105,0.0
72106,0.0
72107,0.0
72108,0.0
72109,0.0
72110,0.0
72111,0.0
72112,0.0
72113,0.0
72114,0.0
72115,0.0
72116,0.0
72117,0.0
72118,0.0
72119,0.0
72120,0.0
72121,0.0
72122,0.0
72123,0.0
72124,0.0
72125,0.0
72126,0.0
72127,0.0
72128,0.0
72129,0.0
72130,0.0
72131,0.0
72132,0.0
72133,0.0
72134,0.0
72135,0.0
72136,0.0
72137,0.0
72138,0.0
72139,0.0
72140,0.0
72141,0.0
72142,0.0
72143,0.0
72144,0.0
72145,0.0
72146,0.0
72147,0.0
72148,0.0
72149,0.0
72150,0.0
72151,0.0
72152,0.0
72153,0.0
72154,0.0
72155,0.0
72156,0.0
72157,0.0
72158,0.0
72159,0.0
72160,0.0
72161,0.0
72162,0.0
72163,0.0
72164,0.0
72165,0.0
72166,0.0
72167,0.0
72168,0.0
72169,0.0
72170,0.0
72171,0.0
72172,0.0
72173,0.0
72174,0.0
72175,0.0
72176,0.0
72177,0.0
72178,0.0
72179,0.0
72180,0.0
72181,0.0
72182,0.0
72183,0.0
72184,0.0
72185,0.0
72186,0.0
72187,0.0
72188,0.0
72189,0.0
72190,0.0
72191,0.0
72192,0.0
72193,0.0
72194,0.0
72195,0.0
72196,0.0
72197,0.0
72198,0.0
72199,0.0
72200,0.0
72201,0.0
72202,0.0
72203,0.0
72204,0.0
72205,0.0
72206,0.0
72207,0.0
72208,0.0
72209,0.0
72210,0.0
72211,0.0
72212,0.0
72213,0.0
72214,0.0
72215,0.0
72216,0.0
72217,0.0
72218,0.0
72219,0.0
72220,0.0
72221,0.0
72222,0.0
72223,0.0
72224,0.0
72225,0.0
72226,0.0
72227,0.0
72228,0.0
72229,0.0
72230,0.0
72231,0.0
72232,0.0
72233,0.0
72234,0.0
72235,0.0
72236,0.0
72237,0.0
72238,0.0
72239,0.0
72240,0.0
72241,0.0
72242,0.0
72243,0.0
72244,0.0
72245,0.0
72246,0.0
72247,0.0
72248,0.0
72249,0.0
72250,0.0
72251,0.0
72252,0.0
72253,0.0
72254,0.0
72255,0.0
72256,0.0
72257,0.0
72258,0.0
72259,0.0
72260,0.0
72261,0.0
72262,0.0
72263,0.0
72264,0.0
72265,0.0
72266,0.0
72267,0.0
72268,0.0
72269,0.0
72270,0.0
72271,0.0
72272,0.0
72273,0.0
72274,0.0
72275,0.0
72276,0.0
72277,0.0
72278,0.0
72279,0.0
72280,0.0
72281,0.0
72282,0.0
72283,0.0
72284,0.0
72285,0.0
72286,0.0
72287,0.0
72288,0.0
72289,0.0
72290,0.0
72291,0.0
72292,0.0
72293,0.0
72294,0.0
72295,0.0
72296,0.0
72297,0.0
72298,0.0
72299,0.0
72300,0.0
72301,0.0
72302,0.0
72303,0.0
72304,0.0
72305,0.0
72306,0.0
72307,0.0
72308,0.0
72309,0.0
72310,0.0
72311,0.0
72312,0.0
72313,0.0
72314,0.0
72315,0.0
72316,0.0
72317,0.0
72318,0.0
72319,0.0
72320,0.0
72321,0.0
72322,0.0
72323,0.0
72324,0.0
72325,0.0
72326,0.0
72327,0.0
72328,0.0
72329,0.0
72330,0.0
72331,0.0
72332,0.0
72333,0.0
72334,0.0
72335,0.0
72336,0.0
72337,0.0
72338,0.0
72339,0.0
72340,0.0
72341,0.0
72342,0.0
72343,0.0
72344,0.0
72345,0.0
72346,0.0
72347,0.0
72348,0.0
72349,0.0
72350,0.0
72351,0.0
72352,0.0
72353,0.0
72354,0.0
72355,0.0
72356,0.0
72357,0.0
72358,0.0
72359,0.0
72360,0.0
72361,0.0
72362,0.0
72363,0.0
72364,0.0
72365,0.0
72366,0.0
72367,0.0
72368,0.0
72369,0.0
72370,0.0
72371,0.0
72372,0.0
72373,0.0
72374,0.0
72375,0.0
72376,0.0
72377,0.0
72378,0.0
72379,0.0
72380,0.0
72381,0.0
72382,0.0
72383,0.0
72384,0.0
72385,0.0
72386,0.0
72387,0.0
72388,0.0
72389,0.0
72390,0.0
72391,0.0
72392,0.0
72393,0.0
72394,0.0
72395,0.0
72396,0.0
72397,0.0
72398,0.0
72399,0.0
72400,0.0
72401,0.0
72402,0.0
72403,0.0
72404,0.0
72405,0.0
72406,0.0
72407,0.0
72408,0.0
72409,0.0
72410,0.0
72411,0.0
72412,0.0
72413,0.0
72414,0.0
72415,0.0
72416,0.0
72417,0.0
72418,0.0
72419,0.0
72420,0.0
72421,0.0
72422,0.0
72423,0.0
72424,0.0
72425,0.0
72426,0.0
72427,0.0
72428,0.0
72429,0.0
72430,0.0
72431,0.0
72432,0.0
72433,0.0
72434,0.0
72435,0.0
72436,0.0
72437,0.0
72438,0.0
72439,0.0
72440,0.0
72441,0.0
72442,0.0
72443,0.0
72444,0.0
72445,0.0
72446,0.0
72447,0.0
72448,0.0
72449,0.0
72450,0.0
72451,0.0
72452,0.0
72453,0.0
72454,0.0
72455,0.0
72456,0.0
72457,0.0
72458,0.0
72459,0.0
72460,0.0
72461,0.0
72462,0.0
72463,0.0
72464,0.0
72465,0.0
72466,0.0
72467,0.0
72468,0.0
72469,0.0
72470,0.0
72471,0.0
72472,0.0
72473,0.0
72474,0.0
72475,0.0
72476,0.0
72477,0.0
72478,0.0
72479,0.0
72480,0.0
72481,0.0
72482,0.0
72483,0.0
72484,0.0
72485,0.0
72486,0.0
72487,0.0
72488,0.0
72489,0.0
72490,0.0
72491,0.0
72492,0.0
72493,0.0
72494,0.0
72495,0.0
72496,0.0
72497,0.0
72498,0.0
72499,0.0
72500,0.0
72501,0.0
72502,0.0
72503,0.0
72504,0.0
72505,0.0
72506,0.0
72507,0.0
72508,0.0
72509,0.0
72510,0.0
72511,0.0
72512,0.0
72513,0.0
72514,0.0
72515,0.0
72516,0.0
72517,0.0
72518,0.0
72519,0.0
72520,0.0
72521,0.0
72522,0.0
72523,0.0
72524,0.0
72525,0.0
72526,0.0
72527,0.0
72528,0.0
72529,0.0
72530,0.0
72531,0.0
72532,0.0
72533,0.0
72534,0.0
72535,0.0
72536,0.0
72537,0.0
72538,0.0
72539,0.0
72540,0.0
72541,0.0
72542,0.0
72543,0.0
72544,0.0
72545,0.0
72546,0.0
72547,0.0
72548,0.0
72549,0.0
72550,0.0
72551,0.0
72552,0.0
72553,0.0
72554,0.0
72555,0.0
72556,0.0
72557,0.0
72558,0.0
72559,0.0
72560,0.0
72561,0.0
72562,0.0
72563,0.0
72564,0.0
72565,0.0
72566,0.0
72567,0.0
72568,0.0
72569,0.0
72570,0.0
72571,0.0
72572,0.0
72573,0.0
72574,0.0
72575,0.0
72576,0.0
72577,0.0
72578,0.0
72579,0.0
72580,0.0
72581,0.0
72582,0.0
72583,0.0
72584,0.0
72585,0.0
72586,0.0
72587,0.0
72588,0.0
72589,0.0
72590,0.0
72591,0.0
72592,0.0
72593,0.0
72594,0.0
72595,0.0
72596,0.0
72597,0.0
72598,0.0
72599,0.0
72600,0.0
72601,0.0
72602,0.0
72603,0.0
72604,0.0
72605,0.0
72606,0.0
72607,0.0
72608,0.0
72609,0.0
72610,0.0
72611,0.0
72612,0.0
72613,0.0
72614,0.0
72615,0.0
72616,0.0
72617,0.0
72618,0.0
72619,0.0
72620,0.0
72621,0.0
72622,0.0
72623,0.0
72624,0.0
72625,0.0
72626,0.0
72627,0.0
72628,0.0
72629,0.0
72630,0.0
72631,0.0
72632,0.0
72633,0.0
72634,0.0
72635,0.0
72636,0.0
72637,0.0
72638,0.0
72639,0.0
72640,0.0
72641,0.0
72642,0.0
72643,0.0
72644,0.0
72645,0.0
72646,0.0
72647,0.0
72648,0.0
72649,0.0
72650,0.0
72651,0.0
72652,0.0
72653,0.0
72654,0.0
72655,0.0
72656,0.0
72657,0.0
72658,0.0
72659,0.0
72660,0.0
72661,0.0
72662,0.0
72663,0.0
72664,0.0
72665,0.0
72666,0.0
72667,0.0
72668,0.0
72669,0.0
72670,0.0
72671,0.0
72672,0.0
72673,0.0
72674,0.0
72675,0.0
72676,0.0
72677,0.0
72678,0.0
72679,0.0
72680,0.0
72681,0.0
72682,0.0
72683,0.0
72684,0.0
72685,0.0
72686,0.0
72687,0.0
72688,0.0
72689,0.0
72690,0.0
72691,0.0
72692,0.0
72693,0.0
72694,0.0
72695,0.0
72696,0.0
72697,0.0
72698,0.0
72699,0.0
72700,0.0
72701,0.0
72702,0.0
72703,0.0
72704,0.0
72705,0.0
72706,0.0
72707,0.0
72708,0.0
72709,0.0
72710,0.0
72711,0.0
72712,0.0
72713,0.0
72714,0.0
72715,0.0
72716,0.0
72717,0.0
72718,0.0
72719,0.0
72720,0.0
72721,0.0
72722,0.0
72723,0.0
72724,0.0
72725,0.0
72726,0.0
72727,0.0
72728,0.0
72729,0.0
72730,0.0
72731,0.0
72732,0.0
72733,0.0
72734,0.0
72735,0.0
72736,0.0
72737,0.0
72738,0.0
72739,0.0
72740,0.0
72741,0.0
72742,0.0
72743,0.0
72744,0.0
72745,0.0
72746,0.0
72747,0.0
72748,0.0
72749,0.0
72750,0.0
72751,0.0
72752,0.0
72753,0.0
72754,0.0
72755,0.0
72756,0.0
72757,0.0
72758,0.0
72759,0.0
72760,0.0
72761,0.0
72762,0.0
72763,0.0
72764,0.0
72765,0.0
72766,0.0
72767,0.0
72768,0.0
72769,0.0
72770,0.0
72771,0.0
72772,0.0
72773,0.0
72774,0.0
72775,0.0
72776,0.0
72777,0.0
72778,0.0
72779,0.0
72780,0.0
72781,0.0
72782,0.0
72783,0.0
72784,0.0
72785,0.0
72786,0.0
72787,0.0
72788,0.0
72789,0.0
72790,0.0
72791,0.0
72792,0.0
72793,0.0
72794,0.0
72795,0.0
72796,0.0
72797,0.0
72798,0.0
72799,0.0
72800,0.0
72801,0.0
72802,0.0
72803,0.0
72804,0.0
72805,0.0
72806,0.0
72807,0.0
72808,0.0
72809,0.0
72810,0.0
72811,0.0
72812,0.0
72813,0.0
72814,0.0
72815,0.0
72816,0.0
72817,0.0
72818,0.0
72819,0.0
72820,0.0
72821,0.0
72822,0.0
72823,0.0
72824,0.0
72825,0.0
72826,0.0
72827,0.0
72828,0.0
72829,0.0
72830,0.0
72831,0.0
72832,0.0
72833,0.0
72834,0.0
72835,0.0
72836,0.0
72837,0.0
72838,0.0
72839,0.0
72840,0.0
72841,0.0
72842,0.0
72843,0.0
72844,0.0
72845,0.0
72846,0.0
72847,0.0
72848,0.0
72849,0.0
72850,0.0
72851,0.0
72852,0.0
72853,0.0
72854,0.0
72855,0.0
72856,0.0
72857,0.0
72858,0.0
72859,0.0
72860,0.0
72861,0.0
72862,0.0
72863,0.0
72864,0.0
72865,0.0
72866,0.0
72867,0.0
72868,0.0
72869,0.0
72870,0.0
72871,0.0
72872,0.0
72873,0.0
72874,0.0
72875,0.0
72876,0.0
72877,0.0
72878,0.0
72879,0.0
72880,0.0
72881,0.0
72882,0.0
72883,0.0
72884,0.0
72885,0.0
72886,0.0
72887,0.0
72888,0.0
72889,0.0
72890,0.0
72891,0.0
72892,0.0
72893,0.0
72894,0.0
72895,0.0
72896,0.0
72897,0.0
72898,0.0
72899,0.0
72900,0.0
72901,0.0
72902,0.0
72903,0.0
72904,0.0
72905,0.0
72906,0.0
72907,0.0
72908,0.0
72909,0.0
72910,0.0
72911,0.0
72912,0.0
72913,0.0
72914,0.0
72915,0.0
72916,0.0
72917,0.0
72918,0.0
72919,0.0
72920,0.0
72921,0.0
72922,0.0
72923,0.0
72924,0.0
72925,0.0
72926,0.0
72927,0.0
72928,0.0
72929,0.0
72930,0.0
72931,0.0
72932,0.0
72933,0.0
72934,0.0
72935,0.0
72936,0.0
72937,0.0
72938,0.0
72939,0.0
72940,0.0
72941,0.0
72942,0.0
72943,0.0
72944,0.0
72945,0.0
72946,0.0
72947,0.0
72948,0.0
72949,0.0
72950,0.0
72951,0.0
72952,0.0
72953,0.0
72954,0.0
72955,0.0
72956,0.0
72957,0.0
72958,0.0
72959,0.0
72960,0.0
72961,0.0
72962,0.0
72963,0.0
72964,0.0
72965,0.0
72966,0.0
72967,0.0
72968,0.0
72969,0.0
72970,0.0
72971,0.0
72972,0.0
72973,0.0
72974,0.0
72975,0.0
72976,0.0
72977,0.0
72978,0.0
72979,0.0
72980,0.0
72981,0.0
72982,0.0
72983,0.0
72984,0.0
72985,0.0
72986,0.0
72987,0.0
72988,0.0
72989,0.0
72990,0.0
72991,0.0
72992,0.0
72993,0.0
72994,0.0
72995,0.0
72996,0.0
72997,0.0
72998,0.0
72999,0.0
73000,0.0
73001,0.0
73002,0.0
73003,0.0
73004,0.0
73005,0.0
73006,0.0
73007,0.0
73008,0.0
73009,0.0
73010,0.0
73011,0.0
73012,0.0
73013,0.0
73014,0.0
73015,0.0
73016,0.0
73017,0.0
73018,0.0
73019,0.0
73020,0.0
73021,0.0
73022,0.0
73023,0.0
73024,0.0
73025,0.0
73026,0.0
73027,0.0
73028,0.0
73029,0.0
73030,0.0
73031,0.0
73032,0.0
73033,0.0
73034,0.0
73035,0.0
73036,0.0
73037,0.0
73038,0.0
73039,0.0
73040,0.0
73041,0.0
73042,0.0
73043,0.0
73044,0.0
73045,0.0
73046,0.0
73047,0.0
73048,0.0
73049,0.0
73050,0.0
73051,0.0
73052,0.0
73053,0.0
73054,0.0
73055,0.0
73056,0.0
73057,0.0
73058,0.0
73059,0.0
73060,0.0
73061,0.0
73062,0.0
73063,0.0
73064,0.0
73065,0.0
73066,0.0
73067,0.0
73068,0.0
73069,0.0
73070,0.0
73071,0.0
73072,0.0
73073,0.0
73074,0.0
73075,0.0
73076,0.0
73077,0.0
73078,0.0
73079,0.0
73080,0.0
73081,0.0
73082,0.0
73083,0.0
73084,0.0
73085,0.0
73086,0.0
73087,0.0
73088,0.0
73089,0.0
73090,0.0
73091,0.0
73092,0.0
73093,0.0
73094,0.0
73095,0.0
73096,0.0
73097,0.0
73098,0.0
73099,0.0
73100,0.0
73101,0.0
73102,0.0
73103,0.0
73104,0.0
73105,0.0
73106,0.0
73107,0.0
73108,0.0
73109,0.0
73110,0.0
73111,0.0
73112,0.0
73113,0.0
73114,0.0
73115,0.0
73116,0.0
73117,0.0
73118,0.0
73119,0.0
73120,0.0
73121,0.0
73122,0.0
73123,0.0
73124,0.0
73125,0.0
73126,0.0
73127,0.0
73128,0.0
73129,0.0
73130,0.0
73131,0.0
73132,0.0
73133,0.0
73134,0.0
73135,0.0
73136,0.0
73137,0.0
73138,0.0
73139,0.0
73140,0.0
73141,0.0
73142,0.0
73143,0.0
73144,0.0
73145,0.0
73146,0.0
73147,0.0
73148,0.0
73149,0.0
73150,0.0
73151,0.0
73152,0.0
73153,0.0
73154,0.0
73155,0.0
73156,0.0
73157,0.0
73158,0.0
73159,0.0
73160,0.0
73161,0.0
73162,0.0
73163,0.0
73164,0.0
73165,0.0
73166,0.0
73167,0.0
73168,0.0
73169,0.0
73170,0.0
73171,0.0
73172,0.0
73173,0.0
73174,0.0
73175,0.0
73176,0.0
73177,0.0
73178,0.0
73179,0.0
73180,0.0
73181,0.0
73182,0.0
73183,0.0
73184,0.0
73185,0.0
73186,0.0
73187,0.0
73188,0.0
73189,0.0
73190,0.0
73191,0.0
73192,0.0
73193,0.0
73194,0.0
73195,0.0
73196,0.0
73197,0.0
73198,0.0
73199,0.0
73200,0.0
73201,0.0
73202,0.0
73203,0.0
73204,0.0
73205,0.0
73206,0.0
73207,0.0
73208,0.0
73209,0.0
73210,0.0
73211,0.0
73212,0.0
73213,0.0
73214,0.0
73215,0.0
73216,0.0
73217,0.0
73218,0.0
73219,0.0
73220,0.0
73221,0.0
73222,0.0
73223,0.0
73224,0.0
73225,0.0
73226,0.0
73227,0.0
73228,0.0
73229,0.0
73230,0.0
73231,0.0
73232,0.0
73233,0.0
73234,0.0
73235,0.0
73236,0.0
73237,0.0
73238,0.0
73239,0.0
73240,0.0
73241,0.0
73242,0.0
73243,0.0
73244,0.0
73245,0.0
73246,0.0
73247,0.0
73248,0.0
73249,0.0
73250,0.0
73251,0.0
73252,0.0
73253,0.0
73254,0.0
73255,0.0
73256,0.0
73257,0.0
73258,0.0
73259,0.0
73260,0.0
73261,0.0
73262,0.0
73263,0.0
73264,0.0
73265,0.0
73266,0.0
73267,0.0
73268,0.0
73269,0.0
73270,0.0
73271,0.0
73272,0.0
73273,0.0
73274,0.0
73275,0.0
73276,0.0
73277,0.0
73278,0.0
73279,0.0
73280,0.0
73281,0.0
73282,0.0
73283,0.0
73284,0.0
73285,0.0
73286,0.0
73287,0.0
73288,0.0
73289,0.0
73290,0.0
73291,0.0
73292,0.0
73293,0.0
73294,0.0
73295,0.0
73296,0.0
73297,0.0
73298,0.0
73299,0.0
73300,0.0
73301,0.0
73302,0.0
73303,0.0
73304,0.0
73305,0.0
73306,0.0
73307,0.0
73308,0.0
73309,0.0
73310,0.0
73311,0.0
73312,0.0
73313,0.0
73314,0.0
73315,0.0
73316,0.0
73317,0.0
73318,0.0
73319,0.0
73320,0.0
73321,0.0
73322,0.0
73323,0.0
73324,0.0
73325,0.0
73326,0.0
73327,0.0
73328,0.0
73329,0.0
73330,0.0
73331,0.0
73332,0.0
73333,0.0
73334,0.0
73335,0.0
73336,0.0
73337,0.0
73338,0.0
73339,0.0
73340,0.0
73341,0.0
73342,0.0
73343,0.0
73344,0.0
73345,0.0
73346,0.0
73347,0.0
73348,0.0
73349,0.0
73350,0.0
73351,0.0
73352,0.0
73353,0.0
73354,0.0
73355,0.0
73356,0.0
73357,0.0
73358,0.0
73359,0.0
73360,0.0
73361,0.0
73362,0.0
73363,0.0
73364,0.0
73365,0.0
73366,0.0
73367,0.0
73368,0.0
73369,0.0
73370,0.0
73371,0.0
73372,0.0
73373,0.0
73374,0.0
73375,0.0
73376,0.0
73377,0.0
73378,0.0
73379,0.0
73380,0.0
73381,0.0
73382,0.0
73383,0.0
73384,0.0
73385,0.0
73386,0.0
73387,0.0
73388,0.0
73389,0.0
73390,0.0
73391,0.0
73392,0.0
73393,0.0
73394,0.0
73395,0.0
73396,0.0
73397,0.0
73398,0.0
73399,0.0
73400,0.0
73401,0.0
73402,0.0
73403,0.0
73404,0.0
73405,0.0
73406,0.0
73407,0.0
73408,0.0
73409,0.0
73410,0.0
73411,0.0
73412,0.0
73413,0.0
73414,0.0
73415,0.0
73416,0.0
73417,0.0
73418,0.0
73419,0.0
73420,0.0
73421,0.0
73422,0.0
73423,0.0
73424,0.0
73425,0.0
73426,0.0
73427,0.0
73428,0.0
73429,0.0
73430,0.0
73431,0.0
73432,0.0
73433,0.0
73434,0.0
73435,0.0
73436,0.0
73437,0.0
73438,0.0
73439,0.0
73440,0.0
73441,0.0
73442,0.0
73443,0.0
73444,0.0
73445,0.0
73446,0.0
73447,0.0
73448,0.0
73449,0.0
73450,0.0
73451,0.0
73452,0.0
73453,0.0
73454,0.0
73455,0.0
73456,0.0
73457,0.0
73458,0.0
73459,0.0
73460,0.0
73461,0.0
73462,0.0
73463,0.0
73464,0.0
73465,0.0
73466,0.0
73467,0.0
73468,0.0
73469,0.0
73470,0.0
73471,0.0
73472,0.0
73473,0.0
73474,0.0
73475,0.0
73476,0.0
73477,0.0
73478,0.0
73479,0.0
73480,0.0
73481,0.0
73482,0.0
73483,0.0
73484,0.0
73485,0.0
73486,0.0
73487,0.0
73488,0.0
73489,0.0
73490,0.0
73491,0.0
73492,0.0
73493,0.0
73494,0.0
73495,0.0
73496,0.0
73497,0.0
73498,0.0
73499,0.0
73500,0.0
73501,0.0
73502,0.0
73503,0.0
73504,0.0
73505,0.0
73506,0.0
73507,0.0
73508,0.0
73509,0.0
73510,0.0
73511,0.0
73512,0.0
73513,0.0
73514,0.0
73515,0.0
73516,0.0
73517,0.0
73518,0.0
73519,0.0
73520,0.0
73521,0.0
73522,0.0
73523,0.0
73524,0.0
73525,0.0
73526,0.0
73527,0.0
73528,0.0
73529,0.0
73530,0.0
73531,0.0
73532,0.0
73533,0.0
73534,0.0
73535,0.0
73536,0.0
73537,0.0
73538,0.0
73539,0.0
73540,0.0
73541,0.0
73542,0.0
73543,0.0
73544,0.0
73545,0.0
73546,0.0
73547,0.0
73548,0.0
73549,0.0
73550,0.0
73551,0.0
73552,0.0
73553,0.0
73554,0.0
73555,0.0
73556,0.0
73557,0.0
73558,0.0
73559,0.0
73560,0.0
73561,0.0
73562,0.0
73563,0.0
73564,0.0
73565,0.0
73566,0.0
73567,0.0
73568,0.0
73569,0.0
73570,0.0
73571,0.0
73572,0.0
73573,0.0
73574,0.0
73575,0.0
73576,0.0
73577,0.0
73578,0.0
73579,0.0
73580,0.0
73581,0.0
73582,0.0
73583,0.0
73584,0.0
73585,0.0
73586,0.0
73587,0.0
73588,0.0
73589,0.0
73590,0.0
73591,0.0
73592,0.0
73593,0.0
73594,0.0
73595,0.0
73596,0.0
73597,0.0
73598,0.0
73599,0.0
73600,0.0
73601,0.0
73602,0.0
73603,0.0
73604,0.0
73605,0.0
73606,0.0
73607,0.0
73608,0.0
73609,0.0
73610,0.0
73611,0.0
73612,0.0
73613,0.0
73614,0.0
73615,0.0
73616,0.0
73617,0.0
73618,0.0
73619,0.0
73620,0.0
73621,0.0
73622,0.0
73623,0.0
73624,0.0
73625,0.0
73626,0.0
73627,0.0
73628,0.0
73629,0.0
73630,0.0
73631,0.0
73632,0.0
73633,0.0
73634,0.0
73635,0.0
73636,0.0
73637,0.0
73638,0.0
73639,0.0
73640,0.0
73641,0.0
73642,0.0
73643,0.0
73644,0.0
73645,0.0
73646,0.0
73647,0.0
73648,0.0
73649,0.0
73650,0.0
73651,0.0
73652,0.0
73653,0.0
73654,0.0
73655,0.0
73656,0.0
73657,0.0
73658,0.0
73659,0.0
73660,0.0
73661,0.0
73662,0.0
73663,0.0
73664,0.0
73665,0.0
73666,0.0
73667,0.0
73668,0.0
73669,0.0
73670,0.0
73671,0.0
73672,0.0
73673,0.0
73674,0.0
73675,0.0
73676,0.0
73677,0.0
73678,0.0
73679,0.0
73680,0.0
73681,0.0
73682,0.0
73683,0.0
73684,0.0
73685,0.0
73686,0.0
73687,0.0
73688,0.0
73689,0.0
73690,0.0
73691,0.0
73692,0.0
73693,0.0
73694,0.0
73695,0.0
73696,0.0
73697,0.0
73698,0.0
73699,0.0
73700,0.0
73701,0.0
73702,0.0
73703,0.0
73704,0.0
73705,0.0
73706,0.0
73707,0.0
73708,0.0
73709,0.0
73710,0.0
73711,0.0
73712,0.0
73713,0.0
73714,0.0
73715,0.0
73716,0.0
73717,0.0
73718,0.0
73719,0.0
73720,0.0
73721,0.0
73722,0.0
73723,0.0
73724,0.0
73725,0.0
73726,0.0
73727,0.0
73728,0.0
73729,0.0
73730,0.0
73731,0.0
73732,0.0
73733,0.0
73734,0.0
73735,0.0
73736,0.0
73737,0.0
73738,0.0
73739,0.0
73740,0.0
73741,0.0
73742,0.0
73743,0.0
73744,0.0
73745,0.0
73746,0.0
73747,0.0
73748,0.0
73749,0.0
73750,0.0
73751,0.0
73752,0.0
73753,0.0
73754,0.0
73755,0.0
73756,0.0
73757,0.0
73758,0.0
73759,0.0
73760,0.0
73761,0.0
73762,0.0
73763,0.0
73764,0.0
73765,0.0
73766,0.0
73767,0.0
73768,0.0
73769,0.0
73770,0.0
73771,0.0
73772,0.0
73773,0.0
73774,0.0
73775,0.0
73776,0.0
73777,0.0
73778,0.0
73779,0.0
73780,0.0
73781,0.0
73782,0.0
73783,0.0
73784,0.0
73785,0.0
73786,0.0
73787,0.0
73788,0.0
73789,0.0
73790,0.0
73791,0.0
73792,0.0
73793,0.0
73794,0.0
73795,0.0
73796,0.0
73797,0.0
73798,0.0
73799,0.0
73800,0.0
73801,0.0
73802,0.0
73803,0.0
73804,0.0
73805,0.0
73806,0.0
73807,0.0
73808,0.0
73809,0.0
73810,0.0
73811,0.0
73812,0.0
73813,0.0
73814,0.0
73815,0.0
73816,0.0
73817,0.0
73818,0.0
73819,0.0
73820,0.0
73821,0.0
73822,0.0
73823,0.0
73824,0.0
73825,0.0
73826,0.0
73827,0.0
73828,0.0
73829,0.0
73830,0.0
73831,0.0
73832,0.0
73833,0.0
73834,0.0
73835,0.0
73836,0.0
73837,0.0
73838,0.0
73839,0.0
73840,0.0
73841,0.0
73842,0.0
73843,0.0
73844,0.0
73845,0.0
73846,0.0
73847,0.0
73848,0.0
73849,0.0
73850,0.0
73851,0.0
73852,0.0
73853,0.0
73854,0.0
73855,0.0
73856,0.0
73857,0.0
73858,0.0
73859,0.0
73860,0.0
73861,0.0
73862,0.0
73863,0.0
73864,0.0
73865,0.0
73866,0.0
73867,0.0
73868,0.0
73869,0.0
73870,0.0
73871,0.0
73872,0.0
73873,0.0
73874,0.0
73875,0.0
73876,0.0
73877,0.0
73878,0.0
73879,0.0
73880,0.0
73881,0.0
73882,0.0
73883,0.0
73884,0.0
73885,0.0
73886,0.0
73887,0.0
73888,0.0
73889,0.0
73890,0.0
73891,0.0
73892,0.0
73893,0.0
73894,0.0
73895,0.0
73896,0.0
73897,0.0
73898,0.0
73899,0.0
73900,0.0
73901,0.0
73902,0.0
73903,0.0
73904,0.0
73905,0.0
73906,0.0
73907,0.0
73908,0.0
73909,0.0
73910,0.0
73911,0.0
73912,0.0
73913,0.0
73914,0.0
73915,0.0
73916,0.0
73917,0.0
73918,0.0
73919,0.0
73920,0.0
73921,0.0
73922,0.0
73923,0.0
73924,0.0
73925,0.0
73926,0.0
73927,0.0
73928,0.0
73929,0.0
73930,0.0
73931,0.0
73932,0.0
73933,0.0
73934,0.0
73935,0.0
73936,0.0
73937,0.0
73938,0.0
73939,0.0
73940,0.0
73941,0.0
73942,0.0
73943,0.0
73944,0.0
73945,0.0
73946,0.0
73947,0.0
73948,0.0
73949,0.0
73950,0.0
73951,0.0
73952,0.0
73953,0.0
73954,0.0
73955,0.0
73956,0.0
73957,0.0
73958,0.0
73959,0.0
73960,0.0
73961,0.0
73962,0.0
73963,0.0
73964,0.0
73965,0.0
73966,0.0
73967,0.0
73968,0.0
73969,0.0
73970,0.0
73971,0.0
73972,0.0
73973,0.0
73974,0.0
73975,0.0
73976,0.0
73977,0.0
73978,0.0
73979,0.0
73980,0.0
73981,0.0
73982,0.0
73983,0.0
73984,0.0
73985,0.0
73986,0.0
73987,0.0
73988,0.0
73989,0.0
73990,0.0
73991,0.0
73992,0.0
73993,0.0
73994,0.0
73995,0.0
73996,0.0
73997,0.0
73998,0.0
73999,0.0
74000,0.0
74001,0.0
74002,0.0
74003,0.0
74004,0.0
74005,0.0
74006,0.0
74007,0.0
74008,0.0
74009,0.0
74010,0.0
74011,0.0
74012,0.0
74013,0.0
74014,0.0
74015,0.0
74016,0.0
74017,0.0
74018,0.0
74019,0.0
74020,0.0
74021,0.0
74022,0.0
74023,0.0
74024,0.0
74025,0.0
74026,0.0
74027,0.0
74028,0.0
74029,0.0
74030,0.0
74031,0.0
74032,0.0
74033,0.0
74034,0.0
74035,0.0
74036,0.0
74037,0.0
74038,0.0
74039,0.0
74040,0.0
74041,0.0
74042,0.0
74043,0.0
74044,0.0
74045,0.0
74046,0.0
74047,0.0
74048,0.0
74049,0.0
74050,0.0
74051,0.0
74052,0.0
74053,0.0
74054,0.0
74055,0.0
74056,0.0
74057,0.0
74058,0.0
74059,0.0
74060,0.0
74061,0.0
74062,0.0
74063,0.0
74064,0.0
74065,0.0
74066,0.0
74067,0.0
74068,0.0
74069,0.0
74070,0.0
74071,0.0
74072,0.0
74073,0.0
74074,0.0
74075,0.0
74076,0.0
74077,0.0
74078,0.0
74079,0.0
74080,0.0
74081,0.0
74082,0.0
74083,0.0
74084,0.0
74085,0.0
74086,0.0
74087,0.0
74088,0.0
74089,0.0
74090,0.0
74091,0.0
74092,0.0
74093,0.0
74094,0.0
74095,0.0
74096,0.0
74097,0.0
74098,0.0
74099,0.0
74100,0.0
74101,0.0
74102,0.0
74103,0.0
74104,0.0
74105,0.0
74106,0.0
74107,0.0
74108,0.0
74109,0.0
74110,0.0
74111,0.0
74112,0.0
74113,0.0
74114,0.0
74115,0.0
74116,0.0
74117,0.0
74118,0.0
74119,0.0
74120,0.0
74121,0.0
74122,0.0
74123,0.0
74124,0.0
74125,0.0
74126,0.0
74127,0.0
74128,0.0
74129,0.0
74130,0.0
74131,0.0
74132,0.0
74133,0.0
74134,0.0
74135,0.0
74136,0.0
74137,0.0
74138,0.0
74139,0.0
74140,0.0
74141,0.0
74142,0.0
74143,0.0
74144,0.0
74145,0.0
74146,0.0
74147,0.0
74148,0.0
74149,0.0
74150,0.0
74151,0.0
74152,0.0
74153,0.0
74154,0.0
74155,0.0
74156,0.0
74157,0.0
74158,0.0
74159,0.0
74160,0.0
74161,0.0
74162,0.0
74163,0.0
74164,0.0
74165,0.0
74166,0.0
74167,0.0
74168,0.0
74169,0.0
74170,0.0
74171,0.0
74172,0.0
74173,0.0
74174,0.0
74175,0.0
74176,0.0
74177,0.0
74178,0.0
74179,0.0
74180,0.0
74181,0.0
74182,0.0
74183,0.0
74184,0.0
74185,0.0
74186,0.0
74187,0.0
74188,0.0
74189,0.0
74190,0.0
74191,0.0
74192,0.0
74193,0.0
74194,0.0
74195,0.0
74196,0.0
74197,0.0
74198,0.0
74199,0.0
74200,0.0
74201,0.0
74202,0.0
74203,0.0
74204,0.0
74205,0.0
74206,0.0
74207,0.0
74208,0.0
74209,0.0
74210,0.0
74211,0.0
74212,0.0
74213,0.0
74214,0.0
74215,0.0
74216,0.0
74217,0.0
74218,0.0
74219,0.0
74220,0.0
74221,0.0
74222,0.0
74223,0.0
74224,0.0
74225,0.0
74226,0.0
74227,0.0
74228,0.0
74229,0.0
74230,0.0
74231,0.0
74232,0.0
74233,0.0
74234,0.0
74235,0.0
74236,0.0
74237,0.0
74238,0.0
74239,0.0
74240,0.0
74241,0.0
74242,0.0
74243,0.0
74244,0.0
74245,0.0
74246,0.0
74247,0.0
74248,0.0
74249,0.0
74250,0.0
74251,0.0
74252,0.0
74253,0.0
74254,0.0
74255,0.0
74256,0.0
74257,0.0
74258,0.0
74259,0.0
74260,0.0
74261,0.0
74262,0.0
74263,0.0
74264,0.0
74265,0.0
74266,0.0
74267,0.0
74268,0.0
74269,0.0
74270,0.0
74271,0.0
74272,0.0
74273,0.0
74274,0.0
74275,0.0
74276,0.0
74277,0.0
74278,0.0
74279,0.0
74280,0.0
74281,0.0
74282,0.0
74283,0.0
74284,0.0
74285,0.0
74286,0.0
74287,0.0
74288,0.0
74289,0.0
74290,0.0
74291,0.0
74292,0.0
74293,0.0
74294,0.0
74295,0.0
74296,0.0
74297,0.0
74298,0.0
74299,0.0
74300,0.0
74301,0.0
74302,0.0
74303,0.0
74304,0.0
74305,0.0
74306,0.0
74307,0.0
74308,0.0
74309,0.0
74310,0.0
74311,0.0
74312,0.0
74313,0.0
74314,0.0
74315,0.0
74316,0.0
74317,0.0
74318,0.0
74319,0.0
74320,0.0
74321,0.0
74322,0.0
74323,0.0
74324,0.0
74325,0.0
74326,0.0
74327,0.0
74328,0.0
74329,0.0
74330,0.0
74331,0.0
74332,0.0
74333,0.0
74334,0.0
74335,0.0
74336,0.0
74337,0.0
74338,0.0
74339,0.0
74340,0.0
74341,0.0
74342,0.0
74343,0.0
74344,0.0
74345,0.0
74346,0.0
74347,0.0
74348,0.0
74349,0.0
74350,0.0
74351,0.0
74352,0.0
74353,0.0
74354,0.0
74355,0.0
74356,0.0
74357,0.0
74358,0.0
74359,0.0
74360,0.0
74361,0.0
74362,0.0
74363,0.0
74364,0.0
74365,0.0
74366,0.0
74367,0.0
74368,0.0
74369,0.0
74370,0.0
74371,0.0
74372,0.0
74373,0.0
74374,0.0
74375,0.0
74376,0.0
74377,0.0
74378,0.0
74379,0.0
74380,0.0
74381,0.0
74382,0.0
74383,0.0
74384,0.0
74385,0.0
74386,0.0
74387,0.0
74388,0.0
74389,0.0
74390,0.0
74391,0.0
74392,0.0
74393,0.0
74394,0.0
74395,0.0
74396,0.0
74397,0.0
74398,0.0
74399,0.0
74400,0.0
74401,0.0
74402,0.0
74403,0.0
74404,0.0
74405,0.0
74406,0.0
74407,0.0
74408,0.0
74409,0.0
74410,0.0
74411,0.0
74412,0.0
74413,0.0
74414,0.0
74415,0.0
74416,0.0
74417,0.0
74418,0.0
74419,0.0
74420,0.0
74421,0.0
74422,0.0
74423,0.0
74424,0.0
74425,0.0
74426,0.0
74427,0.0
74428,0.0
74429,0.0
74430,0.0
74431,0.0
74432,0.0
74433,0.0
74434,0.0
74435,0.0
74436,0.0
74437,0.0
74438,0.0
74439,0.0
74440,0.0
74441,0.0
74442,0.0
74443,0.0
74444,0.0
74445,0.0
74446,0.0
74447,0.0
74448,0.0
74449,0.0
74450,0.0
74451,0.0
74452,0.0
74453,0.0
74454,0.0
74455,0.0
74456,0.0
74457,0.0
74458,0.0
74459,0.0
74460,0.0
74461,0.0
74462,0.0
74463,0.0
74464,0.0
74465,0.0
74466,0.0
74467,0.0
74468,0.0
74469,0.0
74470,0.0
74471,0.0
74472,0.0
74473,0.0
74474,0.0
74475,0.0
74476,0.0
74477,0.0
74478,0.0
74479,0.0
74480,0.0
74481,0.0
74482,0.0
74483,0.0
74484,0.0
74485,0.0
74486,0.0
74487,0.0
74488,0.0
74489,0.0
74490,0.0
74491,0.0
74492,0.0
74493,0.0
74494,0.0
74495,0.0
74496,0.0
74497,0.0
74498,0.0
74499,0.0
74500,0.0
74501,0.0
74502,0.0
74503,0.0
74504,0.0
74505,0.0
74506,0.0
74507,0.0
74508,0.0
74509,0.0
74510,0.0
74511,0.0
74512,0.0
74513,0.0
74514,0.0
74515,0.0
74516,0.0
74517,0.0
74518,0.0
74519,0.0
74520,0.0
74521,0.0
74522,0.0
74523,0.0
74524,0.0
74525,0.0
74526,0.0
74527,0.0
74528,0.0
74529,0.0
74530,0.0
74531,0.0
74532,0.0
74533,0.0
74534,0.0
74535,0.0
74536,0.0
74537,0.0
74538,0.0
74539,0.0
74540,0.0
74541,0.0
74542,0.0
74543,0.0
74544,0.0
74545,0.0
74546,0.0
74547,0.0
74548,0.0
74549,0.0
74550,0.0
74551,0.0
74552,0.0
74553,0.0
74554,0.0
74555,0.0
74556,0.0
74557,0.0
74558,0.0
74559,0.0
74560,0.0
74561,0.0
74562,0.0
74563,0.0
74564,0.0
74565,0.0
74566,0.0
74567,0.0
74568,0.0
74569,0.0
74570,0.0
74571,0.0
74572,0.0
74573,0.0
74574,0.0
74575,0.0
74576,0.0
74577,0.0
74578,0.0
74579,0.0
74580,0.0
74581,0.0
74582,0.0
74583,0.0
74584,0.0
74585,0.0
74586,0.0
74587,0.0
74588,0.0
74589,0.0
74590,0.0
74591,0.0
74592,0.0
74593,0.0
74594,0.0
74595,0.0
74596,0.0
74597,0.0
74598,0.0
74599,0.0
74600,0.0
74601,0.0
74602,0.0
74603,0.0
74604,0.0
74605,0.0
74606,0.0
74607,0.0
74608,0.0
74609,0.0
74610,0.0
74611,0.0
74612,0.0
74613,0.0
74614,0.0
74615,0.0
74616,0.0
74617,0.0
74618,0.0
74619,0.0
74620,0.0
74621,0.0
74622,0.0
74623,0.0
74624,0.0
74625,0.0
74626,0.0
74627,0.0
74628,0.0
74629,0.0
74630,0.0
74631,0.0
74632,0.0
74633,0.0
74634,0.0
74635,0.0
74636,0.0
74637,0.0
74638,0.0
74639,0.0
74640,0.0
74641,0.0
74642,0.0
74643,0.0
74644,0.0
74645,0.0
74646,0.0
74647,0.0
74648,0.0
74649,0.0
74650,0.0
74651,0.0
74652,0.0
74653,0.0
74654,0.0
74655,0.0
74656,0.0
74657,0.0
74658,0.0
74659,0.0
74660,0.0
74661,0.0
74662,0.0
74663,0.0
74664,0.0
74665,0.0
74666,0.0
74667,0.0
74668,0.0
74669,0.0
74670,0.0
74671,0.0
74672,0.0
74673,0.0
74674,0.0
74675,0.0
74676,0.0
74677,0.0
74678,0.0
74679,0.0
74680,0.0
74681,0.0
74682,0.0
74683,0.0
74684,0.0
74685,0.0
74686,0.0
74687,0.0
74688,0.0
74689,0.0
74690,0.0
74691,0.0
74692,0.0
74693,0.0
74694,0.0
74695,0.0
74696,0.0
74697,0.0
74698,0.0
74699,0.0
74700,0.0
74701,0.0
74702,0.0
74703,0.0
74704,0.0
74705,0.0
74706,0.0
74707,0.0
74708,0.0
74709,0.0
74710,0.0
74711,0.0
74712,0.0
74713,0.0
74714,0.0
74715,0.0
74716,0.0
74717,0.0
74718,0.0
74719,0.0
74720,0.0
74721,0.0
74722,0.0
74723,0.0
74724,0.0
74725,0.0
74726,0.0
74727,0.0
74728,0.0
74729,0.0
74730,0.0
74731,0.0
74732,0.0
74733,0.0
74734,0.0
74735,0.0
74736,0.0
74737,0.0
74738,0.0
74739,0.0
74740,0.0
74741,0.0
74742,0.0
74743,0.0
74744,0.0
74745,0.0
74746,0.0
74747,0.0
74748,0.0
74749,0.0
74750,0.0
74751,0.0
74752,0.0
74753,0.0
74754,0.0
74755,0.0
74756,0.0
74757,0.0
74758,0.0
74759,0.0
74760,0.0
74761,0.0
74762,0.0
74763,0.0
74764,0.0
74765,0.0
74766,0.0
74767,0.0
74768,0.0
74769,0.0
74770,0.0
74771,0.0
74772,0.0
74773,0.0
74774,0.0
74775,0.0
74776,0.0
74777,0.0
74778,0.0
74779,0.0
74780,0.0
74781,0.0
74782,0.0
74783,0.0
74784,0.0
74785,0.0
74786,0.0
74787,0.0
74788,0.0
74789,0.0
74790,0.0
74791,0.0
74792,0.0
74793,0.0
74794,0.0
74795,0.0
74796,0.0
74797,0.0
74798,0.0
74799,0.0
74800,0.0
74801,0.0
74802,0.0
74803,0.0
74804,0.0
74805,0.0
74806,0.0
74807,0.0
74808,0.0
74809,0.0
74810,0.0
74811,0.0
74812,0.0
74813,0.0
74814,0.0
74815,0.0
74816,0.0
74817,0.0
74818,0.0
74819,0.0
74820,0.0
74821,0.0
74822,0.0
74823,0.0
74824,0.0
74825,0.0
74826,0.0
74827,0.0
74828,0.0
74829,0.0
74830,0.0
74831,0.0
74832,0.0
74833,0.0
74834,0.0
74835,0.0
74836,0.0
74837,0.0
74838,0.0
74839,0.0
74840,0.0
74841,0.0
74842,0.0
74843,0.0
74844,0.0
74845,0.0
74846,0.0
74847,0.0
74848,0.0
74849,0.0
74850,0.0
74851,0.0
74852,0.0
74853,0.0
74854,0.0
74855,0.0
74856,0.0
74857,0.0
74858,0.0
74859,0.0
74860,0.0
74861,0.0
74862,0.0
74863,0.0
74864,0.0
74865,0.0
74866,0.0
74867,0.0
74868,0.0
74869,0.0
74870,0.0
74871,0.0
74872,0.0
74873,0.0
74874,0.0
74875,0.0
74876,0.0
74877,0.0
74878,0.0
74879,0.0
74880,0.0
74881,0.0
74882,0.0
74883,0.0
74884,0.0
74885,0.0
74886,0.0
74887,0.0
74888,0.0
74889,0.0
74890,0.0
74891,0.0
74892,0.0
74893,0.0
74894,0.0
74895,0.0
74896,0.0
74897,0.0
74898,0.0
74899,0.0
74900,0.0
74901,0.0
74902,0.0
74903,0.0
74904,0.0
74905,0.0
74906,0.0
74907,0.0
74908,0.0
74909,0.0
74910,0.0
74911,0.0
74912,0.0
74913,0.0
74914,0.0
74915,0.0
74916,0.0
74917,0.0
74918,0.0
74919,0.0
74920,0.0
74921,0.0
74922,0.0
74923,0.0
74924,0.0
74925,0.0
74926,0.0
74927,0.0
74928,0.0
74929,0.0
74930,0.0
74931,0.0
74932,0.0
74933,0.0
74934,0.0
74935,0.0
74936,0.0
74937,0.0
74938,0.0
74939,0.0
74940,0.0
74941,0.0
74942,0.0
74943,0.0
74944,0.0
74945,0.0
74946,0.0
74947,0.0
74948,0.0
74949,0.0
74950,0.0
74951,0.0
74952,0.0
74953,0.0
74954,0.0
74955,0.0
74956,0.0
74957,0.0
74958,0.0
74959,0.0
74960,0.0
74961,0.0
74962,0.0
74963,0.0
74964,0.0
74965,0.0
74966,0.0
74967,0.0
74968,0.0
74969,0.0
74970,0.0
74971,0.0
74972,0.0
74973,0.0
74974,0.0
74975,0.0
74976,0.0
74977,0.0
74978,0.0
74979,0.0
74980,0.0
74981,0.0
74982,0.0
74983,0.0
74984,0.0
74985,0.0
74986,0.0
74987,0.0
74988,0.0
74989,0.0
74990,0.0
74991,0.0
74992,0.0
74993,0.0
74994,0.0
74995,0.0
74996,0.0
74997,0.0
74998,0.0
74999,0.0
75000,0.0
75001,0.0
75002,0.0
75003,0.0
75004,0.0
75005,0.0
75006,0.0
75007,0.0
75008,0.0
75009,0.0
75010,0.0
75011,0.0
75012,0.0
75013,0.0
75014,0.0
75015,0.0
75016,0.0
75017,0.0
75018,0.0
75019,0.0
75020,0.0
75021,0.0
75022,0.0
75023,0.0
75024,0.0
75025,0.0
75026,0.0
75027,0.0
75028,0.0
75029,0.0
75030,0.0
75031,0.0
75032,0.0
75033,0.0
75034,0.0
75035,0.0
75036,0.0
75037,0.0
75038,0.0
75039,0.0
75040,0.0
75041,0.0
75042,0.0
75043,0.0
75044,0.0
75045,0.0
75046,0.0
75047,0.0
75048,0.0
75049,0.0
75050,0.0
75051,0.0
75052,0.0
75053,0.0
75054,0.0
75055,0.0
75056,0.0
75057,0.0
75058,0.0
75059,0.0
75060,0.0
75061,0.0
75062,0.0
75063,0.0
75064,0.0
75065,0.0
75066,0.0
75067,0.0
75068,0.0
75069,0.0
75070,0.0
75071,0.0
75072,0.0
75073,0.0
75074,0.0
75075,0.0
75076,0.0
75077,0.0
75078,0.0
75079,0.0
75080,0.0
75081,0.0
75082,0.0
75083,0.0
75084,0.0
75085,0.0
75086,0.0
75087,0.0
75088,0.0
75089,0.0
75090,0.0
75091,0.0
75092,0.0
75093,0.0
75094,0.0
75095,0.0
75096,0.0
75097,0.0
75098,0.0
75099,0.0
75100,0.0
75101,0.0
75102,0.0
75103,0.0
75104,0.0
75105,0.0
75106,0.0
75107,0.0
75108,0.0
75109,0.0
75110,0.0
75111,0.0
75112,0.0
75113,0.0
75114,0.0
75115,0.0
75116,0.0
75117,0.0
75118,0.0
75119,0.0
75120,0.0
75121,0.0
75122,0.0
75123,0.0
75124,0.0
75125,0.0
75126,0.0
75127,0.0
75128,0.0
75129,0.0
75130,0.0
75131,0.0
75132,0.0
75133,0.0
75134,0.0
75135,0.0
75136,0.0
75137,0.0
75138,0.0
75139,0.0
75140,0.0
75141,0.0
75142,0.0
75143,0.0
75144,0.0
75145,0.0
75146,0.0
75147,0.0
75148,0.0
75149,0.0
75150,0.0
75151,0.0
75152,0.0
75153,0.0
75154,0.0
75155,0.0
75156,0.0
75157,0.0
75158,0.0
75159,0.0
75160,0.0
75161,0.0
75162,0.0
75163,0.0
75164,0.0
75165,0.0
75166,0.0
75167,0.0
75168,0.0
75169,0.0
75170,0.0
75171,0.0
75172,0.0
75173,0.0
75174,0.0
75175,0.0
75176,0.0
75177,0.0
75178,0.0
75179,0.0
75180,0.0
75181,0.0
75182,0.0
75183,0.0
75184,0.0
75185,0.0
75186,0.0
75187,0.0
75188,0.0
75189,0.0
75190,0.0
75191,0.0
75192,0.0
75193,0.0
75194,0.0
75195,0.0
75196,0.0
75197,0.0
75198,0.0
75199,0.0
75200,0.0
75201,0.0
75202,0.0
75203,0.0
75204,0.0
75205,0.0
75206,0.0
75207,0.0
75208,0.0
75209,0.0
75210,0.0
75211,0.0
75212,0.0
75213,0.0
75214,0.0
75215,0.0
75216,0.0
75217,0.0
75218,0.0
75219,0.0
75220,0.0
75221,0.0
75222,0.0
75223,0.0
75224,0.0
75225,0.0
75226,0.0
75227,0.0
75228,0.0
75229,0.0
75230,0.0
75231,0.0
75232,0.0
75233,0.0
75234,0.0
75235,0.0
75236,0.0
75237,0.0
75238,0.0
75239,0.0
75240,0.0
75241,0.0
75242,0.0
75243,0.0
75244,0.0
75245,0.0
75246,0.0
75247,0.0
75248,0.0
75249,0.0
75250,0.0
75251,0.0
75252,0.0
75253,0.0
75254,0.0
75255,0.0
75256,0.0
75257,0.0
75258,0.0
75259,0.0
75260,0.0
75261,0.0
75262,0.0
75263,0.0
75264,0.0
75265,0.0
75266,0.0
75267,0.0
75268,0.0
75269,0.0
75270,0.0
75271,0.0
75272,0.0
75273,0.0
75274,0.0
75275,0.0
75276,0.0
75277,0.0
75278,0.0
75279,0.0
75280,0.0
75281,0.0
75282,0.0
75283,0.0
75284,0.0
75285,0.0
75286,0.0
75287,0.0
75288,0.0
75289,0.0
75290,0.0
75291,0.0
75292,0.0
75293,0.0
75294,0.0
75295,0.0
75296,0.0
75297,0.0
75298,0.0
75299,0.0
75300,0.0
75301,0.0
75302,0.0
75303,0.0
75304,0.0
75305,0.0
75306,0.0
75307,0.0
75308,0.0
75309,0.0
75310,0.0
75311,0.0
75312,0.0
75313,0.0
75314,0.0
75315,0.0
75316,0.0
75317,0.0
75318,0.0
75319,0.0
75320,0.0
75321,0.0
75322,0.0
75323,0.0
75324,0.0
75325,0.0
75326,0.0
75327,0.0
75328,0.0
75329,0.0
75330,0.0
75331,0.0
75332,0.0
75333,0.0
75334,0.0
75335,0.0
75336,0.0
75337,0.0
75338,0.0
75339,0.0
75340,0.0
75341,0.0
75342,0.0
75343,0.0
75344,0.0
75345,0.0
75346,0.0
75347,0.0
75348,0.0
75349,0.0
75350,0.0
75351,0.0
75352,0.0
75353,0.0
75354,0.0
75355,0.0
75356,0.0
75357,0.0
75358,0.0
75359,0.0
75360,0.0
75361,0.0
75362,0.0
75363,0.0
75364,0.0
75365,0.0
75366,0.0
75367,0.0
75368,0.0
75369,0.0
75370,0.0
75371,0.0
75372,0.0
75373,0.0
75374,0.0
75375,0.0
75376,0.0
75377,0.0
75378,0.0
75379,0.0
75380,0.0
75381,0.0
75382,0.0
75383,0.0
75384,0.0
75385,0.0
75386,0.0
75387,0.0
75388,0.0
75389,0.0
75390,0.0
75391,0.0
75392,0.0
75393,0.0
75394,0.0
75395,0.0
75396,0.0
75397,0.0
75398,0.0
75399,0.0
75400,0.0
75401,0.0
75402,0.0
75403,0.0
75404,0.0
75405,0.0
75406,0.0
75407,0.0
75408,0.0
75409,0.0
75410,0.0
75411,0.0
75412,0.0
75413,0.0
75414,0.0
75415,0.0
75416,0.0
75417,0.0
75418,0.0
75419,0.0
75420,0.0
75421,0.0
75422,0.0
75423,0.0
75424,0.0
75425,0.0
75426,0.0
75427,0.0
75428,0.0
75429,0.0
75430,0.0
75431,0.0
75432,0.0
75433,0.0
75434,0.0
75435,0.0
75436,0.0
75437,0.0
75438,0.0
75439,0.0
75440,0.0
75441,0.0
75442,0.0
75443,0.0
75444,0.0
75445,0.0
75446,0.0
75447,0.0
75448,0.0
75449,0.0
75450,0.0
75451,0.0
75452,0.0
75453,0.0
75454,0.0
75455,0.0
75456,0.0
75457,0.0
75458,0.0
75459,0.0
75460,0.0
75461,0.0
75462,0.0
75463,0.0
75464,0.0
75465,0.0
75466,0.0
75467,0.0
75468,0.0
75469,0.0
75470,0.0
75471,0.0
75472,0.0
75473,0.0
75474,0.0
75475,0.0
75476,0.0
75477,0.0
75478,0.0
75479,0.0
75480,0.0
75481,0.0
75482,0.0
75483,0.0
75484,0.0
75485,0.0
75486,0.0
75487,0.0
75488,0.0
75489,0.0
75490,0.0
75491,0.0
75492,0.0
75493,0.0
75494,0.0
75495,0.0
75496,0.0
75497,0.0
75498,0.0
75499,0.0
75500,0.0
75501,0.0
75502,0.0
75503,0.0
75504,0.0
75505,0.0
75506,0.0
75507,0.0
75508,0.0
75509,0.0
75510,0.0
75511,0.0
75512,0.0
75513,0.0
75514,0.0
75515,0.0
75516,0.0
75517,0.0
75518,0.0
75519,0.0
75520,0.0
75521,0.0
75522,0.0
75523,0.0
75524,0.0
75525,0.0
75526,0.0
75527,0.0
75528,0.0
75529,0.0
75530,0.0
75531,0.0
75532,0.0
75533,0.0
75534,0.0
75535,0.0
75536,0.0
75537,0.0
75538,0.0
75539,0.0
75540,0.0
75541,0.0
75542,0.0
75543,0.0
75544,0.0
75545,0.0
75546,0.0
75547,0.0
75548,0.0
75549,0.0
75550,0.0
75551,0.0
75552,0.0
75553,0.0
75554,0.0
75555,0.0
75556,0.0
75557,0.0
75558,0.0
75559,0.0
75560,0.0
75561,0.0
75562,0.0
75563,0.0
75564,0.0
75565,0.0
75566,0.0
75567,0.0
75568,0.0
75569,0.0
75570,0.0
75571,0.0
75572,0.0
75573,0.0
75574,0.0
75575,0.0
75576,0.0
75577,0.0
75578,0.0
75579,0.0
75580,0.0
75581,0.0
75582,0.0
75583,0.0
75584,0.0
75585,0.0
75586,0.0
75587,0.0
75588,0.0
75589,0.0
75590,0.0
75591,0.0
75592,0.0
75593,0.0
75594,0.0
75595,0.0
75596,0.0
75597,0.0
75598,0.0
75599,0.0
75600,0.0
75601,0.0
75602,0.0
75603,0.0
75604,0.0
75605,0.0
75606,0.0
75607,0.0
75608,0.0
75609,0.0
75610,0.0
75611,0.0
75612,0.0
75613,0.0
75614,0.0
75615,0.0
75616,0.0
75617,0.0
75618,0.0
75619,0.0
75620,0.0
75621,0.0
75622,0.0
75623,0.0
75624,0.0
75625,0.0
75626,0.0
75627,0.0
75628,0.0
75629,0.0
75630,0.0
75631,0.0
75632,0.0
75633,0.0
75634,0.0
75635,0.0
75636,0.0
75637,0.0
75638,0.0
75639,0.0
75640,0.0
75641,0.0
75642,0.0
75643,0.0
75644,0.0
75645,0.0
75646,0.0
75647,0.0
75648,0.0
75649,0.0
75650,0.0
75651,0.0
75652,0.0
75653,0.0
75654,0.0
75655,0.0
75656,0.0
75657,0.0
75658,0.0
75659,0.0
75660,0.0
75661,0.0
75662,0.0
75663,0.0
75664,0.0
75665,0.0
75666,0.0
75667,0.0
75668,0.0
75669,0.0
75670,0.0
75671,0.0
75672,0.0
75673,0.0
75674,0.0
75675,0.0
75676,0.0
75677,0.0
75678,0.0
75679,0.0
75680,0.0
75681,0.0
75682,0.0
75683,0.0
75684,0.0
75685,0.0
75686,0.0
75687,0.0
75688,0.0
75689,0.0
75690,0.0
75691,0.0
75692,0.0
75693,0.0
75694,0.0
75695,0.0
75696,0.0
75697,0.0
75698,0.0
75699,0.0
75700,0.0
75701,0.0
75702,0.0
75703,0.0
75704,0.0
75705,0.0
75706,0.0
75707,0.0
75708,0.0
75709,0.0
75710,0.0
75711,0.0
75712,0.0
75713,0.0
75714,0.0
75715,0.0
75716,0.0
75717,0.0
75718,0.0
75719,0.0
75720,0.0
75721,0.0
75722,0.0
75723,0.0
75724,0.0
75725,0.0
75726,0.0
75727,0.0
75728,0.0
75729,0.0
75730,0.0
75731,0.0
75732,0.0
75733,0.0
75734,0.0
75735,0.0
75736,0.0
75737,0.0
75738,0.0
75739,0.0
75740,0.0
75741,0.0
75742,0.0
75743,0.0
75744,0.0
75745,0.0
75746,0.0
75747,0.0
75748,0.0
75749,0.0
75750,0.0
75751,0.0
75752,0.0
75753,0.0
75754,0.0
75755,0.0
75756,0.0
75757,0.0
75758,0.0
75759,0.0
75760,0.0
75761,0.0
75762,0.0
75763,0.0
75764,0.0
75765,0.0
75766,0.0
75767,0.0
75768,0.0
75769,0.0
75770,0.0
75771,0.0
75772,0.0
75773,0.0
75774,0.0
75775,0.0
75776,0.0
75777,0.0
75778,0.0
75779,0.0
75780,0.0
75781,0.0
75782,0.0
75783,0.0
75784,0.0
75785,0.0
75786,0.0
75787,0.0
75788,0.0
75789,0.0
75790,0.0
75791,0.0
75792,0.0
75793,0.0
75794,0.0
75795,0.0
75796,0.0
75797,0.0
75798,0.0
75799,0.0
75800,0.0
75801,0.0
75802,0.0
75803,0.0
75804,0.0
75805,0.0
75806,0.0
75807,0.0
75808,0.0
75809,0.0
75810,0.0
75811,0.0
75812,0.0
75813,0.0
75814,0.0
75815,0.0
75816,0.0
75817,0.0
75818,0.0
75819,0.0
75820,0.0
75821,0.0
75822,0.0
75823,0.0
75824,0.0
75825,0.0
75826,0.0
75827,0.0
75828,0.0
75829,0.0
75830,0.0
75831,0.0
75832,0.0
75833,0.0
75834,0.0
75835,0.0
75836,0.0
75837,0.0
75838,0.0
75839,0.0
75840,0.0
75841,0.0
75842,0.0
75843,0.0
75844,0.0
75845,0.0
75846,0.0
75847,0.0
75848,0.0
75849,0.0
75850,0.0
75851,0.0
75852,0.0
75853,0.0
75854,0.0
75855,0.0
75856,0.0
75857,0.0
75858,0.0
75859,0.0
75860,0.0
75861,0.0
75862,0.0
75863,0.0
75864,0.0
75865,0.0
75866,0.0
75867,0.0
75868,0.0
75869,0.0
75870,0.0
75871,0.0
75872,0.0
75873,0.0
75874,0.0
75875,0.0
75876,0.0
75877,0.0
75878,0.0
75879,0.0
75880,0.0
75881,0.0
75882,0.0
75883,0.0
75884,0.0
75885,0.0
75886,0.0
75887,0.0
75888,0.0
75889,0.0
75890,0.0
75891,0.0
75892,0.0
75893,0.0
75894,0.0
75895,0.0
75896,0.0
75897,0.0
75898,0.0
75899,0.0
75900,0.0
75901,0.0
75902,0.0
75903,0.0
75904,0.0
75905,0.0
75906,0.0
75907,0.0
75908,0.0
75909,0.0
75910,0.0
75911,0.0
75912,0.0
75913,0.0
75914,0.0
75915,0.0
75916,0.0
75917,0.0
75918,0.0
75919,0.0
75920,0.0
75921,0.0
75922,0.0
75923,0.0
75924,0.0
75925,0.0
75926,0.0
75927,0.0
75928,0.0
75929,0.0
75930,0.0
75931,0.0
75932,0.0
75933,0.0
75934,0.0
75935,0.0
75936,0.0
75937,0.0
75938,0.0
75939,0.0
75940,0.0
75941,0.0
75942,0.0
75943,0.0
75944,0.0
75945,0.0
75946,0.0
75947,0.0
75948,0.0
75949,0.0
75950,0.0
75951,0.0
75952,0.0
75953,0.0
75954,0.0
75955,0.0
75956,0.0
75957,0.0
75958,0.0
75959,0.0
75960,0.0
75961,0.0
75962,0.0
75963,0.0
75964,0.0
75965,0.0
75966,0.0
75967,0.0
75968,0.0
75969,0.0
75970,0.0
75971,0.0
75972,0.0
75973,0.0
75974,0.0
75975,0.0
75976,0.0
75977,0.0
75978,0.0
75979,0.0
75980,0.0
75981,0.0
75982,0.0
75983,0.0
75984,0.0
75985,0.0
75986,0.0
75987,0.0
75988,0.0
75989,0.0
75990,0.0
75991,0.0
75992,0.0
75993,0.0
75994,0.0
75995,0.0
75996,0.0
75997,0.0
75998,0.0
75999,0.0
76000,0.0
76001,0.0
76002,0.0
76003,0.0
76004,0.0
76005,0.0
76006,0.0
76007,0.0
76008,0.0
76009,0.0
76010,0.0
76011,0.0
76012,0.0
76013,0.0
76014,0.0
76015,0.0
76016,0.0
76017,0.0
76018,0.0
76019,0.0
76020,0.0
76021,0.0
76022,0.0
76023,0.0
76024,0.0
76025,0.0
76026,0.0
76027,0.0
76028,0.0
76029,0.0
76030,0.0
76031,0.0
76032,0.0
76033,0.0
76034,0.0
76035,0.0
76036,0.0
76037,0.0
76038,0.0
76039,0.0
76040,0.0
76041,0.0
76042,0.0
76043,0.0
76044,0.0
76045,0.0
76046,0.0
76047,0.0
76048,0.0
76049,0.0
76050,0.0
76051,0.0
76052,0.0
76053,0.0
76054,0.0
76055,0.0
76056,0.0
76057,0.0
76058,0.0
76059,0.0
76060,0.0
76061,0.0
76062,0.0
76063,0.0
76064,0.0
76065,0.0
76066,0.0
76067,0.0
76068,0.0
76069,0.0
76070,0.0
76071,0.0
76072,0.0
76073,0.0
76074,0.0
76075,0.0
76076,0.0
76077,0.0
76078,0.0
76079,0.0
76080,0.0
76081,0.0
76082,0.0
76083,0.0
76084,0.0
76085,0.0
76086,0.0
76087,0.0
76088,0.0
76089,0.0
76090,0.0
76091,0.0
76092,0.0
76093,0.0
76094,0.0
76095,0.0
76096,0.0
76097,0.0
76098,0.0
76099,0.0
76100,0.0
76101,0.0
76102,0.0
76103,0.0
76104,0.0
76105,0.0
76106,0.0
76107,0.0
76108,0.0
76109,0.0
76110,0.0
76111,0.0
76112,0.0
76113,0.0
76114,0.0
76115,0.0
76116,0.0
76117,0.0
76118,0.0
76119,0.0
76120,0.0
76121,0.0
76122,0.0
76123,0.0
76124,0.0
76125,0.0
76126,0.0
76127,0.0
76128,0.0
76129,0.0
76130,0.0
76131,0.0
76132,0.0
76133,0.0
76134,0.0
76135,0.0
76136,0.0
76137,0.0
76138,0.0
76139,0.0
76140,0.0
76141,0.0
76142,0.0
76143,0.0
76144,0.0
76145,0.0
76146,0.0
76147,0.0
76148,0.0
76149,0.0
76150,0.0
76151,0.0
76152,0.0
76153,0.0
76154,0.0
76155,0.0
76156,0.0
76157,0.0
76158,0.0
76159,0.0
76160,0.0
76161,0.0
76162,0.0
76163,0.0
76164,0.0
76165,0.0
76166,0.0
76167,0.0
76168,0.0
76169,0.0
76170,0.0
76171,0.0
76172,0.0
76173,0.0
76174,0.0
76175,0.0
76176,0.0
76177,0.0
76178,0.0
76179,0.0
76180,0.0
76181,0.0
76182,0.0
76183,0.0
76184,0.0
76185,0.0
76186,0.0
76187,0.0
76188,0.0
76189,0.0
76190,0.0
76191,0.0
76192,0.0
76193,0.0
76194,0.0
76195,0.0
76196,0.0
76197,0.0
76198,0.0
76199,0.0
76200,0.0
76201,0.0
76202,0.0
76203,0.0
76204,0.0
76205,0.0
76206,0.0
76207,0.0
76208,0.0
76209,0.0
76210,0.0
76211,0.0
76212,0.0
76213,0.0
76214,0.0
76215,0.0
76216,0.0
76217,0.0
76218,0.0
76219,0.0
76220,0.0
76221,0.0
76222,0.0
76223,0.0
76224,0.0
76225,0.0
76226,0.0
76227,0.0
76228,0.0
76229,0.0
76230,0.0
76231,0.0
76232,0.0
76233,0.0
76234,0.0
76235,0.0
76236,0.0
76237,0.0
76238,0.0
76239,0.0
76240,0.0
76241,0.0
76242,0.0
76243,0.0
76244,0.0
76245,0.0
76246,0.0
76247,0.0
76248,0.0
76249,0.0
76250,0.0
76251,0.0
76252,0.0
76253,0.0
76254,0.0
76255,0.0
76256,0.0
76257,0.0
76258,0.0
76259,0.0
76260,0.0
76261,0.0
76262,0.0
76263,0.0
76264,0.0
76265,0.0
76266,0.0
76267,0.0
76268,0.0
76269,0.0
76270,0.0
76271,0.0
76272,0.0
76273,0.0
76274,0.0
76275,0.0
76276,0.0
76277,0.0
76278,0.0
76279,0.0
76280,0.0
76281,0.0
76282,0.0
76283,0.0
76284,0.0
76285,0.0
76286,0.0
76287,0.0
76288,0.0
76289,0.0
76290,0.0
76291,0.0
76292,0.0
76293,0.0
76294,0.0
76295,0.0
76296,0.0
76297,0.0
76298,0.0
76299,0.0
76300,0.0
76301,0.0
76302,0.0
76303,0.0
76304,0.0
76305,0.0
76306,0.0
76307,0.0
76308,0.0
76309,0.0
76310,0.0
76311,0.0
76312,0.0
76313,0.0
76314,0.0
76315,0.0
76316,0.0
76317,0.0
76318,0.0
76319,0.0
76320,0.0
76321,0.0
76322,0.0
76323,0.0
76324,0.0
76325,0.0
76326,0.0
76327,0.0
76328,0.0
76329,0.0
76330,0.0
76331,0.0
76332,0.0
76333,0.0
76334,0.0
76335,0.0
76336,0.0
76337,0.0
76338,0.0
76339,0.0
76340,0.0
76341,0.0
76342,0.0
76343,0.0
76344,0.0
76345,0.0
76346,0.0
76347,0.0
76348,0.0
76349,0.0
76350,0.0
76351,0.0
76352,0.0
76353,0.0
76354,0.0
76355,0.0
76356,0.0
76357,0.0
76358,0.0
76359,0.0
76360,0.0
76361,0.0
76362,0.0
76363,0.0
76364,0.0
76365,0.0
76366,0.0
76367,0.0
76368,0.0
76369,0.0
76370,0.0
76371,0.0
76372,0.0
76373,0.0
76374,0.0
76375,0.0
76376,0.0
76377,0.0
76378,0.0
76379,0.0
76380,0.0
76381,0.0
76382,0.0
76383,0.0
76384,0.0
76385,0.0
76386,0.0
76387,0.0
76388,0.0
76389,0.0
76390,0.0
76391,0.0
76392,0.0
76393,0.0
76394,0.0
76395,0.0
76396,0.0
76397,0.0
76398,0.0
76399,0.0
76400,0.0
76401,0.0
76402,0.0
76403,0.0
76404,0.0
76405,0.0
76406,0.0
76407,0.0
76408,0.0
76409,0.0
76410,0.0
76411,0.0
76412,0.0
76413,0.0
76414,0.0
76415,0.0
76416,0.0
76417,0.0
76418,0.0
76419,0.0
76420,0.0
76421,0.0
76422,0.0
76423,0.0
76424,0.0
76425,0.0
76426,0.0
76427,0.0
76428,0.0
76429,0.0
76430,0.0
76431,0.0
76432,0.0
76433,0.0
76434,0.0
76435,0.0
76436,0.0
76437,0.0
76438,0.0
76439,0.0
76440,0.0
76441,0.0
76442,0.0
76443,0.0
76444,0.0
76445,0.0
76446,0.0
76447,0.0
76448,0.0
76449,0.0
76450,0.0
76451,0.0
76452,0.0
76453,0.0
76454,0.0
76455,0.0
76456,0.0
76457,0.0
76458,0.0
76459,0.0
76460,0.0
76461,0.0
76462,0.0
76463,0.0
76464,0.0
76465,0.0
76466,0.0
76467,0.0
76468,0.0
76469,0.0
76470,0.0
76471,0.0
76472,0.0
76473,0.0
76474,0.0
76475,0.0
76476,0.0
76477,0.0
76478,0.0
76479,0.0
76480,0.0
76481,0.0
76482,0.0
76483,0.0
76484,0.0
76485,0.0
76486,0.0
76487,0.0
76488,0.0
76489,0.0
76490,0.0
76491,0.0
76492,0.0
76493,0.0
76494,0.0
76495,0.0
76496,0.0
76497,0.0
76498,0.0
76499,0.0
76500,0.0
76501,0.0
76502,0.0
76503,0.0
76504,0.0
76505,0.0
76506,0.0
76507,0.0
76508,0.0
76509,0.0
76510,0.0
76511,0.0
76512,0.0
76513,0.0
76514,0.0
76515,0.0
76516,0.0
76517,0.0
76518,0.0
76519,0.0
76520,0.0
76521,0.0
76522,0.0
76523,0.0
76524,0.0
76525,0.0
76526,0.0
76527,0.0
76528,0.0
76529,0.0
76530,0.0
76531,0.0
76532,0.0
76533,0.0
76534,0.0
76535,0.0
76536,0.0
76537,0.0
76538,0.0
76539,0.0
76540,0.0
76541,0.0
76542,0.0
76543,0.0
76544,0.0
76545,0.0
76546,0.0
76547,0.0
76548,0.0
76549,0.0
76550,0.0
76551,0.0
76552,0.0
76553,0.0
76554,0.0
76555,0.0
76556,0.0
76557,0.0
76558,0.0
76559,0.0
76560,0.0
76561,0.0
76562,0.0
76563,0.0
76564,0.0
76565,0.0
76566,0.0
76567,0.0
76568,0.0
76569,0.0
76570,0.0
76571,0.0
76572,0.0
76573,0.0
76574,0.0
76575,0.0
76576,0.0
76577,0.0
76578,0.0
76579,0.0
76580,0.0
76581,0.0
76582,0.0
76583,0.0
76584,0.0
76585,0.0
76586,0.0
76587,0.0
76588,0.0
76589,0.0
76590,0.0
76591,0.0
76592,0.0
76593,0.0
76594,0.0
76595,0.0
76596,0.0
76597,0.0
76598,0.0
76599,0.0
76600,0.0
76601,0.0
76602,0.0
76603,0.0
76604,0.0
76605,0.0
76606,0.0
76607,0.0
76608,0.0
76609,0.0
76610,0.0
76611,0.0
76612,0.0
76613,0.0
76614,0.0
76615,0.0
76616,0.0
76617,0.0
76618,0.0
76619,0.0
76620,0.0
76621,0.0
76622,0.0
76623,0.0
76624,0.0
76625,0.0
76626,0.0
76627,0.0
76628,0.0
76629,0.0
76630,0.0
76631,0.0
76632,0.0
76633,0.0
76634,0.0
76635,0.0
76636,0.0
76637,0.0
76638,0.0
76639,0.0
76640,0.0
76641,0.0
76642,0.0
76643,0.0
76644,0.0
76645,0.0
76646,0.0
76647,0.0
76648,0.0
76649,0.0
76650,0.0
76651,0.0
76652,0.0
76653,0.0
76654,0.0
76655,0.0
76656,0.0
76657,0.0
76658,0.0
76659,0.0
76660,0.0
76661,0.0
76662,0.0
76663,0.0
76664,0.0
76665,0.0
76666,0.0
76667,0.0
76668,0.0
76669,0.0
76670,0.0
76671,0.0
76672,0.0
76673,0.0
76674,0.0
76675,0.0
76676,0.0
76677,0.0
76678,0.0
76679,0.0
76680,0.0
76681,0.0
76682,0.0
76683,0.0
76684,0.0
76685,0.0
76686,0.0
76687,0.0
76688,0.0
76689,0.0
76690,0.0
76691,0.0
76692,0.0
76693,0.0
76694,0.0
76695,0.0
76696,0.0
76697,0.0
76698,0.0
76699,0.0
76700,0.0
76701,0.0
76702,0.0
76703,0.0
76704,0.0
76705,0.0
76706,0.0
76707,0.0
76708,0.0
76709,0.0
76710,0.0
76711,0.0
76712,0.0
76713,0.0
76714,0.0
76715,0.0
76716,0.0
76717,0.0
76718,0.0
76719,0.0
76720,0.0
76721,0.0
76722,0.0
76723,0.0
76724,0.0
76725,0.0
76726,0.0
76727,0.0
76728,0.0
76729,0.0
76730,0.0
76731,0.0
76732,0.0
76733,0.0
76734,0.0
76735,0.0
76736,0.0
76737,0.0
76738,0.0
76739,0.0
76740,0.0
76741,0.0
76742,0.0
76743,0.0
76744,0.0
76745,0.0
76746,0.0
76747,0.0
76748,0.0
76749,0.0
76750,0.0
76751,0.0
76752,0.0
76753,0.0
76754,0.0
76755,0.0
76756,0.0
76757,0.0
76758,0.0
76759,0.0
76760,0.0
76761,0.0
76762,0.0
76763,0.0
76764,0.0
76765,0.0
76766,0.0
76767,0.0
76768,0.0
76769,0.0
76770,0.0
76771,0.0
76772,0.0
76773,0.0
76774,0.0
76775,0.0
76776,0.0
76777,0.0
76778,0.0
76779,0.0
76780,0.0
76781,0.0
76782,0.0
76783,0.0
76784,0.0
76785,0.0
76786,0.0
76787,0.0
76788,0.0
76789,0.0
76790,0.0
76791,0.0
76792,0.0
76793,0.0
76794,0.0
76795,0.0
76796,0.0
76797,0.0
76798,0.0
76799,0.0
76800,0.0
76801,0.0
76802,0.0
76803,0.0
76804,0.0
76805,0.0
76806,0.0
76807,0.0
76808,0.0
76809,0.0
76810,0.0
76811,0.0
76812,0.0
76813,0.0
76814,0.0
76815,0.0
76816,0.0
76817,0.0
76818,0.0
76819,0.0
76820,0.0
76821,0.0
76822,0.0
76823,0.0
76824,0.0
76825,0.0
76826,0.0
76827,0.0
76828,0.0
76829,0.0
76830,0.0
76831,0.0
76832,0.0
76833,0.0
76834,0.0
76835,0.0
76836,0.0
76837,0.0
76838,0.0
76839,0.0
76840,0.0
76841,0.0
76842,0.0
76843,0.0
76844,0.0
76845,0.0
76846,0.0
76847,0.0
76848,0.0
76849,0.0
76850,0.0
76851,0.0
76852,0.0
76853,0.0
76854,0.0
76855,0.0
76856,0.0
76857,0.0
76858,0.0
76859,0.0
76860,0.0
76861,0.0
76862,0.0
76863,0.0
76864,0.0
76865,0.0
76866,0.0
76867,0.0
76868,0.0
76869,0.0
76870,0.0
76871,0.0
76872,0.0
76873,0.0
76874,0.0
76875,0.0
76876,0.0
76877,0.0
76878,0.0
76879,0.0
76880,0.0
76881,0.0
76882,0.0
76883,0.0
76884,0.0
76885,0.0
76886,0.0
76887,0.0
76888,0.0
76889,0.0
76890,0.0
76891,0.0
76892,0.0
76893,0.0
76894,0.0
76895,0.0
76896,0.0
76897,0.0
76898,0.0
76899,0.0
76900,0.0
76901,0.0
76902,0.0
76903,0.0
76904,0.0
76905,0.0
76906,0.0
76907,0.0
76908,0.0
76909,0.0
76910,0.0
76911,0.0
76912,0.0
76913,0.0
76914,0.0
76915,0.0
76916,0.0
76917,0.0
76918,0.0
76919,0.0
76920,0.0
76921,0.0
76922,0.0
76923,0.0
76924,0.0
76925,0.0
76926,0.0
76927,0.0
76928,0.0
76929,0.0
76930,0.0
76931,0.0
76932,0.0
76933,0.0
76934,0.0
76935,0.0
76936,0.0
76937,0.0
76938,0.0
76939,0.0
76940,0.0
76941,0.0
76942,0.0
76943,0.0
76944,0.0
76945,0.0
76946,0.0
76947,0.0
76948,0.0
76949,0.0
76950,0.0
76951,0.0
76952,0.0
76953,0.0
76954,0.0
76955,0.0
76956,0.0
76957,0.0
76958,0.0
76959,0.0
76960,0.0
76961,0.0
76962,0.0
76963,0.0
76964,0.0
76965,0.0
76966,0.0
76967,0.0
76968,0.0
76969,0.0
76970,0.0
76971,0.0
76972,0.0
76973,0.0
76974,0.0
76975,0.0
76976,0.0
76977,0.0
76978,0.0
76979,0.0
76980,0.0
76981,0.0
76982,0.0
76983,0.0
76984,0.0
76985,0.0
76986,0.0
76987,0.0
76988,0.0
76989,0.0
76990,0.0
76991,0.0
76992,0.0
76993,0.0
76994,0.0
76995,0.0
76996,0.0
76997,0.0
76998,0.0
76999,0.0
77000,0.0
77001,0.0
77002,0.0
77003,0.0
77004,0.0
77005,0.0
77006,0.0
77007,0.0
77008,0.0
77009,0.0
77010,0.0
77011,0.0
77012,0.0
77013,0.0
77014,0.0
77015,0.0
77016,0.0
77017,0.0
77018,0.0
77019,0.0
77020,0.0
77021,0.0
77022,0.0
77023,0.0
77024,0.0
77025,0.0
77026,0.0
77027,0.0
77028,0.0
77029,0.0
77030,0.0
77031,0.0
77032,0.0
77033,0.0
77034,0.0
77035,0.0
77036,0.0
77037,0.0
77038,0.0
77039,0.0
77040,0.0
77041,0.0
77042,0.0
77043,0.0
77044,0.0
77045,0.0
77046,0.0
77047,0.0
77048,0.0
77049,0.0
77050,0.0
77051,0.0
77052,0.0
77053,0.0
77054,0.0
77055,0.0
77056,0.0
77057,0.0
77058,0.0
77059,0.0
77060,0.0
77061,0.0
77062,0.0
77063,0.0
77064,0.0
77065,0.0
77066,0.0
77067,0.0
77068,0.0
77069,0.0
77070,0.0
77071,0.0
77072,0.0
77073,0.0
77074,0.0
77075,0.0
77076,0.0
77077,0.0
77078,0.0
77079,0.0
77080,0.0
77081,0.0
77082,0.0
77083,0.0
77084,0.0
77085,0.0
77086,0.0
77087,0.0
77088,0.0
77089,0.0
77090,0.0
77091,0.0
77092,0.0
77093,0.0
77094,0.0
77095,0.0
77096,0.0
77097,0.0
77098,0.0
77099,0.0
77100,0.0
77101,0.0
77102,0.0
77103,0.0
77104,0.0
77105,0.0
77106,0.0
77107,0.0
77108,0.0
77109,0.0
77110,0.0
77111,0.0
77112,0.0
77113,0.0
77114,0.0
77115,0.0
77116,0.0
77117,0.0
77118,0.0
77119,0.0
77120,0.0
77121,0.0
77122,0.0
77123,0.0
77124,0.0
77125,0.0
77126,0.0
77127,0.0
77128,0.0
77129,0.0
77130,0.0
77131,0.0
77132,0.0
77133,0.0
77134,0.0
77135,0.0
77136,0.0
77137,0.0
77138,0.0
77139,0.0
77140,0.0
77141,0.0
77142,0.0
77143,0.0
77144,0.0
77145,0.0
77146,0.0
77147,0.0
77148,0.0
77149,0.0
77150,0.0
77151,0.0
77152,0.0
77153,0.0
77154,0.0
77155,0.0
77156,0.0
77157,0.0
77158,0.0
77159,0.0
77160,0.0
77161,0.0
77162,0.0
77163,0.0
77164,0.0
77165,0.0
77166,0.0
77167,0.0
77168,0.0
77169,0.0
77170,0.0
77171,0.0
77172,0.0
77173,0.0
77174,0.0
77175,0.0
77176,0.0
77177,0.0
77178,0.0
77179,0.0
77180,0.0
77181,0.0
77182,0.0
77183,0.0
77184,0.0
77185,0.0
77186,0.0
77187,0.0
77188,0.0
77189,0.0
77190,0.0
77191,0.0
77192,0.0
77193,0.0
77194,0.0
77195,0.0
77196,0.0
77197,0.0
77198,0.0
77199,0.0
77200,0.0
77201,0.0
77202,0.0
77203,0.0
77204,0.0
77205,0.0
77206,0.0
77207,0.0
77208,0.0
77209,0.0
77210,0.0
77211,0.0
77212,0.0
77213,0.0
77214,0.0
77215,0.0
77216,0.0
77217,0.0
77218,0.0
77219,0.0
77220,0.0
77221,0.0
77222,0.0
77223,0.0
77224,0.0
77225,0.0
77226,0.0
77227,0.0
77228,0.0
77229,0.0
77230,0.0
77231,0.0
77232,0.0
77233,0.0
77234,0.0
77235,0.0
77236,0.0
77237,0.0
77238,0.0
77239,0.0
77240,0.0
77241,0.0
77242,0.0
77243,0.0
77244,0.0
77245,0.0
77246,0.0
77247,0.0
77248,0.0
77249,0.0
77250,0.0
77251,0.0
77252,0.0
77253,0.0
77254,0.0
77255,0.0
77256,0.0
77257,0.0
77258,0.0
77259,0.0
77260,0.0
77261,0.0
77262,0.0
77263,0.0
77264,0.0
77265,0.0
77266,0.0
77267,0.0
77268,0.0
77269,0.0
77270,0.0
77271,0.0
77272,0.0
77273,0.0
77274,0.0
77275,0.0
77276,0.0
77277,0.0
77278,0.0
77279,0.0
77280,0.0
77281,0.0
77282,0.0
77283,0.0
77284,0.0
77285,0.0
77286,0.0
77287,0.0
77288,0.0
77289,0.0
77290,0.0
77291,0.0
77292,0.0
77293,0.0
77294,0.0
77295,0.0
77296,0.0
77297,0.0
77298,0.0
77299,0.0
77300,0.0
77301,0.0
77302,0.0
77303,0.0
77304,0.0
77305,0.0
77306,0.0
77307,0.0
77308,0.0
77309,0.0
77310,0.0
77311,0.0
77312,0.0
77313,0.0
77314,0.0
77315,0.0
77316,0.0
77317,0.0
77318,0.0
77319,0.0
77320,0.0
77321,0.0
77322,0.0
77323,0.0
77324,0.0
77325,0.0
77326,0.0
77327,0.0
77328,0.0
77329,0.0
77330,0.0
77331,0.0
77332,0.0
77333,0.0
77334,0.0
77335,0.0
77336,0.0
77337,0.0
77338,0.0
77339,0.0
77340,0.0
77341,0.0
77342,0.0
77343,0.0
77344,0.0
77345,0.0
77346,0.0
77347,0.0
77348,0.0
77349,0.0
77350,0.0
77351,0.0
77352,0.0
77353,0.0
77354,0.0
77355,0.0
77356,0.0
77357,0.0
77358,0.0
77359,0.0
77360,0.0
77361,0.0
77362,0.0
77363,0.0
77364,0.0
77365,0.0
77366,0.0
77367,0.0
77368,0.0
77369,0.0
77370,0.0
77371,0.0
77372,0.0
77373,0.0
77374,0.0
77375,0.0
77376,0.0
77377,0.0
77378,0.0
77379,0.0
77380,0.0
77381,0.0
77382,0.0
77383,0.0
77384,0.0
77385,0.0
77386,0.0
77387,0.0
77388,0.0
77389,0.0
77390,0.0
77391,0.0
77392,0.0
77393,0.0
77394,0.0
77395,0.0
77396,0.0
77397,0.0
77398,0.0
77399,0.0
77400,0.0
77401,0.0
77402,0.0
77403,0.0
77404,0.0
77405,0.0
77406,0.0
77407,0.0
77408,0.0
77409,0.0
77410,0.0
77411,0.0
77412,0.0
77413,0.0
77414,0.0
77415,0.0
77416,0.0
77417,0.0
77418,0.0
77419,0.0
77420,0.0
77421,0.0
77422,0.0
77423,0.0
77424,0.0
77425,0.0
77426,0.0
77427,0.0
77428,0.0
77429,0.0
77430,0.0
77431,0.0
77432,0.0
77433,0.0
77434,0.0
77435,0.0
77436,0.0
77437,0.0
77438,0.0
77439,0.0
77440,0.0
77441,0.0
77442,0.0
77443,0.0
77444,0.0
77445,0.0
77446,0.0
77447,0.0
77448,0.0
77449,0.0
77450,0.0
77451,0.0
77452,0.0
77453,0.0
77454,0.0
77455,0.0
77456,0.0
77457,0.0
77458,0.0
77459,0.0
77460,0.0
77461,0.0
77462,0.0
77463,0.0
77464,0.0
77465,0.0
77466,0.0
77467,0.0
77468,0.0
77469,0.0
77470,0.0
77471,0.0
77472,0.0
77473,0.0
77474,0.0
77475,0.0
77476,0.0
77477,0.0
77478,0.0
77479,0.0
77480,0.0
77481,0.0
77482,0.0
77483,0.0
77484,0.0
77485,0.0
77486,0.0
77487,0.0
77488,0.0
77489,0.0
77490,0.0
77491,0.0
77492,0.0
77493,0.0
77494,0.0
77495,0.0
77496,0.0
77497,0.0
77498,0.0
77499,0.0
77500,0.0
77501,0.0
77502,0.0
77503,0.0
77504,0.0
77505,0.0
77506,0.0
77507,0.0
77508,0.0
77509,0.0
77510,0.0
77511,0.0
77512,0.0
77513,0.0
77514,0.0
77515,0.0
77516,0.0
77517,0.0
77518,0.0
77519,0.0
77520,0.0
77521,0.0
77522,0.0
77523,0.0
77524,0.0
77525,0.0
77526,0.0
77527,0.0
77528,0.0
77529,0.0
77530,0.0
77531,0.0
77532,0.0
77533,0.0
77534,0.0
77535,0.0
77536,0.0
77537,0.0
77538,0.0
77539,0.0
77540,0.0
77541,0.0
77542,0.0
77543,0.0
77544,0.0
77545,0.0
77546,0.0
77547,0.0
77548,0.0
77549,0.0
77550,0.0
77551,0.0
77552,0.0
77553,0.0
77554,0.0
77555,0.0
77556,0.0
77557,0.0
77558,0.0
77559,0.0
77560,0.0
77561,0.0
77562,0.0
77563,0.0
77564,0.0
77565,0.0
77566,0.0
77567,0.0
77568,0.0
77569,0.0
77570,0.0
77571,0.0
77572,0.0
77573,0.0
77574,0.0
77575,0.0
77576,0.0
77577,0.0
77578,0.0
77579,0.0
77580,0.0
77581,0.0
77582,0.0
77583,0.0
77584,0.0
77585,0.0
77586,0.0
77587,0.0
77588,0.0
77589,0.0
77590,0.0
77591,0.0
77592,0.0
77593,0.0
77594,0.0
77595,0.0
77596,0.0
77597,0.0
77598,0.0
77599,0.0
77600,0.0
77601,0.0
77602,0.0
77603,0.0
77604,0.0
77605,0.0
77606,0.0
77607,0.0
77608,0.0
77609,0.0
77610,0.0
77611,0.0
77612,0.0
77613,0.0
77614,0.0
77615,0.0
77616,0.0
77617,0.0
77618,0.0
77619,0.0
77620,0.0
77621,0.0
77622,0.0
77623,0.0
77624,0.0
77625,0.0
77626,0.0
77627,0.0
77628,0.0
77629,0.0
77630,0.0
77631,0.0
77632,0.0
77633,0.0
77634,0.0
77635,0.0
77636,0.0
77637,0.0
77638,0.0
77639,0.0
77640,0.0
77641,0.0
77642,0.0
77643,0.0
77644,0.0
77645,0.0
77646,0.0
77647,0.0
77648,0.0
77649,0.0
77650,0.0
77651,0.0
77652,0.0
77653,0.0
77654,0.0
77655,0.0
77656,0.0
77657,0.0
77658,0.0
77659,0.0
77660,0.0
77661,0.0
77662,0.0
77663,0.0
77664,0.0
77665,0.0
77666,0.0
77667,0.0
77668,0.0
77669,0.0
77670,0.0
77671,0.0
77672,0.0
77673,0.0
77674,0.0
77675,0.0
77676,0.0
77677,0.0
77678,0.0
77679,0.0
77680,0.0
77681,0.0
77682,0.0
77683,0.0
77684,0.0
77685,0.0
77686,0.0
77687,0.0
77688,0.0
77689,0.0
77690,0.0
77691,0.0
77692,0.0
77693,0.0
77694,0.0
77695,0.0
77696,0.0
77697,0.0
77698,0.0
77699,0.0
77700,0.0
77701,0.0
77702,0.0
77703,0.0
77704,0.0
77705,0.0
77706,0.0
77707,0.0
77708,0.0
77709,0.0
77710,0.0
77711,0.0
77712,0.0
77713,0.0
77714,0.0
77715,0.0
77716,0.0
77717,0.0
77718,0.0
77719,0.0
77720,0.0
77721,0.0
77722,0.0
77723,0.0
77724,0.0
77725,0.0
77726,0.0
77727,0.0
77728,0.0
77729,0.0
77730,0.0
77731,0.0
77732,0.0
77733,0.0
77734,0.0
77735,0.0
77736,0.0
77737,0.0
77738,0.0
77739,0.0
77740,0.0
77741,0.0
77742,0.0
77743,0.0
77744,0.0
77745,0.0
77746,0.0
77747,0.0
77748,0.0
77749,0.0
77750,0.0
77751,0.0
77752,0.0
77753,0.0
77754,0.0
77755,0.0
77756,0.0
77757,0.0
77758,0.0
77759,0.0
77760,0.0
77761,0.0
77762,0.0
77763,0.0
77764,0.0
77765,0.0
77766,0.0
77767,0.0
77768,0.0
77769,0.0
77770,0.0
77771,0.0
77772,0.0
77773,0.0
77774,0.0
77775,0.0
77776,0.0
77777,0.0
77778,0.0
77779,0.0
77780,0.0
77781,0.0
77782,0.0
77783,0.0
77784,0.0
77785,0.0
77786,0.0
77787,0.0
77788,0.0
77789,0.0
77790,0.0
77791,0.0
77792,0.0
77793,0.0
77794,0.0
77795,0.0
77796,0.0
77797,0.0
77798,0.0
77799,0.0
77800,0.0
77801,0.0
77802,0.0
77803,0.0
77804,0.0
77805,0.0
77806,0.0
77807,0.0
77808,0.0
77809,0.0
77810,0.0
77811,0.0
77812,0.0
77813,0.0
77814,0.0
77815,0.0
77816,0.0
77817,0.0
77818,0.0
77819,0.0
77820,0.0
77821,0.0
77822,0.0
77823,0.0
77824,0.0
77825,0.0
77826,0.0
77827,0.0
77828,0.0
77829,0.0
77830,0.0
77831,0.0
77832,0.0
77833,0.0
77834,0.0
77835,0.0
77836,0.0
77837,0.0
77838,0.0
77839,0.0
77840,0.0
77841,0.0
77842,0.0
77843,0.0
77844,0.0
77845,0.0
77846,0.0
77847,0.0
77848,0.0
77849,0.0
77850,0.0
77851,0.0
77852,0.0
77853,0.0
77854,0.0
77855,0.0
77856,0.0
77857,0.0
77858,0.0
77859,0.0
77860,0.0
77861,0.0
77862,0.0
77863,0.0
77864,0.0
77865,0.0
77866,0.0
77867,0.0
77868,0.0
77869,0.0
77870,0.0
77871,0.0
77872,0.0
77873,0.0
77874,0.0
77875,0.0
77876,0.0
77877,0.0
77878,0.0
77879,0.0
77880,0.0
77881,0.0
77882,0.0
77883,0.0
77884,0.0
77885,0.0
77886,0.0
77887,0.0
77888,0.0
77889,0.0
77890,0.0
77891,0.0
77892,0.0
77893,0.0
77894,0.0
77895,0.0
77896,0.0
77897,0.0
77898,0.0
77899,0.0
77900,0.0
77901,0.0
77902,0.0
77903,0.0
77904,0.0
77905,0.0
77906,0.0
77907,0.0
77908,0.0
77909,0.0
77910,0.0
77911,0.0
77912,0.0
77913,0.0
77914,0.0
77915,0.0
77916,0.0
77917,0.0
77918,0.0
77919,0.0
77920,0.0
77921,0.0
77922,0.0
77923,0.0
77924,0.0
77925,0.0
77926,0.0
77927,0.0
77928,0.0
77929,0.0
77930,0.0
77931,0.0
77932,0.0
77933,0.0
77934,0.0
77935,0.0
77936,0.0
77937,0.0
77938,0.0
77939,0.0
77940,0.0
77941,0.0
77942,0.0
77943,0.0
77944,0.0
77945,0.0
77946,0.0
77947,0.0
77948,0.0
77949,0.0
77950,0.0
77951,0.0
77952,0.0
77953,0.0
77954,0.0
77955,0.0
77956,0.0
77957,0.0
77958,0.0
77959,0.0
77960,0.0
77961,0.0
77962,0.0
77963,0.0
77964,0.0
77965,0.0
77966,0.0
77967,0.0
77968,0.0
77969,0.0
77970,0.0
77971,0.0
77972,0.0
77973,0.0
77974,0.0
77975,0.0
77976,0.0
77977,0.0
77978,0.0
77979,0.0
77980,0.0
77981,0.0
77982,0.0
77983,0.0
77984,0.0
77985,0.0
77986,0.0
77987,0.0
77988,0.0
77989,0.0
77990,0.0
77991,0.0
77992,0.0
77993,0.0
77994,0.0
77995,0.0
77996,0.0
77997,0.0
77998,0.0
77999,0.0
78000,0.0
78001,0.0
78002,0.0
78003,0.0
78004,0.0
78005,0.0
78006,0.0
78007,0.0
78008,0.0
78009,0.0
78010,0.0
78011,0.0
78012,0.0
78013,0.0
78014,0.0
78015,0.0
78016,0.0
78017,0.0
78018,0.0
78019,0.0
78020,0.0
78021,0.0
78022,0.0
78023,0.0
78024,0.0
78025,0.0
78026,0.0
78027,0.0
78028,0.0
78029,0.0
78030,0.0
78031,0.0
78032,0.0
78033,0.0
78034,0.0
78035,0.0
78036,0.0
78037,0.0
78038,0.0
78039,0.0
78040,0.0
78041,0.0
78042,0.0
78043,0.0
78044,0.0
78045,0.0
78046,0.0
78047,0.0
78048,0.0
78049,0.0
78050,0.0
78051,0.0
78052,0.0
78053,0.0
78054,0.0
78055,0.0
78056,0.0
78057,0.0
78058,0.0
78059,0.0
78060,0.0
78061,0.0
78062,0.0
78063,0.0
78064,0.0
78065,0.0
78066,0.0
78067,0.0
78068,0.0
78069,0.0
78070,0.0
78071,0.0
78072,0.0
78073,0.0
78074,0.0
78075,0.0
78076,0.0
78077,0.0
78078,0.0
78079,0.0
78080,0.0
78081,0.0
78082,0.0
78083,0.0
78084,0.0
78085,0.0
78086,0.0
78087,0.0
78088,0.0
78089,0.0
78090,0.0
78091,0.0
78092,0.0
78093,0.0
78094,0.0
78095,0.0
78096,0.0
78097,0.0
78098,0.0
78099,0.0
78100,0.0
78101,0.0
78102,0.0
78103,0.0
78104,0.0
78105,0.0
78106,0.0
78107,0.0
78108,0.0
78109,0.0
78110,0.0
78111,0.0
78112,0.0
78113,0.0
78114,0.0
78115,0.0
78116,0.0
78117,0.0
78118,0.0
78119,0.0
78120,0.0
78121,0.0
78122,0.0
78123,0.0
78124,0.0
78125,0.0
78126,0.0
78127,0.0
78128,0.0
78129,0.0
78130,0.0
78131,0.0
78132,0.0
78133,0.0
78134,0.0
78135,0.0
78136,0.0
78137,0.0
78138,0.0
78139,0.0
78140,0.0
78141,0.0
78142,0.0
78143,0.0
78144,0.0
78145,0.0
78146,0.0
78147,0.0
78148,0.0
78149,0.0
78150,0.0
78151,0.0
78152,0.0
78153,0.0
78154,0.0
78155,0.0
78156,0.0
78157,0.0
78158,0.0
78159,0.0
78160,0.0
78161,0.0
78162,0.0
78163,0.0
78164,0.0
78165,0.0
78166,0.0
78167,0.0
78168,0.0
78169,0.0
78170,0.0
78171,0.0
78172,0.0
78173,0.0
78174,0.0
78175,0.0
78176,0.0
78177,0.0
78178,0.0
78179,0.0
78180,0.0
78181,0.0
78182,0.0
78183,0.0
78184,0.0
78185,0.0
78186,0.0
78187,0.0
78188,0.0
78189,0.0
78190,0.0
78191,0.0
78192,0.0
78193,0.0
78194,0.0
78195,0.0
78196,0.0
78197,0.0
78198,0.0
78199,0.0
78200,0.0
78201,0.0
78202,0.0
78203,0.0
78204,0.0
78205,0.0
78206,0.0
78207,0.0
78208,0.0
78209,0.0
78210,0.0
78211,0.0
78212,0.0
78213,0.0
78214,0.0
78215,0.0
78216,0.0
78217,0.0
78218,0.0
78219,0.0
78220,0.0
78221,0.0
78222,0.0
78223,0.0
78224,0.0
78225,0.0
78226,0.0
78227,0.0
78228,0.0
78229,0.0
78230,0.0
78231,0.0
78232,0.0
78233,0.0
78234,0.0
78235,0.0
78236,0.0
78237,0.0
78238,0.0
78239,0.0
78240,0.0
78241,0.0
78242,0.0
78243,0.0
78244,0.0
78245,0.0
78246,0.0
78247,0.0
78248,0.0
78249,0.0
78250,0.0
78251,0.0
78252,0.0
78253,0.0
78254,0.0
78255,0.0
78256,0.0
78257,0.0
78258,0.0
78259,0.0
78260,0.0
78261,0.0
78262,0.0
78263,0.0
78264,0.0
78265,0.0
78266,0.0
78267,0.0
78268,0.0
78269,0.0
78270,0.0
78271,0.0
78272,0.0
78273,0.0
78274,0.0
78275,0.0
78276,0.0
78277,0.0
78278,0.0
78279,0.0
78280,0.0
78281,0.0
78282,0.0
78283,0.0
78284,0.0
78285,0.0
78286,0.0
78287,0.0
78288,0.0
78289,0.0
78290,0.0
78291,0.0
78292,0.0
78293,0.0
78294,0.0
78295,0.0
78296,0.0
78297,0.0
78298,0.0
78299,0.0
78300,0.0
78301,0.0
78302,0.0
78303,0.0
78304,0.0
78305,0.0
78306,0.0
78307,0.0
78308,0.0
78309,0.0
78310,0.0
78311,0.0
78312,0.0
78313,0.0
78314,0.0
78315,0.0
78316,0.0
78317,0.0
78318,0.0
78319,0.0
78320,0.0
78321,0.0
78322,0.0
78323,0.0
78324,0.0
78325,0.0
78326,0.0
78327,0.0
78328,0.0
78329,0.0
78330,0.0
78331,0.0
78332,0.0
78333,0.0
78334,0.0
78335,0.0
78336,0.0
78337,0.0
78338,0.0
78339,0.0
78340,0.0
78341,0.0
78342,0.0
78343,0.0
78344,0.0
78345,0.0
78346,0.0
78347,0.0
78348,0.0
78349,0.0
78350,0.0
78351,0.0
78352,0.0
78353,0.0
78354,0.0
78355,0.0
78356,0.0
78357,0.0
78358,0.0
78359,0.0
78360,0.0
78361,0.0
78362,0.0
78363,0.0
78364,0.0
78365,0.0
78366,0.0
78367,0.0
78368,0.0
78369,0.0
78370,0.0
78371,0.0
78372,0.0
78373,0.0
78374,0.0
78375,0.0
78376,0.0
78377,0.0
78378,0.0
78379,0.0
78380,0.0
78381,0.0
78382,0.0
78383,0.0
78384,0.0
78385,0.0
78386,0.0
78387,0.0
78388,0.0
78389,0.0
78390,0.0
78391,0.0
78392,0.0
78393,0.0
78394,0.0
78395,0.0
78396,0.0
78397,0.0
78398,0.0
78399,0.0
78400,0.0
78401,0.0
78402,0.0
78403,0.0
78404,0.0
78405,0.0
78406,0.0
78407,0.0
78408,0.0
78409,0.0
78410,0.0
78411,0.0
78412,0.0
78413,0.0
78414,0.0
78415,0.0
78416,0.0
78417,0.0
78418,0.0
78419,0.0
78420,0.0
78421,0.0
78422,0.0
78423,0.0
78424,0.0
78425,0.0
78426,0.0
78427,0.0
78428,0.0
78429,0.0
78430,0.0
78431,0.0
78432,0.0
78433,0.0
78434,0.0
78435,0.0
78436,0.0
78437,0.0
78438,0.0
78439,0.0
78440,0.0
78441,0.0
78442,0.0
78443,0.0
78444,0.0
78445,0.0
78446,0.0
78447,0.0
78448,0.0
78449,0.0
78450,0.0
78451,0.0
78452,0.0
78453,0.0
78454,0.0
78455,0.0
78456,0.0
78457,0.0
78458,0.0
78459,0.0
78460,0.0
78461,0.0
78462,0.0
78463,0.0
78464,0.0
78465,0.0
78466,0.0
78467,0.0
78468,0.0
78469,0.0
78470,0.0
78471,0.0
78472,0.0
78473,0.0
78474,0.0
78475,0.0
78476,0.0
78477,0.0
78478,0.0
78479,0.0
78480,0.0
78481,0.0
78482,0.0
78483,0.0
78484,0.0
78485,0.0
78486,0.0
78487,0.0
78488,0.0
78489,0.0
78490,0.0
78491,0.0
78492,0.0
78493,0.0
78494,0.0
78495,0.0
78496,0.0
78497,0.0
78498,0.0
78499,0.0
78500,0.0
78501,0.0
78502,0.0
78503,0.0
78504,0.0
78505,0.0
78506,0.0
78507,0.0
78508,0.0
78509,0.0
78510,0.0
78511,0.0
78512,0.0
78513,0.0
78514,0.0
78515,0.0
78516,0.0
78517,0.0
78518,0.0
78519,0.0
78520,0.0
78521,0.0
78522,0.0
78523,0.0
78524,0.0
78525,0.0
78526,0.0
78527,0.0
78528,0.0
78529,0.0
78530,0.0
78531,0.0
78532,0.0
78533,0.0
78534,0.0
78535,0.0
78536,0.0
78537,0.0
78538,0.0
78539,0.0
78540,0.0
78541,0.0
78542,0.0
78543,0.0
78544,0.0
78545,0.0
78546,0.0
78547,0.0
78548,0.0
78549,0.0
78550,0.0
78551,0.0
78552,0.0
78553,0.0
78554,0.0
78555,0.0
78556,0.0
78557,0.0
78558,0.0
78559,0.0
78560,0.0
78561,0.0
78562,0.0
78563,0.0
78564,0.0
78565,0.0
78566,0.0
78567,0.0
78568,0.0
78569,0.0
78570,0.0
78571,0.0
78572,0.0
78573,0.0
78574,0.0
78575,0.0
78576,0.0
78577,0.0
78578,0.0
78579,0.0
78580,0.0
78581,0.0
78582,0.0
78583,0.0
78584,0.0
78585,0.0
78586,0.0
78587,0.0
78588,0.0
78589,0.0
78590,0.0
78591,0.0
78592,0.0
78593,0.0
78594,0.0
78595,0.0
78596,0.0
78597,0.0
78598,0.0
78599,0.0
78600,0.0
78601,0.0
78602,0.0
78603,0.0
78604,0.0
78605,0.0
78606,0.0
78607,0.0
78608,0.0
78609,0.0
78610,0.0
78611,0.0
78612,0.0
78613,0.0
78614,0.0
78615,0.0
78616,0.0
78617,0.0
78618,0.0
78619,0.0
78620,0.0
78621,0.0
78622,0.0
78623,0.0
78624,0.0
78625,0.0
78626,0.0
78627,0.0
78628,0.0
78629,0.0
78630,0.0
78631,0.0
78632,0.0
78633,0.0
78634,0.0
78635,0.0
78636,0.0
78637,0.0
78638,0.0
78639,0.0
78640,0.0
78641,0.0
78642,0.0
78643,0.0
78644,0.0
78645,0.0
78646,0.0
78647,0.0
78648,0.0
78649,0.0
78650,0.0
78651,0.0
78652,0.0
78653,0.0
78654,0.0
78655,0.0
78656,0.0
78657,0.0
78658,0.0
78659,0.0
78660,0.0
78661,0.0
78662,0.0
78663,0.0
78664,0.0
78665,0.0
78666,0.0
78667,0.0
78668,0.0
78669,0.0
78670,0.0
78671,0.0
78672,0.0
78673,0.0
78674,0.0
78675,0.0
78676,0.0
78677,0.0
78678,0.0
78679,0.0
78680,0.0
78681,0.0
78682,0.0
78683,0.0
78684,0.0
78685,0.0
78686,0.0
78687,0.0
78688,0.0
78689,0.0
78690,0.0
78691,0.0
78692,0.0
78693,0.0
78694,0.0
78695,0.0
78696,0.0
78697,0.0
78698,0.0
78699,0.0
78700,0.0
78701,0.0
78702,0.0
78703,0.0
78704,0.0
78705,0.0
78706,0.0
78707,0.0
78708,0.0
78709,0.0
78710,0.0
78711,0.0
78712,0.0
78713,0.0
78714,0.0
78715,0.0
78716,0.0
78717,0.0
78718,0.0
78719,0.0
78720,0.0
78721,0.0
78722,0.0
78723,0.0
78724,0.0
78725,0.0
78726,0.0
78727,0.0
78728,0.0
78729,0.0
78730,0.0
78731,0.0
78732,0.0
78733,0.0
78734,0.0
78735,0.0
78736,0.0
78737,0.0
78738,0.0
78739,0.0
78740,0.0
78741,0.0
78742,0.0
78743,0.0
78744,0.0
78745,0.0
78746,0.0
78747,0.0
78748,0.0
78749,0.0
78750,0.0
78751,0.0
78752,0.0
78753,0.0
78754,0.0
78755,0.0
78756,0.0
78757,0.0
78758,0.0
78759,0.0
78760,0.0
78761,0.0
78762,0.0
78763,0.0
78764,0.0
78765,0.0
78766,0.0
78767,0.0
78768,0.0
78769,0.0
78770,0.0
78771,0.0
78772,0.0
78773,0.0
78774,0.0
78775,0.0
78776,0.0
78777,0.0
78778,0.0
78779,0.0
78780,0.0
78781,0.0
78782,0.0
78783,0.0
78784,0.0
78785,0.0
78786,0.0
78787,0.0
78788,0.0
78789,0.0
78790,0.0
78791,0.0
78792,0.0
78793,0.0
78794,0.0
78795,0.0
78796,0.0
78797,0.0
78798,0.0
78799,0.0
78800,0.0
78801,0.0
78802,0.0
78803,0.0
78804,0.0
78805,0.0
78806,0.0
78807,0.0
78808,0.0
78809,0.0
78810,0.0
78811,0.0
78812,0.0
78813,0.0
78814,0.0
78815,0.0
78816,0.0
78817,0.0
78818,0.0
78819,0.0
78820,0.0
78821,0.0
78822,0.0
78823,0.0
78824,0.0
78825,0.0
78826,0.0
78827,0.0
78828,0.0
78829,0.0
78830,0.0
78831,0.0
78832,0.0
78833,0.0
78834,0.0
78835,0.0
78836,0.0
78837,0.0
78838,0.0
78839,0.0
78840,0.0
78841,0.0
78842,0.0
78843,0.0
78844,0.0
78845,0.0
78846,0.0
78847,0.0
78848,0.0
78849,0.0
78850,0.0
78851,0.0
78852,0.0
78853,0.0
78854,0.0
78855,0.0
78856,0.0
78857,0.0
78858,0.0
78859,0.0
78860,0.0
78861,0.0
78862,0.0
78863,0.0
78864,0.0
78865,0.0
78866,0.0
78867,0.0
78868,0.0
78869,0.0
78870,0.0
78871,0.0
78872,0.0
78873,0.0
78874,0.0
78875,0.0
78876,0.0
78877,0.0
78878,0.0
78879,0.0
78880,0.0
78881,0.0
78882,0.0
78883,0.0
78884,0.0
78885,0.0
78886,0.0
78887,0.0
78888,0.0
78889,0.0
78890,0.0
78891,0.0
78892,0.0
78893,0.0
78894,0.0
78895,0.0
78896,0.0
78897,0.0
78898,0.0
78899,0.0
78900,0.0
78901,0.0
78902,0.0
78903,0.0
78904,0.0
78905,0.0
78906,0.0
78907,0.0
78908,0.0
78909,0.0
78910,0.0
78911,0.0
78912,0.0
78913,0.0
78914,0.0
78915,0.0
78916,0.0
78917,0.0
78918,0.0
78919,0.0
78920,0.0
78921,0.0
78922,0.0
78923,0.0
78924,0.0
78925,0.0
78926,0.0
78927,0.0
78928,0.0
78929,0.0
78930,0.0
78931,0.0
78932,0.0
78933,0.0
78934,0.0
78935,0.0
78936,0.0
78937,0.0
78938,0.0
78939,0.0
78940,0.0
78941,0.0
78942,0.0
78943,0.0
78944,0.0
78945,0.0
78946,0.0
78947,0.0
78948,0.0
78949,0.0
78950,0.0
78951,0.0
78952,0.0
78953,0.0
78954,0.0
78955,0.0
78956,0.0
78957,0.0
78958,0.0
78959,0.0
78960,0.0
78961,0.0
78962,0.0
78963,0.0
78964,0.0
78965,0.0
78966,0.0
78967,0.0
78968,0.0
78969,0.0
78970,0.0
78971,0.0
78972,0.0
78973,0.0
78974,0.0
78975,0.0
78976,0.0
78977,0.0
78978,0.0
78979,0.0
78980,0.0
78981,0.0
78982,0.0
78983,0.0
78984,0.0
78985,0.0
78986,0.0
78987,0.0
78988,0.0
78989,0.0
78990,0.0
78991,0.0
78992,0.0
78993,0.0
78994,0.0
78995,0.0
78996,0.0
78997,0.0
78998,0.0
78999,0.0
79000,0.0
79001,0.0
79002,0.0
79003,0.0
79004,0.0
79005,0.0
79006,0.0
79007,0.0
79008,0.0
79009,0.0
79010,0.0
79011,0.0
79012,0.0
79013,0.0
79014,0.0
79015,0.0
79016,0.0
79017,0.0
79018,0.0
79019,0.0
79020,0.0
79021,0.0
79022,0.0
79023,0.0
79024,0.0
79025,0.0
79026,0.0
79027,0.0
79028,0.0
79029,0.0
79030,0.0
79031,0.0
79032,0.0
79033,0.0
79034,0.0
79035,0.0
79036,0.0
79037,0.0
79038,0.0
79039,0.0
79040,0.0
79041,0.0
79042,0.0
79043,0.0
79044,0.0
79045,0.0
79046,0.0
79047,0.0
79048,0.0
79049,0.0
79050,0.0
79051,0.0
79052,0.0
79053,0.0
79054,0.0
79055,0.0
79056,0.0
79057,0.0
79058,0.0
79059,0.0
79060,0.0
79061,0.0
79062,0.0
79063,0.0
79064,0.0
79065,0.0
79066,0.0
79067,0.0
79068,0.0
79069,0.0
79070,0.0
79071,0.0
79072,0.0
79073,0.0
79074,0.0
79075,0.0
79076,0.0
79077,0.0
79078,0.0
79079,0.0
79080,0.0
79081,0.0
79082,0.0
79083,0.0
79084,0.0
79085,0.0
79086,0.0
79087,0.0
79088,0.0
79089,0.0
79090,0.0
79091,0.0
79092,0.0
79093,0.0
79094,0.0
79095,0.0
79096,0.0
79097,0.0
79098,0.0
79099,0.0
79100,0.0
79101,0.0
79102,0.0
79103,0.0
79104,0.0
79105,0.0
79106,0.0
79107,0.0
79108,0.0
79109,0.0
79110,0.0
79111,0.0
79112,0.0
79113,0.0
79114,0.0
79115,0.0
79116,0.0
79117,0.0
79118,0.0
79119,0.0
79120,0.0
79121,0.0
79122,0.0
79123,0.0
79124,0.0
79125,0.0
79126,0.0
79127,0.0
79128,0.0
79129,0.0
79130,0.0
79131,0.0
79132,0.0
79133,0.0
79134,0.0
79135,0.0
79136,0.0
79137,0.0
79138,0.0
79139,0.0
79140,0.0
79141,0.0
79142,0.0
79143,0.0
79144,0.0
79145,0.0
79146,0.0
79147,0.0
79148,0.0
79149,0.0
79150,0.0
79151,0.0
79152,0.0
79153,0.0
79154,0.0
79155,0.0
79156,0.0
79157,0.0
79158,0.0
79159,0.0
79160,0.0
79161,0.0
79162,0.0
79163,0.0
79164,0.0
79165,0.0
79166,0.0
79167,0.0
79168,0.0
79169,0.0
79170,0.0
79171,0.0
79172,0.0
79173,0.0
79174,0.0
79175,0.0
79176,0.0
79177,0.0
79178,0.0
79179,0.0
79180,0.0
79181,0.0
79182,0.0
79183,0.0
79184,0.0
79185,0.0
79186,0.0
79187,0.0
79188,0.0
79189,0.0
79190,0.0
79191,0.0
79192,0.0
79193,0.0
79194,0.0
79195,0.0
79196,0.0
79197,0.0
79198,0.0
79199,0.0
79200,0.0
79201,0.0
79202,0.0
79203,0.0
79204,0.0
79205,0.0
79206,0.0
79207,0.0
79208,0.0
79209,0.0
79210,0.0
79211,0.0
79212,0.0
79213,0.0
79214,0.0
79215,0.0
79216,0.0
79217,0.0
79218,0.0
79219,0.0
79220,0.0
79221,0.0
79222,0.0
79223,0.0
79224,0.0
79225,0.0
79226,0.0
79227,0.0
79228,0.0
79229,0.0
79230,0.0
79231,0.0
79232,0.0
79233,0.0
79234,0.0
79235,0.0
79236,0.0
79237,0.0
79238,0.0
79239,0.0
79240,0.0
79241,0.0
79242,0.0
79243,0.0
79244,0.0
79245,0.0
79246,0.0
79247,0.0
79248,0.0
79249,0.0
79250,0.0
79251,0.0
79252,0.0
79253,0.0
79254,0.0
79255,0.0
79256,0.0
79257,0.0
79258,0.0
79259,0.0
79260,0.0
79261,0.0
79262,0.0
79263,0.0
79264,0.0
79265,0.0
79266,0.0
79267,0.0
79268,0.0
79269,0.0
79270,0.0
79271,0.0
79272,0.0
79273,0.0
79274,0.0
79275,0.0
79276,0.0
79277,0.0
79278,0.0
79279,0.0
79280,0.0
79281,0.0
79282,0.0
79283,0.0
79284,0.0
79285,0.0
79286,0.0
79287,0.0
79288,0.0
79289,0.0
79290,0.0
79291,0.0
79292,0.0
79293,0.0
79294,0.0
79295,0.0
79296,0.0
79297,0.0
79298,0.0
79299,0.0
79300,0.0
79301,0.0
79302,0.0
79303,0.0
79304,0.0
79305,0.0
79306,0.0
79307,0.0
79308,0.0
79309,0.0
79310,0.0
79311,0.0
79312,0.0
79313,0.0
79314,0.0
79315,0.0
79316,0.0
79317,0.0
79318,0.0
79319,0.0
79320,0.0
79321,0.0
79322,0.0
79323,0.0
79324,0.0
79325,0.0
79326,0.0
79327,0.0
79328,0.0
79329,0.0
79330,0.0
79331,0.0
79332,0.0
79333,0.0
79334,0.0
79335,0.0
79336,0.0
79337,0.0
79338,0.0
79339,0.0
79340,0.0
79341,0.0
79342,0.0
79343,0.0
79344,0.0
79345,0.0
79346,0.0
79347,0.0
79348,0.0
79349,0.0
79350,0.0
79351,0.0
79352,0.0
79353,0.0
79354,0.0
79355,0.0
79356,0.0
79357,0.0
79358,0.0
79359,0.0
79360,0.0
79361,0.0
79362,0.0
79363,0.0
79364,0.0
79365,0.0
79366,0.0
79367,0.0
79368,0.0
79369,0.0
79370,0.0
79371,0.0
79372,0.0
79373,0.0
79374,0.0
79375,0.0
79376,0.0
79377,0.0
79378,0.0
79379,0.0
79380,0.0
79381,0.0
79382,0.0
79383,0.0
79384,0.0
79385,0.0
79386,0.0
79387,0.0
79388,0.0
79389,0.0
79390,0.0
79391,0.0
79392,0.0
79393,0.0
79394,0.0
79395,0.0
79396,0.0
79397,0.0
79398,0.0
79399,0.0
79400,0.0
79401,0.0
79402,0.0
79403,0.0
79404,0.0
79405,0.0
79406,0.0
79407,0.0
79408,0.0
79409,0.0
79410,0.0
79411,0.0
79412,0.0
79413,0.0
79414,0.0
79415,0.0
79416,0.0
79417,0.0
79418,0.0
79419,0.0
79420,0.0
79421,0.0
79422,0.0
79423,0.0
79424,0.0
79425,0.0
79426,0.0
79427,0.0
79428,0.0
79429,0.0
79430,0.0
79431,0.0
79432,0.0
79433,0.0
79434,0.0
79435,0.0
79436,0.0
79437,0.0
79438,0.0
79439,0.0
79440,0.0
79441,0.0
79442,0.0
79443,0.0
79444,0.0
79445,0.0
79446,0.0
79447,0.0
79448,0.0
79449,0.0
79450,0.0
79451,0.0
79452,0.0
79453,0.0
79454,0.0
79455,0.0
79456,0.0
79457,0.0
79458,0.0
79459,0.0
79460,0.0
79461,0.0
79462,0.0
79463,0.0
79464,0.0
79465,0.0
79466,0.0
79467,0.0
79468,0.0
79469,0.0
79470,0.0
79471,0.0
79472,0.0
79473,0.0
79474,0.0
79475,0.0
79476,0.0
79477,0.0
79478,0.0
79479,0.0
79480,0.0
79481,0.0
79482,0.0
79483,0.0
79484,0.0
79485,0.0
79486,0.0
79487,0.0
79488,0.0
79489,0.0
79490,0.0
79491,0.0
79492,0.0
79493,0.0
79494,0.0
79495,0.0
79496,0.0
79497,0.0
79498,0.0
79499,0.0
79500,0.0
79501,0.0
79502,0.0
79503,0.0
79504,0.0
79505,0.0
79506,0.0
79507,0.0
79508,0.0
79509,0.0
79510,0.0
79511,0.0
79512,0.0
79513,0.0
79514,0.0
79515,0.0
79516,0.0
79517,0.0
79518,0.0
79519,0.0
79520,0.0
79521,0.0
79522,0.0
79523,0.0
79524,0.0
79525,0.0
79526,0.0
79527,0.0
79528,0.0
79529,0.0
79530,0.0
79531,0.0
79532,0.0
79533,0.0
79534,0.0
79535,0.0
79536,0.0
79537,0.0
79538,0.0
79539,0.0
79540,0.0
79541,0.0
79542,0.0
79543,0.0
79544,0.0
79545,0.0
79546,0.0
79547,0.0
79548,0.0
79549,0.0
79550,0.0
79551,0.0
79552,0.0
79553,0.0
79554,0.0
79555,0.0
79556,0.0
79557,0.0
79558,0.0
79559,0.0
79560,0.0
79561,0.0
79562,0.0
79563,0.0
79564,0.0
79565,0.0
79566,0.0
79567,0.0
79568,0.0
79569,0.0
79570,0.0
79571,0.0
79572,0.0
79573,0.0
79574,0.0
79575,0.0
79576,0.0
79577,0.0
79578,0.0
79579,0.0
79580,0.0
79581,0.0
79582,0.0
79583,0.0
79584,0.0
79585,0.0
79586,0.0
79587,0.0
79588,0.0
79589,0.0
79590,0.0
79591,0.0
79592,0.0
79593,0.0
79594,0.0
79595,0.0
79596,0.0
79597,0.0
79598,0.0
79599,0.0
79600,0.0
79601,0.0
79602,0.0
79603,0.0
79604,0.0
79605,0.0
79606,0.0
79607,0.0
79608,0.0
79609,0.0
79610,0.0
79611,0.0
79612,0.0
79613,0.0
79614,0.0
79615,0.0
79616,0.0
79617,0.0
79618,0.0
79619,0.0
79620,0.0
79621,0.0
79622,0.0
79623,0.0
79624,0.0
79625,0.0
79626,0.0
79627,0.0
79628,0.0
79629,0.0
79630,0.0
79631,0.0
79632,0.0
79633,0.0
79634,0.0
79635,0.0
79636,0.0
79637,0.0
79638,0.0
79639,0.0
79640,0.0
79641,0.0
79642,0.0
79643,0.0
79644,0.0
79645,0.0
79646,0.0
79647,0.0
79648,0.0
79649,0.0
79650,0.0
79651,0.0
79652,0.0
79653,0.0
79654,0.0
79655,0.0
79656,0.0
79657,0.0
79658,0.0
79659,0.0
79660,0.0
79661,0.0
79662,0.0
79663,0.0
79664,0.0
79665,0.0
79666,0.0
79667,0.0
79668,0.0
79669,0.0
79670,0.0
79671,0.0
79672,0.0
79673,0.0
79674,0.0
79675,0.0
79676,0.0
79677,0.0
79678,0.0
79679,0.0
79680,0.0
79681,0.0
79682,0.0
79683,0.0
79684,0.0
79685,0.0
79686,0.0
79687,0.0
79688,0.0
79689,0.0
79690,0.0
79691,0.0
79692,0.0
79693,0.0
79694,0.0
79695,0.0
79696,0.0
79697,0.0
79698,0.0
79699,0.0
79700,0.0
79701,0.0
79702,0.0
79703,0.0
79704,0.0
79705,0.0
79706,0.0
79707,0.0
79708,0.0
79709,0.0
79710,0.0
79711,0.0
79712,0.0
79713,0.0
79714,0.0
79715,0.0
79716,0.0
79717,0.0
79718,0.0
79719,0.0
79720,0.0
79721,0.0
79722,0.0
79723,0.0
79724,0.0
79725,0.0
79726,0.0
79727,0.0
79728,0.0
79729,0.0
79730,0.0
79731,0.0
79732,0.0
79733,0.0
79734,0.0
79735,0.0
79736,0.0
79737,0.0
79738,0.0
79739,0.0
79740,0.0
79741,0.0
79742,0.0
79743,0.0
79744,0.0
79745,0.0
79746,0.0
79747,0.0
79748,0.0
79749,0.0
79750,0.0
79751,0.0
79752,0.0
79753,0.0
79754,0.0
79755,0.0
79756,0.0
79757,0.0
79758,0.0
79759,0.0
79760,0.0
79761,0.0
79762,0.0
79763,0.0
79764,0.0
79765,0.0
79766,0.0
79767,0.0
79768,0.0
79769,0.0
79770,0.0
79771,0.0
79772,0.0
79773,0.0
79774,0.0
79775,0.0
79776,0.0
79777,0.0
79778,0.0
79779,0.0
79780,0.0
79781,0.0
79782,0.0
79783,0.0
79784,0.0
79785,0.0
79786,0.0
79787,0.0
79788,0.0
79789,0.0
79790,0.0
79791,0.0
79792,0.0
79793,0.0
79794,0.0
79795,0.0
79796,0.0
79797,0.0
79798,0.0
79799,0.0
79800,0.0
79801,0.0
79802,0.0
79803,0.0
79804,0.0
79805,0.0
79806,0.0
79807,0.0
79808,0.0
79809,0.0
79810,0.0
79811,0.0
79812,0.0
79813,0.0
79814,0.0
79815,0.0
79816,0.0
79817,0.0
79818,0.0
79819,0.0
79820,0.0
79821,0.0
79822,0.0
79823,0.0
79824,0.0
79825,0.0
79826,0.0
79827,0.0
79828,0.0
79829,0.0
79830,0.0
79831,0.0
79832,0.0
79833,0.0
79834,0.0
79835,0.0
79836,0.0
79837,0.0
79838,0.0
79839,0.0
79840,0.0
79841,0.0
79842,0.0
79843,0.0
79844,0.0
79845,0.0
79846,0.0
79847,0.0
79848,0.0
79849,0.0
79850,0.0
79851,0.0
79852,0.0
79853,0.0
79854,0.0
79855,0.0
79856,0.0
79857,0.0
79858,0.0
79859,0.0
79860,0.0
79861,0.0
79862,0.0
79863,0.0
79864,0.0
79865,0.0
79866,0.0
79867,0.0
79868,0.0
79869,0.0
79870,0.0
79871,0.0
79872,0.0
79873,0.0
79874,0.0
79875,0.0
79876,0.0
79877,0.0
79878,0.0
79879,0.0
79880,0.0
79881,0.0
79882,0.0
79883,0.0
79884,0.0
79885,0.0
79886,0.0
79887,0.0
79888,0.0
79889,0.0
79890,0.0
79891,0.0
79892,0.0
79893,0.0
79894,0.0
79895,0.0
79896,0.0
79897,0.0
79898,0.0
79899,0.0
79900,0.0
79901,0.0
79902,0.0
79903,0.0
79904,0.0
79905,0.0
79906,0.0
79907,0.0
79908,0.0
79909,0.0
79910,0.0
79911,0.0
79912,0.0
79913,0.0
79914,0.0
79915,0.0
79916,0.0
79917,0.0
79918,0.0
79919,0.0
79920,0.0
79921,0.0
79922,0.0
79923,0.0
79924,0.0
79925,0.0
79926,0.0
79927,0.0
79928,0.0
79929,0.0
79930,0.0
79931,0.0
79932,0.0
79933,0.0
79934,0.0
79935,0.0
79936,0.0
79937,0.0
79938,0.0
79939,0.0
79940,0.0
79941,0.0
79942,0.0
79943,0.0
79944,0.0
79945,0.0
79946,0.0
79947,0.0
79948,0.0
79949,0.0
79950,0.0
79951,0.0
79952,0.0
79953,0.0
79954,0.0
79955,0.0
79956,0.0
79957,0.0
79958,0.0
79959,0.0
79960,0.0
79961,0.0
79962,0.0
79963,0.0
79964,0.0
79965,0.0
79966,0.0
79967,0.0
79968,0.0
79969,0.0
79970,0.0
79971,0.0
79972,0.0
79973,0.0
79974,0.0
79975,0.0
79976,0.0
79977,0.0
79978,0.0
79979,0.0
79980,0.0
79981,0.0
79982,0.0
79983,0.0
79984,0.0
79985,0.0
79986,0.0
79987,0.0
79988,0.0
79989,0.0
79990,0.0
79991,0.0
79992,0.0
79993,0.0
79994,0.0
79995,0.0
79996,0.0
79997,0.0
79998,0.0
79999,0.0
80000,0.0
80001,0.0
80002,0.0
80003,0.0
80004,0.0
80005,0.0
80006,0.0
80007,0.0
80008,0.0
80009,0.0
80010,0.0
80011,0.0
80012,0.0
80013,0.0
80014,0.0
80015,0.0
80016,0.0
80017,0.0
80018,0.0
80019,0.0
80020,0.0
80021,0.0
80022,0.0
80023,0.0
80024,0.0
80025,0.0
80026,0.0
80027,0.0
80028,0.0
80029,0.0
80030,0.0
80031,0.0
80032,0.0
80033,0.0
80034,0.0
80035,0.0
80036,0.0
80037,0.0
80038,0.0
80039,0.0
80040,0.0
80041,0.0
80042,0.0
80043,0.0
80044,0.0
80045,0.0
80046,0.0
80047,0.0
80048,0.0
80049,0.0
80050,0.0
80051,0.0
80052,0.0
80053,0.0
80054,0.0
80055,0.0
80056,0.0
80057,0.0
80058,0.0
80059,0.0
80060,0.0
80061,0.0
80062,0.0
80063,0.0
80064,0.0
80065,0.0
80066,0.0
80067,0.0
80068,0.0
80069,0.0
80070,0.0
80071,0.0
80072,0.0
80073,0.0
80074,0.0
80075,0.0
80076,0.0
80077,0.0
80078,0.0
80079,0.0
80080,0.0
80081,0.0
80082,0.0
80083,0.0
80084,0.0
80085,0.0
80086,0.0
80087,0.0
80088,0.0
80089,0.0
80090,0.0
80091,0.0
80092,0.0
80093,0.0
80094,0.0
80095,0.0
80096,0.0
80097,0.0
80098,0.0
80099,0.0
80100,0.0
80101,0.0
80102,0.0
80103,0.0
80104,0.0
80105,0.0
80106,0.0
80107,0.0
80108,0.0
80109,0.0
80110,0.0
80111,0.0
80112,0.0
80113,0.0
80114,0.0
80115,0.0
80116,0.0
80117,0.0
80118,0.0
80119,0.0
80120,0.0
80121,0.0
80122,0.0
80123,0.0
80124,0.0
80125,0.0
80126,0.0
80127,0.0
80128,0.0
80129,0.0
80130,0.0
80131,0.0
80132,0.0
80133,0.0
80134,0.0
80135,0.0
80136,0.0
80137,0.0
80138,0.0
80139,0.0
80140,0.0
80141,0.0
80142,0.0
80143,0.0
80144,0.0
80145,0.0
80146,0.0
80147,0.0
80148,0.0
80149,0.0
80150,0.0
80151,0.0
80152,0.0
80153,0.0
80154,0.0
80155,0.0
80156,0.0
80157,0.0
80158,0.0
80159,0.0
80160,0.0
80161,0.0
80162,0.0
80163,0.0
80164,0.0
80165,0.0
80166,0.0
80167,0.0
80168,0.0
80169,0.0
80170,0.0
80171,0.0
80172,0.0
80173,0.0
80174,0.0
80175,0.0
80176,0.0
80177,0.0
80178,0.0
80179,0.0
80180,0.0
80181,0.0
80182,0.0
80183,0.0
80184,0.0
80185,0.0
80186,0.0
80187,0.0
80188,0.0
80189,0.0
80190,0.0
80191,0.0
80192,0.0
80193,0.0
80194,0.0
80195,0.0
80196,0.0
80197,0.0
80198,0.0
80199,0.0
80200,0.0
80201,0.0
80202,0.0
80203,0.0
80204,0.0
80205,0.0
80206,0.0
80207,0.0
80208,0.0
80209,0.0
80210,0.0
80211,0.0
80212,0.0
80213,0.0
80214,0.0
80215,0.0
80216,0.0
80217,0.0
80218,0.0
80219,0.0
80220,0.0
80221,0.0
80222,0.0
80223,0.0
80224,0.0
80225,0.0
80226,0.0
80227,0.0
80228,0.0
80229,0.0
80230,0.0
80231,0.0
80232,0.0
80233,0.0
80234,0.0
80235,0.0
80236,0.0
80237,0.0
80238,0.0
80239,0.0
80240,0.0
80241,0.0
80242,0.0
80243,0.0
80244,0.0
80245,0.0
80246,0.0
80247,0.0
80248,0.0
80249,0.0
80250,0.0
80251,0.0
80252,0.0
80253,0.0
80254,0.0
80255,0.0
80256,0.0
80257,0.0
80258,0.0
80259,0.0
80260,0.0
80261,0.0
80262,0.0
80263,0.0
80264,0.0
80265,0.0
80266,0.0
80267,0.0
80268,0.0
80269,0.0
80270,0.0
80271,0.0
80272,0.0
80273,0.0
80274,0.0
80275,0.0
80276,0.0
80277,0.0
80278,0.0
80279,0.0
80280,0.0
80281,0.0
80282,0.0
80283,0.0
80284,0.0
80285,0.0
80286,0.0
80287,0.0
80288,0.0
80289,0.0
80290,0.0
80291,0.0
80292,0.0
80293,0.0
80294,0.0
80295,0.0
80296,0.0
80297,0.0
80298,0.0
80299,0.0
80300,0.0
80301,0.0
80302,0.0
80303,0.0
80304,0.0
80305,0.0
80306,0.0
80307,0.0
80308,0.0
80309,0.0
80310,0.0
80311,0.0
80312,0.0
80313,0.0
80314,0.0
80315,0.0
80316,0.0
80317,0.0
80318,0.0
80319,0.0
80320,0.0
80321,0.0
80322,0.0
80323,0.0
80324,0.0
80325,0.0
80326,0.0
80327,0.0
80328,0.0
80329,0.0
80330,0.0
80331,0.0
80332,0.0
80333,0.0
80334,0.0
80335,0.0
80336,0.0
80337,0.0
80338,0.0
80339,0.0
80340,0.0
80341,0.0
80342,0.0
80343,0.0
80344,0.0
80345,0.0
80346,0.0
80347,0.0
80348,0.0
80349,0.0
80350,0.0
80351,0.0
80352,0.0
80353,0.0
80354,0.0
80355,0.0
80356,0.0
80357,0.0
80358,0.0
80359,0.0
80360,0.0
80361,0.0
80362,0.0
80363,0.0
80364,0.0
80365,0.0
80366,0.0
80367,0.0
80368,0.0
80369,0.0
80370,0.0
80371,0.0
80372,0.0
80373,0.0
80374,0.0
80375,0.0
80376,0.0
80377,0.0
80378,0.0
80379,0.0
80380,0.0
80381,0.0
80382,0.0
80383,0.0
80384,0.0
80385,0.0
80386,0.0
80387,0.0
80388,0.0
80389,0.0
80390,0.0
80391,0.0
80392,0.0
80393,0.0
80394,0.0
80395,0.0
80396,0.0
80397,0.0
80398,0.0
80399,0.0
80400,0.0
80401,0.0
80402,0.0
80403,0.0
80404,0.0
80405,0.0
80406,0.0
80407,0.0
80408,0.0
80409,0.0
80410,0.0
80411,0.0
80412,0.0
80413,0.0
80414,0.0
80415,0.0
80416,0.0
80417,0.0
80418,0.0
80419,0.0
80420,0.0
80421,0.0
80422,0.0
80423,0.0
80424,0.0
80425,0.0
80426,0.0
80427,0.0
80428,0.0
80429,0.0
80430,0.0
80431,0.0
80432,0.0
80433,0.0
80434,0.0
80435,0.0
80436,0.0
80437,0.0
80438,0.0
80439,0.0
80440,0.0
80441,0.0
80442,0.0
80443,0.0
80444,0.0
80445,0.0
80446,0.0
80447,0.0
80448,0.0
80449,0.0
80450,0.0
80451,0.0
80452,0.0
80453,0.0
80454,0.0
80455,0.0
80456,0.0
80457,0.0
80458,0.0
80459,0.0
80460,0.0
80461,0.0
80462,0.0
80463,0.0
80464,0.0
80465,0.0
80466,0.0
80467,0.0
80468,0.0
80469,0.0
80470,0.0
80471,0.0
80472,0.0
80473,0.0
80474,0.0
80475,0.0
80476,0.0
80477,0.0
80478,0.0
80479,0.0
80480,0.0
80481,0.0
80482,0.0
80483,0.0
80484,0.0
80485,0.0
80486,0.0
80487,0.0
80488,0.0
80489,0.0
80490,0.0
80491,0.0
80492,0.0
80493,0.0
80494,0.0
80495,0.0
80496,0.0
80497,0.0
80498,0.0
80499,0.0
80500,0.0
80501,0.0
80502,0.0
80503,0.0
80504,0.0
80505,0.0
80506,0.0
80507,0.0
80508,0.0
80509,0.0
80510,0.0
80511,0.0
80512,0.0
80513,0.0
80514,0.0
80515,0.0
80516,0.0
80517,0.0
80518,0.0
80519,0.0
80520,0.0
80521,0.0
80522,0.0
80523,0.0
80524,0.0
80525,0.0
80526,0.0
80527,0.0
80528,0.0
80529,0.0
80530,0.0
80531,0.0
80532,0.0
80533,0.0
80534,0.0
80535,0.0
80536,0.0
80537,0.0
80538,0.0
80539,0.0
80540,0.0
80541,0.0
80542,0.0
80543,0.0
80544,0.0
80545,0.0
80546,0.0
80547,0.0
80548,0.0
80549,0.0
80550,0.0
80551,0.0
80552,0.0
80553,0.0
80554,0.0
80555,0.0
80556,0.0
80557,0.0
80558,0.0
80559,0.0
80560,0.0
80561,0.0
80562,0.0
80563,0.0
80564,0.0
80565,0.0
80566,0.0
80567,0.0
80568,0.0
80569,0.0
80570,0.0
80571,0.0
80572,0.0
80573,0.0
80574,0.0
80575,0.0
80576,0.0
80577,0.0
80578,0.0
80579,0.0
80580,0.0
80581,0.0
80582,0.0
80583,0.0
80584,0.0
80585,0.0
80586,0.0
80587,0.0
80588,0.0
80589,0.0
80590,0.0
80591,0.0
80592,0.0
80593,0.0
80594,0.0
80595,0.0
80596,0.0
80597,0.0
80598,0.0
80599,0.0
80600,0.0
80601,0.0
80602,0.0
80603,0.0
80604,0.0
80605,0.0
80606,0.0
80607,0.0
80608,0.0
80609,0.0
80610,0.0
80611,0.0
80612,0.0
80613,0.0
80614,0.0
80615,0.0
80616,0.0
80617,0.0
80618,0.0
80619,0.0
80620,0.0
80621,0.0
80622,0.0
80623,0.0
80624,0.0
80625,0.0
80626,0.0
80627,0.0
80628,0.0
80629,0.0
80630,0.0
80631,0.0
80632,0.0
80633,0.0
80634,0.0
80635,0.0
80636,0.0
80637,0.0
80638,0.0
80639,0.0
80640,0.0
80641,0.0
80642,0.0
80643,0.0
80644,0.0
80645,0.0
80646,0.0
80647,0.0
80648,0.0
80649,0.0
80650,0.0
80651,0.0
80652,0.0
80653,0.0
80654,0.0
80655,0.0
80656,0.0
80657,0.0
80658,0.0
80659,0.0
80660,0.0
80661,0.0
80662,0.0
80663,0.0
80664,0.0
80665,0.0
80666,0.0
80667,0.0
80668,0.0
80669,0.0
80670,0.0
80671,0.0
80672,0.0
80673,0.0
80674,0.0
80675,0.0
80676,0.0
80677,0.0
80678,0.0
80679,0.0
80680,0.0
80681,0.0
80682,0.0
80683,0.0
80684,0.0
80685,0.0
80686,0.0
80687,0.0
80688,0.0
80689,0.0
80690,0.0
80691,0.0
80692,0.0
80693,0.0
80694,0.0
80695,0.0
80696,0.0
80697,0.0
80698,0.0
80699,0.0
80700,0.0
80701,0.0
80702,0.0
80703,0.0
80704,0.0
80705,0.0
80706,0.0
80707,0.0
80708,0.0
80709,0.0
80710,0.0
80711,0.0
80712,0.0
80713,0.0
80714,0.0
80715,0.0
80716,0.0
80717,0.0
80718,0.0
80719,0.0
80720,0.0
80721,0.0
80722,0.0
80723,0.0
80724,0.0
80725,0.0
80726,0.0
80727,0.0
80728,0.0
80729,0.0
80730,0.0
80731,0.0
80732,0.0
80733,0.0
80734,0.0
80735,0.0
80736,0.0
80737,0.0
80738,0.0
80739,0.0
80740,0.0
80741,0.0
80742,0.0
80743,0.0
80744,0.0
80745,0.0
80746,0.0
80747,0.0
80748,0.0
80749,0.0
80750,0.0
80751,0.0
80752,0.0
80753,0.0
80754,0.0
80755,0.0
80756,0.0
80757,0.0
80758,0.0
80759,0.0
80760,0.0
80761,0.0
80762,0.0
80763,0.0
80764,0.0
80765,0.0
80766,0.0
80767,0.0
80768,0.0
80769,0.0
80770,0.0
80771,0.0
80772,0.0
80773,0.0
80774,0.0
80775,0.0
80776,0.0
80777,0.0
80778,0.0
80779,0.0
80780,0.0
80781,0.0
80782,0.0
80783,0.0
80784,0.0
80785,0.0
80786,0.0
80787,0.0
80788,0.0
80789,0.0
80790,0.0
80791,0.0
80792,0.0
80793,0.0
80794,0.0
80795,0.0
80796,0.0
80797,0.0
80798,0.0
80799,0.0
80800,0.0
80801,0.0
80802,0.0
80803,0.0
80804,0.0
80805,0.0
80806,0.0
80807,0.0
80808,0.0
80809,0.0
80810,0.0
80811,0.0
80812,0.0
80813,0.0
80814,0.0
80815,0.0
80816,0.0
80817,0.0
80818,0.0
80819,0.0
80820,0.0
80821,0.0
80822,0.0
80823,0.0
80824,0.0
80825,0.0
80826,0.0
80827,0.0
80828,0.0
80829,0.0
80830,0.0
80831,0.0
80832,0.0
80833,0.0
80834,0.0
80835,0.0
80836,0.0
80837,0.0
80838,0.0
80839,0.0
80840,0.0
80841,0.0
80842,0.0
80843,0.0
80844,0.0
80845,0.0
80846,0.0
80847,0.0
80848,0.0
80849,0.0
80850,0.0
80851,0.0
80852,0.0
80853,0.0
80854,0.0
80855,0.0
80856,0.0
80857,0.0
80858,0.0
80859,0.0
80860,0.0
80861,0.0
80862,0.0
80863,0.0
80864,0.0
80865,0.0
80866,0.0
80867,0.0
80868,0.0
80869,0.0
80870,0.0
80871,0.0
80872,0.0
80873,0.0
80874,0.0
80875,0.0
80876,0.0
80877,0.0
80878,0.0
80879,0.0
80880,0.0
80881,0.0
80882,0.0
80883,0.0
80884,0.0
80885,0.0
80886,0.0
80887,0.0
80888,0.0
80889,0.0
80890,0.0
80891,0.0
80892,0.0
80893,0.0
80894,0.0
80895,0.0
80896,0.0
80897,0.0
80898,0.0
80899,0.0
80900,0.0
80901,0.0
80902,0.0
80903,0.0
80904,0.0
80905,0.0
80906,0.0
80907,0.0
80908,0.0
80909,0.0
80910,0.0
80911,0.0
80912,0.0
80913,0.0
80914,0.0
80915,0.0
80916,0.0
80917,0.0
80918,0.0
80919,0.0
80920,0.0
80921,0.0
80922,0.0
80923,0.0
80924,0.0
80925,0.0
80926,0.0
80927,0.0
80928,0.0
80929,0.0
80930,0.0
80931,0.0
80932,0.0
80933,0.0
80934,0.0
80935,0.0
80936,0.0
80937,0.0
80938,0.0
80939,0.0
80940,0.0
80941,0.0
80942,0.0
80943,0.0
80944,0.0
80945,0.0
80946,0.0
80947,0.0
80948,0.0
80949,0.0
80950,0.0
80951,0.0
80952,0.0
80953,0.0
80954,0.0
80955,0.0
80956,0.0
80957,0.0
80958,0.0
80959,0.0
80960,0.0
80961,0.0
80962,0.0
80963,0.0
80964,0.0
80965,0.0
80966,0.0
80967,0.0
80968,0.0
80969,0.0
80970,0.0
80971,0.0
80972,0.0
80973,0.0
80974,0.0
80975,0.0
80976,0.0
80977,0.0
80978,0.0
80979,0.0
80980,0.0
80981,0.0
80982,0.0
80983,0.0
80984,0.0
80985,0.0
80986,0.0
80987,0.0
80988,0.0
80989,0.0
80990,0.0
80991,0.0
80992,0.0
80993,0.0
80994,0.0
80995,0.0
80996,0.0
80997,0.0
80998,0.0
80999,0.0
81000,0.0
81001,0.0
81002,0.0
81003,0.0
81004,0.0
81005,0.0
81006,0.0
81007,0.0
81008,0.0
81009,0.0
81010,0.0
81011,0.0
81012,0.0
81013,0.0
81014,0.0
81015,0.0
81016,0.0
81017,0.0
81018,0.0
81019,0.0
81020,0.0
81021,0.0
81022,0.0
81023,0.0
81024,0.0
81025,0.0
81026,0.0
81027,0.0
81028,0.0
81029,0.0
81030,0.0
81031,0.0
81032,0.0
81033,0.0
81034,0.0
81035,0.0
81036,0.0
81037,0.0
81038,0.0
81039,0.0
81040,0.0
81041,0.0
81042,0.0
81043,0.0
81044,0.0
81045,0.0
81046,0.0
81047,0.0
81048,0.0
81049,0.0
81050,0.0
81051,0.0
81052,0.0
81053,0.0
81054,0.0
81055,0.0
81056,0.0
81057,0.0
81058,0.0
81059,0.0
81060,0.0
81061,0.0
81062,0.0
81063,0.0
81064,0.0
81065,0.0
81066,0.0
81067,0.0
81068,0.0
81069,0.0
81070,0.0
81071,0.0
81072,0.0
81073,0.0
81074,0.0
81075,0.0
81076,0.0
81077,0.0
81078,0.0
81079,0.0
81080,0.0
81081,0.0
81082,0.0
81083,0.0
81084,0.0
81085,0.0
81086,0.0
81087,0.0
81088,0.0
81089,0.0
81090,0.0
81091,0.0
81092,0.0
81093,0.0
81094,0.0
81095,0.0
81096,0.0
81097,0.0
81098,0.0
81099,0.0
81100,0.0
81101,0.0
81102,0.0
81103,0.0
81104,0.0
81105,0.0
81106,0.0
81107,0.0
81108,0.0
81109,0.0
81110,0.0
81111,0.0
81112,0.0
81113,0.0
81114,0.0
81115,0.0
81116,0.0
81117,0.0
81118,0.0
81119,0.0
81120,0.0
81121,0.0
81122,0.0
81123,0.0
81124,0.0
81125,0.0
81126,0.0
81127,0.0
81128,0.0
81129,0.0
81130,0.0
81131,0.0
81132,0.0
81133,0.0
81134,0.0
81135,0.0
81136,0.0
81137,0.0
81138,0.0
81139,0.0
81140,0.0
81141,0.0
81142,0.0
81143,0.0
81144,0.0
81145,0.0
81146,0.0
81147,0.0
81148,0.0
81149,0.0
81150,0.0
81151,0.0
81152,0.0
81153,0.0
81154,0.0
81155,0.0
81156,0.0
81157,0.0
81158,0.0
81159,0.0
81160,0.0
81161,0.0
81162,0.0
81163,0.0
81164,0.0
81165,0.0
81166,0.0
81167,0.0
81168,0.0
81169,0.0
81170,0.0
81171,0.0
81172,0.0
81173,0.0
81174,0.0
81175,0.0
81176,0.0
81177,0.0
81178,0.0
81179,0.0
81180,0.0
81181,0.0
81182,0.0
81183,0.0
81184,0.0
81185,0.0
81186,0.0
81187,0.0
81188,0.0
81189,0.0
81190,0.0
81191,0.0
81192,0.0
81193,0.0
81194,0.0
81195,0.0
81196,0.0
81197,0.0
81198,0.0
81199,0.0
81200,0.0
81201,0.0
81202,0.0
81203,0.0
81204,0.0
81205,0.0
81206,0.0
81207,0.0
81208,0.0
81209,0.0
81210,0.0
81211,0.0
81212,0.0
81213,0.0
81214,0.0
81215,0.0
81216,0.0
81217,0.0
81218,0.0
81219,0.0
81220,0.0
81221,0.0
81222,0.0
81223,0.0
81224,0.0
81225,0.0
81226,0.0
81227,0.0
81228,0.0
81229,0.0
81230,0.0
81231,0.0
81232,0.0
81233,0.0
81234,0.0
81235,0.0
81236,0.0
81237,0.0
81238,0.0
81239,0.0
81240,0.0
81241,0.0
81242,0.0
81243,0.0
81244,0.0
81245,0.0
81246,0.0
81247,0.0
81248,0.0
81249,0.0
81250,0.0
81251,0.0
81252,0.0
81253,0.0
81254,0.0
81255,0.0
81256,0.0
81257,0.0
81258,0.0
81259,0.0
81260,0.0
81261,0.0
81262,0.0
81263,0.0
81264,0.0
81265,0.0
81266,0.0
81267,0.0
81268,0.0
81269,0.0
81270,0.0
81271,0.0
81272,0.0
81273,0.0
81274,0.0
81275,0.0
81276,0.0
81277,0.0
81278,0.0
81279,0.0
81280,0.0
81281,0.0
81282,0.0
81283,0.0
81284,0.0
81285,0.0
81286,0.0
81287,0.0
81288,0.0
81289,0.0
81290,0.0
81291,0.0
81292,0.0
81293,0.0
81294,0.0
81295,0.0
81296,0.0
81297,0.0
81298,0.0
81299,0.0
81300,0.0
81301,0.0
81302,0.0
81303,0.0
81304,0.0
81305,0.0
81306,0.0
81307,0.0
81308,0.0
81309,0.0
81310,0.0
81311,0.0
81312,0.0
81313,0.0
81314,0.0
81315,0.0
81316,0.0
81317,0.0
81318,0.0
81319,0.0
81320,0.0
81321,0.0
81322,0.0
81323,0.0
81324,0.0
81325,0.0
81326,0.0
81327,0.0
81328,0.0
81329,0.0
81330,0.0
81331,0.0
81332,0.0
81333,0.0
81334,0.0
81335,0.0
81336,0.0
81337,0.0
81338,0.0
81339,0.0
81340,0.0
81341,0.0
81342,0.0
81343,0.0
81344,0.0
81345,0.0
81346,0.0
81347,0.0
81348,0.0
81349,0.0
81350,0.0
81351,0.0
81352,0.0
81353,0.0
81354,0.0
81355,0.0
81356,0.0
81357,0.0
81358,0.0
81359,0.0
81360,0.0
81361,0.0
81362,0.0
81363,0.0
81364,0.0
81365,0.0
81366,0.0
81367,0.0
81368,0.0
81369,0.0
81370,0.0
81371,0.0
81372,0.0
81373,0.0
81374,0.0
81375,0.0
81376,0.0
81377,0.0
81378,0.0
81379,0.0
81380,0.0
81381,0.0
81382,0.0
81383,0.0
81384,0.0
81385,0.0
81386,0.0
81387,0.0
81388,0.0
81389,0.0
81390,0.0
81391,0.0
81392,0.0
81393,0.0
81394,0.0
81395,0.0
81396,0.0
81397,0.0
81398,0.0
81399,0.0
81400,0.0
81401,0.0
81402,0.0
81403,0.0
81404,0.0
81405,0.0
81406,0.0
81407,0.0
81408,0.0
81409,0.0
81410,0.0
81411,0.0
81412,0.0
81413,0.0
81414,0.0
81415,0.0
81416,0.0
81417,0.0
81418,0.0
81419,0.0
81420,0.0
81421,0.0
81422,0.0
81423,0.0
81424,0.0
81425,0.0
81426,0.0
81427,0.0
81428,0.0
81429,0.0
81430,0.0
81431,0.0
81432,0.0
81433,0.0
81434,0.0
81435,0.0
81436,0.0
81437,0.0
81438,0.0
81439,0.0
81440,0.0
81441,0.0
81442,0.0
81443,0.0
81444,0.0
81445,0.0
81446,0.0
81447,0.0
81448,0.0
81449,0.0
81450,0.0
81451,0.0
81452,0.0
81453,0.0
81454,0.0
81455,0.0
81456,0.0
81457,0.0
81458,0.0
81459,0.0
81460,0.0
81461,0.0
81462,0.0
81463,0.0
81464,0.0
81465,0.0
81466,0.0
81467,0.0
81468,0.0
81469,0.0
81470,0.0
81471,0.0
81472,0.0
81473,0.0
81474,0.0
81475,0.0
81476,0.0
81477,0.0
81478,0.0
81479,0.0
81480,0.0
81481,0.0
81482,0.0
81483,0.0
81484,0.0
81485,0.0
81486,0.0
81487,0.0
81488,0.0
81489,0.0
81490,0.0
81491,0.0
81492,0.0
81493,0.0
81494,0.0
81495,0.0
81496,0.0
81497,0.0
81498,0.0
81499,0.0
81500,0.0
81501,0.0
81502,0.0
81503,0.0
81504,0.0
81505,0.0
81506,0.0
81507,0.0
81508,0.0
81509,0.0
81510,0.0
81511,0.0
81512,0.0
81513,0.0
81514,0.0
81515,0.0
81516,0.0
81517,0.0
81518,0.0
81519,0.0
81520,0.0
81521,0.0
81522,0.0
81523,0.0
81524,0.0
81525,0.0
81526,0.0
81527,0.0
81528,0.0
81529,0.0
81530,0.0
81531,0.0
81532,0.0
81533,0.0
81534,0.0
81535,0.0
81536,0.0
81537,0.0
81538,0.0
81539,0.0
81540,0.0
81541,0.0
81542,0.0
81543,0.0
81544,0.0
81545,0.0
81546,0.0
81547,0.0
81548,0.0
81549,0.0
81550,0.0
81551,0.0
81552,0.0
81553,0.0
81554,0.0
81555,0.0
81556,0.0
81557,0.0
81558,0.0
81559,0.0
81560,0.0
81561,0.0
81562,0.0
81563,0.0
81564,0.0
81565,0.0
81566,0.0
81567,0.0
81568,0.0
81569,0.0
81570,0.0
81571,0.0
81572,0.0
81573,0.0
81574,0.0
81575,0.0
81576,0.0
81577,0.0
81578,0.0
81579,0.0
81580,0.0
81581,0.0
81582,0.0
81583,0.0
81584,0.0
81585,0.0
81586,0.0
81587,0.0
81588,0.0
81589,0.0
81590,0.0
81591,0.0
81592,0.0
81593,0.0
81594,0.0
81595,0.0
81596,0.0
81597,0.0
81598,0.0
81599,0.0
81600,0.0
81601,0.0
81602,0.0
81603,0.0
81604,0.0
81605,0.0
81606,0.0
81607,0.0
81608,0.0
81609,0.0
81610,0.0
81611,0.0
81612,0.0
81613,0.0
81614,0.0
81615,0.0
81616,0.0
81617,0.0
81618,0.0
81619,0.0
81620,0.0
81621,0.0
81622,0.0
81623,0.0
81624,0.0
81625,0.0
81626,0.0
81627,0.0
81628,0.0
81629,0.0
81630,0.0
81631,0.0
81632,0.0
81633,0.0
81634,0.0
81635,0.0
81636,0.0
81637,0.0
81638,0.0
81639,0.0
81640,0.0
81641,0.0
81642,0.0
81643,0.0
81644,0.0
81645,0.0
81646,0.0
81647,0.0
81648,0.0
81649,0.0
81650,0.0
81651,0.0
81652,0.0
81653,0.0
81654,0.0
81655,0.0
81656,0.0
81657,0.0
81658,0.0
81659,0.0
81660,0.0
81661,0.0
81662,0.0
81663,0.0
81664,0.0
81665,0.0
81666,0.0
81667,0.0
81668,0.0
81669,0.0
81670,0.0
81671,0.0
81672,0.0
81673,0.0
81674,0.0
81675,0.0
81676,0.0
81677,0.0
81678,0.0
81679,0.0
81680,0.0
81681,0.0
81682,0.0
81683,0.0
81684,0.0
81685,0.0
81686,0.0
81687,0.0
81688,0.0
81689,0.0
81690,0.0
81691,0.0
81692,0.0
81693,0.0
81694,0.0
81695,0.0
81696,0.0
81697,0.0
81698,0.0
81699,0.0
81700,0.0
81701,0.0
81702,0.0
81703,0.0
81704,0.0
81705,0.0
81706,0.0
81707,0.0
81708,0.0
81709,0.0
81710,0.0
81711,0.0
81712,0.0
81713,0.0
81714,0.0
81715,0.0
81716,0.0
81717,0.0
81718,0.0
81719,0.0
81720,0.0
81721,0.0
81722,0.0
81723,0.0
81724,0.0
81725,0.0
81726,0.0
81727,0.0
81728,0.0
81729,0.0
81730,0.0
81731,0.0
81732,0.0
81733,0.0
81734,0.0
81735,0.0
81736,0.0
81737,0.0
81738,0.0
81739,0.0
81740,0.0
81741,0.0
81742,0.0
81743,0.0
81744,0.0
81745,0.0
81746,0.0
81747,0.0
81748,0.0
81749,0.0
81750,0.0
81751,0.0
81752,0.0
81753,0.0
81754,0.0
81755,0.0
81756,0.0
81757,0.0
81758,0.0
81759,0.0
81760,0.0
81761,0.0
81762,0.0
81763,0.0
81764,0.0
81765,0.0
81766,0.0
81767,0.0
81768,0.0
81769,0.0
81770,0.0
81771,0.0
81772,0.0
81773,0.0
81774,0.0
81775,0.0
81776,0.0
81777,0.0
81778,0.0
81779,0.0
81780,0.0
81781,0.0
81782,0.0
81783,0.0
81784,0.0
81785,0.0
81786,0.0
81787,0.0
81788,0.0
81789,0.0
81790,0.0
81791,0.0
81792,0.0
81793,0.0
81794,0.0
81795,0.0
81796,0.0
81797,0.0
81798,0.0
81799,0.0
81800,0.0
81801,0.0
81802,0.0
81803,0.0
81804,0.0
81805,0.0
81806,0.0
81807,0.0
81808,0.0
81809,0.0
81810,0.0
81811,0.0
81812,0.0
81813,0.0
81814,0.0
81815,0.0
81816,0.0
81817,0.0
81818,0.0
81819,0.0
81820,0.0
81821,0.0
81822,0.0
81823,0.0
81824,0.0
81825,0.0
81826,0.0
81827,0.0
81828,0.0
81829,0.0
81830,0.0
81831,0.0
81832,0.0
81833,0.0
81834,0.0
81835,0.0
81836,0.0
81837,0.0
81838,0.0
81839,0.0
81840,0.0
81841,0.0
81842,0.0
81843,0.0
81844,0.0
81845,0.0
81846,0.0
81847,0.0
81848,0.0
81849,0.0
81850,0.0
81851,0.0
81852,0.0
81853,0.0
81854,0.0
81855,0.0
81856,0.0
81857,0.0
81858,0.0
81859,0.0
81860,0.0
81861,0.0
81862,0.0
81863,0.0
81864,0.0
81865,0.0
81866,0.0
81867,0.0
81868,0.0
81869,0.0
81870,0.0
81871,0.0
81872,0.0
81873,0.0
81874,0.0
81875,0.0
81876,0.0
81877,0.0
81878,0.0
81879,0.0
81880,0.0
81881,0.0
81882,0.0
81883,0.0
81884,0.0
81885,0.0
81886,0.0
81887,0.0
81888,0.0
81889,0.0
81890,0.0
81891,0.0
81892,0.0
81893,0.0
81894,0.0
81895,0.0
81896,0.0
81897,0.0
81898,0.0
81899,0.0
81900,0.0
81901,0.0
81902,0.0
81903,0.0
81904,0.0
81905,0.0
81906,0.0
81907,0.0
81908,0.0
81909,0.0
81910,0.0
81911,0.0
81912,0.0
81913,0.0
81914,0.0
81915,0.0
81916,0.0
81917,0.0
81918,0.0
81919,0.0
81920,0.0
81921,0.0
81922,0.0
81923,0.0
81924,0.0
81925,0.0
81926,0.0
81927,0.0
81928,0.0
81929,0.0
81930,0.0
81931,0.0
81932,0.0
81933,0.0
81934,0.0
81935,0.0
81936,0.0
81937,0.0
81938,0.0
81939,0.0
81940,0.0
81941,0.0
81942,0.0
81943,0.0
81944,0.0
81945,0.0
81946,0.0
81947,0.0
81948,0.0
81949,0.0
81950,0.0
81951,0.0
81952,0.0
81953,0.0
81954,0.0
81955,0.0
81956,0.0
81957,0.0
81958,0.0
81959,0.0
81960,0.0
81961,0.0
81962,0.0
81963,0.0
81964,0.0
81965,0.0
81966,0.0
81967,0.0
81968,0.0
81969,0.0
81970,0.0
81971,0.0
81972,0.0
81973,0.0
81974,0.0
81975,0.0
81976,0.0
81977,0.0
81978,0.0
81979,0.0
81980,0.0
81981,0.0
81982,0.0
81983,0.0
81984,0.0
81985,0.0
81986,0.0
81987,0.0
81988,0.0
81989,0.0
81990,0.0
81991,0.0
81992,0.0
81993,0.0
81994,0.0
81995,0.0
81996,0.0
81997,0.0
81998,0.0
81999,0.0
82000,0.0
82001,0.0
82002,0.0
82003,0.0
82004,0.0
82005,0.0
82006,0.0
82007,0.0
82008,0.0
82009,0.0
82010,0.0
82011,0.0
82012,0.0
82013,0.0
82014,0.0
82015,0.0
82016,0.0
82017,0.0
82018,0.0
82019,0.0
82020,0.0
82021,0.0
82022,0.0
82023,0.0
82024,0.0
82025,0.0
82026,0.0
82027,0.0
82028,0.0
82029,0.0
82030,0.0
82031,0.0
82032,0.0
82033,0.0
82034,0.0
82035,0.0
82036,0.0
82037,0.0
82038,0.0
82039,0.0
82040,0.0
82041,0.0
82042,0.0
82043,0.0
82044,0.0
82045,0.0
82046,0.0
82047,0.0
82048,0.0
82049,0.0
82050,0.0
82051,0.0
82052,0.0
82053,0.0
82054,0.0
82055,0.0
82056,0.0
82057,0.0
82058,0.0
82059,0.0
82060,0.0
82061,0.0
82062,0.0
82063,0.0
82064,0.0
82065,0.0
82066,0.0
82067,0.0
82068,0.0
82069,0.0
82070,0.0
82071,0.0
82072,0.0
82073,0.0
82074,0.0
82075,0.0
82076,0.0
82077,0.0
82078,0.0
82079,0.0
82080,0.0
82081,0.0
82082,0.0
82083,0.0
82084,0.0
82085,0.0
82086,0.0
82087,0.0
82088,0.0
82089,0.0
82090,0.0
82091,0.0
82092,0.0
82093,0.0
82094,0.0
82095,0.0
82096,0.0
82097,0.0
82098,0.0
82099,0.0
82100,0.0
82101,0.0
82102,0.0
82103,0.0
82104,0.0
82105,0.0
82106,0.0
82107,0.0
82108,0.0
82109,0.0
82110,0.0
82111,0.0
82112,0.0
82113,0.0
82114,0.0
82115,0.0
82116,0.0
82117,0.0
82118,0.0
82119,0.0
82120,0.0
82121,0.0
82122,0.0
82123,0.0
82124,0.0
82125,0.0
82126,0.0
82127,0.0
82128,0.0
82129,0.0
82130,0.0
82131,0.0
82132,0.0
82133,0.0
82134,0.0
82135,0.0
82136,0.0
82137,0.0
82138,0.0
82139,0.0
82140,0.0
82141,0.0
82142,0.0
82143,0.0
82144,0.0
82145,0.0
82146,0.0
82147,0.0
82148,0.0
82149,0.0
82150,0.0
82151,0.0
82152,0.0
82153,0.0
82154,0.0
82155,0.0
82156,0.0
82157,0.0
82158,0.0
82159,0.0
82160,0.0
82161,0.0
82162,0.0
82163,0.0
82164,0.0
82165,0.0
82166,0.0
82167,0.0
82168,0.0
82169,0.0
82170,0.0
82171,0.0
82172,0.0
82173,0.0
82174,0.0
82175,0.0
82176,0.0
82177,0.0
82178,0.0
82179,0.0
82180,0.0
82181,0.0
82182,0.0
82183,0.0
82184,0.0
82185,0.0
82186,0.0
82187,0.0
82188,0.0
82189,0.0
82190,0.0
82191,0.0
82192,0.0
82193,0.0
82194,0.0
82195,0.0
82196,0.0
82197,0.0
82198,0.0
82199,0.0
82200,0.0
82201,0.0
82202,0.0
82203,0.0
82204,0.0
82205,0.0
82206,0.0
82207,0.0
82208,0.0
82209,0.0
82210,0.0
82211,0.0
82212,0.0
82213,0.0
82214,0.0
82215,0.0
82216,0.0
82217,0.0
82218,0.0
82219,0.0
82220,0.0
82221,0.0
82222,0.0
82223,0.0
82224,0.0
82225,0.0
82226,0.0
82227,0.0
82228,0.0
82229,0.0
82230,0.0
82231,0.0
82232,0.0
82233,0.0
82234,0.0
82235,0.0
82236,0.0
82237,0.0
82238,0.0
82239,0.0
82240,0.0
82241,0.0
82242,0.0
82243,0.0
82244,0.0
82245,0.0
82246,0.0
82247,0.0
82248,0.0
82249,0.0
82250,0.0
82251,0.0
82252,0.0
82253,0.0
82254,0.0
82255,0.0
82256,0.0
82257,0.0
82258,0.0
82259,0.0
82260,0.0
82261,0.0
82262,0.0
82263,0.0
82264,0.0
82265,0.0
82266,0.0
82267,0.0
82268,0.0
82269,0.0
82270,0.0
82271,0.0
82272,0.0
82273,0.0
82274,0.0
82275,0.0
82276,0.0
82277,0.0
82278,0.0
82279,0.0
82280,0.0
82281,0.0
82282,0.0
82283,0.0
82284,0.0
82285,0.0
82286,0.0
82287,0.0
82288,0.0
82289,0.0
82290,0.0
82291,0.0
82292,0.0
82293,0.0
82294,0.0
82295,0.0
82296,0.0
82297,0.0
82298,0.0
82299,0.0
82300,0.0
82301,0.0
82302,0.0
82303,0.0
82304,0.0
82305,0.0
82306,0.0
82307,0.0
82308,0.0
82309,0.0
82310,0.0
82311,0.0
82312,0.0
82313,0.0
82314,0.0
82315,0.0
82316,0.0
82317,0.0
82318,0.0
82319,0.0
82320,0.0
82321,0.0
82322,0.0
82323,0.0
82324,0.0
82325,0.0
82326,0.0
82327,0.0
82328,0.0
82329,0.0
82330,0.0
82331,0.0
82332,0.0
82333,0.0
82334,0.0
82335,0.0
82336,0.0
82337,0.0
82338,0.0
82339,0.0
82340,0.0
82341,0.0
82342,0.0
82343,0.0
82344,0.0
82345,0.0
82346,0.0
82347,0.0
82348,0.0
82349,0.0
82350,0.0
82351,0.0
82352,0.0
82353,0.0
82354,0.0
82355,0.0
82356,0.0
82357,0.0
82358,0.0
82359,0.0
82360,0.0
82361,0.0
82362,0.0
82363,0.0
82364,0.0
82365,0.0
82366,0.0
82367,0.0
82368,0.0
82369,0.0
82370,0.0
82371,0.0
82372,0.0
82373,0.0
82374,0.0
82375,0.0
82376,0.0
82377,0.0
82378,0.0
82379,0.0
82380,0.0
82381,0.0
82382,0.0
82383,0.0
82384,0.0
82385,0.0
82386,0.0
82387,0.0
82388,0.0
82389,0.0
82390,0.0
82391,0.0
82392,0.0
82393,0.0
82394,0.0
82395,0.0
82396,0.0
82397,0.0
82398,0.0
82399,0.0
82400,0.0
82401,0.0
82402,0.0
82403,0.0
82404,0.0
82405,0.0
82406,0.0
82407,0.0
82408,0.0
82409,0.0
82410,0.0
82411,0.0
82412,0.0
82413,0.0
82414,0.0
82415,0.0
82416,0.0
82417,0.0
82418,0.0
82419,0.0
82420,0.0
82421,0.0
82422,0.0
82423,0.0
82424,0.0
82425,0.0
82426,0.0
82427,0.0
82428,0.0
82429,0.0
82430,0.0
82431,0.0
82432,0.0
82433,0.0
82434,0.0
82435,0.0
82436,0.0
82437,0.0
82438,0.0
82439,0.0
82440,0.0
82441,0.0
82442,0.0
82443,0.0
82444,0.0
82445,0.0
82446,0.0
82447,0.0
82448,0.0
82449,0.0
82450,0.0
82451,0.0
82452,0.0
82453,0.0
82454,0.0
82455,0.0
82456,0.0
82457,0.0
82458,0.0
82459,0.0
82460,0.0
82461,0.0
82462,0.0
82463,0.0
82464,0.0
82465,0.0
82466,0.0
82467,0.0
82468,0.0
82469,0.0
82470,0.0
82471,0.0
82472,0.0
82473,0.0
82474,0.0
82475,0.0
82476,0.0
82477,0.0
82478,0.0
82479,0.0
82480,0.0
82481,0.0
82482,0.0
82483,0.0
82484,0.0
82485,0.0
82486,0.0
82487,0.0
82488,0.0
82489,0.0
82490,0.0
82491,0.0
82492,0.0
82493,0.0
82494,0.0
82495,0.0
82496,0.0
82497,0.0
82498,0.0
82499,0.0
82500,0.0
82501,0.0
82502,0.0
82503,0.0
82504,0.0
82505,0.0
82506,0.0
82507,0.0
82508,0.0
82509,0.0
82510,0.0
82511,0.0
82512,0.0
82513,0.0
82514,0.0
82515,0.0
82516,0.0
82517,0.0
82518,0.0
82519,0.0
82520,0.0
82521,0.0
82522,0.0
82523,0.0
82524,0.0
82525,0.0
82526,0.0
82527,0.0
82528,0.0
82529,0.0
82530,0.0
82531,0.0
82532,0.0
82533,0.0
82534,0.0
82535,0.0
82536,0.0
82537,0.0
82538,0.0
82539,0.0
82540,0.0
82541,0.0
82542,0.0
82543,0.0
82544,0.0
82545,0.0
82546,0.0
82547,0.0
82548,0.0
82549,0.0
82550,0.0
82551,0.0
82552,0.0
82553,0.0
82554,0.0
82555,0.0
82556,0.0
82557,0.0
82558,0.0
82559,0.0
82560,0.0
82561,0.0
82562,0.0
82563,0.0
82564,0.0
82565,0.0
82566,0.0
82567,0.0
82568,0.0
82569,0.0
82570,0.0
82571,0.0
82572,0.0
82573,0.0
82574,0.0
82575,0.0
82576,0.0
82577,0.0
82578,0.0
82579,0.0
82580,0.0
82581,0.0
82582,0.0
82583,0.0
82584,0.0
82585,0.0
82586,0.0
82587,0.0
82588,0.0
82589,0.0
82590,0.0
82591,0.0
82592,0.0
82593,0.0
82594,0.0
82595,0.0
82596,0.0
82597,0.0
82598,0.0
82599,0.0
82600,0.0
82601,0.0
82602,0.0
82603,0.0
82604,0.0
82605,0.0
82606,0.0
82607,0.0
82608,0.0
82609,0.0
82610,0.0
82611,0.0
82612,0.0
82613,0.0
82614,0.0
82615,0.0
82616,0.0
82617,0.0
82618,0.0
82619,0.0
82620,0.0
82621,0.0
82622,0.0
82623,0.0
82624,0.0
82625,0.0
82626,0.0
82627,0.0
82628,0.0
82629,0.0
82630,0.0
82631,0.0
82632,0.0
82633,0.0
82634,0.0
82635,0.0
82636,0.0
82637,0.0
82638,0.0
82639,0.0
82640,0.0
82641,0.0
82642,0.0
82643,0.0
82644,0.0
82645,0.0
82646,0.0
82647,0.0
82648,0.0
82649,0.0
82650,0.0
82651,0.0
82652,0.0
82653,0.0
82654,0.0
82655,0.0
82656,0.0
82657,0.0
82658,0.0
82659,0.0
82660,0.0
82661,0.0
82662,0.0
82663,0.0
82664,0.0
82665,0.0
82666,0.0
82667,0.0
82668,0.0
82669,0.0
82670,0.0
82671,0.0
82672,0.0
82673,0.0
82674,0.0
82675,0.0
82676,0.0
82677,0.0
82678,0.0
82679,0.0
82680,0.0
82681,0.0
82682,0.0
82683,0.0
82684,0.0
82685,0.0
82686,0.0
82687,0.0
82688,0.0
82689,0.0
82690,0.0
82691,0.0
82692,0.0
82693,0.0
82694,0.0
82695,0.0
82696,0.0
82697,0.0
82698,0.0
82699,0.0
82700,0.0
82701,0.0
82702,0.0
82703,0.0
82704,0.0
82705,0.0
82706,0.0
82707,0.0
82708,0.0
82709,0.0
82710,0.0
82711,0.0
82712,0.0
82713,0.0
82714,0.0
82715,0.0
82716,0.0
82717,0.0
82718,0.0
82719,0.0
82720,0.0
82721,0.0
82722,0.0
82723,0.0
82724,0.0
82725,0.0
82726,0.0
82727,0.0
82728,0.0
82729,0.0
82730,0.0
82731,0.0
82732,0.0
82733,0.0
82734,0.0
82735,0.0
82736,0.0
82737,0.0
82738,0.0
82739,0.0
82740,0.0
82741,0.0
82742,0.0
82743,0.0
82744,0.0
82745,0.0
82746,0.0
82747,0.0
82748,0.0
82749,0.0
82750,0.0
82751,0.0
82752,0.0
82753,0.0
82754,0.0
82755,0.0
82756,0.0
82757,0.0
82758,0.0
82759,0.0
82760,0.0
82761,0.0
82762,0.0
82763,0.0
82764,0.0
82765,0.0
82766,0.0
82767,0.0
82768,0.0
82769,0.0
82770,0.0
82771,0.0
82772,0.0
82773,0.0
82774,0.0
82775,0.0
82776,0.0
82777,0.0
82778,0.0
82779,0.0
82780,0.0
82781,0.0
82782,0.0
82783,0.0
82784,0.0
82785,0.0
82786,0.0
82787,0.0
82788,0.0
82789,0.0
82790,0.0
82791,0.0
82792,0.0
82793,0.0
82794,0.0
82795,0.0
82796,0.0
82797,0.0
82798,0.0
82799,0.0
82800,0.0
82801,0.0
82802,0.0
82803,0.0
82804,0.0
82805,0.0
82806,0.0
82807,0.0
82808,0.0
82809,0.0
82810,0.0
82811,0.0
82812,0.0
82813,0.0
82814,0.0
82815,0.0
82816,0.0
82817,0.0
82818,0.0
82819,0.0
82820,0.0
82821,0.0
82822,0.0
82823,0.0
82824,0.0
82825,0.0
82826,0.0
82827,0.0
82828,0.0
82829,0.0
82830,0.0
82831,0.0
82832,0.0
82833,0.0
82834,0.0
82835,0.0
82836,0.0
82837,0.0
82838,0.0
82839,0.0
82840,0.0
82841,0.0
82842,0.0
82843,0.0
82844,0.0
82845,0.0
82846,0.0
82847,0.0
82848,0.0
82849,0.0
82850,0.0
82851,0.0
82852,0.0
82853,0.0
82854,0.0
82855,0.0
82856,0.0
82857,0.0
82858,0.0
82859,0.0
82860,0.0
82861,0.0
82862,0.0
82863,0.0
82864,0.0
82865,0.0
82866,0.0
82867,0.0
82868,0.0
82869,0.0
82870,0.0
82871,0.0
82872,0.0
82873,0.0
82874,0.0
82875,0.0
82876,0.0
82877,0.0
82878,0.0
82879,0.0
82880,0.0
82881,0.0
82882,0.0
82883,0.0
82884,0.0
82885,0.0
82886,0.0
82887,0.0
82888,0.0
82889,0.0
82890,0.0
82891,0.0
82892,0.0
82893,0.0
82894,0.0
82895,0.0
82896,0.0
82897,0.0
82898,0.0
82899,0.0
82900,0.0
82901,0.0
82902,0.0
82903,0.0
82904,0.0
82905,0.0
82906,0.0
82907,0.0
82908,0.0
82909,0.0
82910,0.0
82911,0.0
82912,0.0
82913,0.0
82914,0.0
82915,0.0
82916,0.0
82917,0.0
82918,0.0
82919,0.0
82920,0.0
82921,0.0
82922,0.0
82923,0.0
82924,0.0
82925,0.0
82926,0.0
82927,0.0
82928,0.0
82929,0.0
82930,0.0
82931,0.0
82932,0.0
82933,0.0
82934,0.0
82935,0.0
82936,0.0
82937,0.0
82938,0.0
82939,0.0
82940,0.0
82941,0.0
82942,0.0
82943,0.0
82944,0.0
82945,0.0
82946,0.0
82947,0.0
82948,0.0
82949,0.0
82950,0.0
82951,0.0
82952,0.0
82953,0.0
82954,0.0
82955,0.0
82956,0.0
82957,0.0
82958,0.0
82959,0.0
82960,0.0
82961,0.0
82962,0.0
82963,0.0
82964,0.0
82965,0.0
82966,0.0
82967,0.0
82968,0.0
82969,0.0
82970,0.0
82971,0.0
82972,0.0
82973,0.0
82974,0.0
82975,0.0
82976,0.0
82977,0.0
82978,0.0
82979,0.0
82980,0.0
82981,0.0
82982,0.0
82983,0.0
82984,0.0
82985,0.0
82986,0.0
82987,0.0
82988,0.0
82989,0.0
82990,0.0
82991,0.0
82992,0.0
82993,0.0
82994,0.0
82995,0.0
82996,0.0
82997,0.0
82998,0.0
82999,0.0
83000,0.0
83001,0.0
83002,0.0
83003,0.0
83004,0.0
83005,0.0
83006,0.0
83007,0.0
83008,0.0
83009,0.0
83010,0.0
83011,0.0
83012,0.0
83013,0.0
83014,0.0
83015,0.0
83016,0.0
83017,0.0
83018,0.0
83019,0.0
83020,0.0
83021,0.0
83022,0.0
83023,0.0
83024,0.0
83025,0.0
83026,0.0
83027,0.0
83028,0.0
83029,0.0
83030,0.0
83031,0.0
83032,0.0
83033,0.0
83034,0.0
83035,0.0
83036,0.0
83037,0.0
83038,0.0
83039,0.0
83040,0.0
83041,0.0
83042,0.0
83043,0.0
83044,0.0
83045,0.0
83046,0.0
83047,0.0
83048,0.0
83049,0.0
83050,0.0
83051,0.0
83052,0.0
83053,0.0
83054,0.0
83055,0.0
83056,0.0
83057,0.0
83058,0.0
83059,0.0
83060,0.0
83061,0.0
83062,0.0
83063,0.0
83064,0.0
83065,0.0
83066,0.0
83067,0.0
83068,0.0
83069,0.0
83070,0.0
83071,0.0
83072,0.0
83073,0.0
83074,0.0
83075,0.0
83076,0.0
83077,0.0
83078,0.0
83079,0.0
83080,0.0
83081,0.0
83082,0.0
83083,0.0
83084,0.0
83085,0.0
83086,0.0
83087,0.0
83088,0.0
83089,0.0
83090,0.0
83091,0.0
83092,0.0
83093,0.0
83094,0.0
83095,0.0
83096,0.0
83097,0.0
83098,0.0
83099,0.0
83100,0.0
83101,0.0
83102,0.0
83103,0.0
83104,0.0
83105,0.0
83106,0.0
83107,0.0
83108,0.0
83109,0.0
83110,0.0
83111,0.0
83112,0.0
83113,0.0
83114,0.0
83115,0.0
83116,0.0
83117,0.0
83118,0.0
83119,0.0
83120,0.0
83121,0.0
83122,0.0
83123,0.0
83124,0.0
83125,0.0
83126,0.0
83127,0.0
83128,0.0
83129,0.0
83130,0.0
83131,0.0
83132,0.0
83133,0.0
83134,0.0
83135,0.0
83136,0.0
83137,0.0
83138,0.0
83139,0.0
83140,0.0
83141,0.0
83142,0.0
83143,0.0
83144,0.0
83145,0.0
83146,0.0
83147,0.0
83148,0.0
83149,0.0
83150,0.0
83151,0.0
83152,0.0
83153,0.0
83154,0.0
83155,0.0
83156,0.0
83157,0.0
83158,0.0
83159,0.0
83160,0.0
83161,0.0
83162,0.0
83163,0.0
83164,0.0
83165,0.0
83166,0.0
83167,0.0
83168,0.0
83169,0.0
83170,0.0
83171,0.0
83172,0.0
83173,0.0
83174,0.0
83175,0.0
83176,0.0
83177,0.0
83178,0.0
83179,0.0
83180,0.0
83181,0.0
83182,0.0
83183,0.0
83184,0.0
83185,0.0
83186,0.0
83187,0.0
83188,0.0
83189,0.0
83190,0.0
83191,0.0
83192,0.0
83193,0.0
83194,0.0
83195,0.0
83196,0.0
83197,0.0
83198,0.0
83199,0.0
83200,0.0
83201,0.0
83202,0.0
83203,0.0
83204,0.0
83205,0.0
83206,0.0
83207,0.0
83208,0.0
83209,0.0
83210,0.0
83211,0.0
83212,0.0
83213,0.0
83214,0.0
83215,0.0
83216,0.0
83217,0.0
83218,0.0
83219,0.0
83220,0.0
83221,0.0
83222,0.0
83223,0.0
83224,0.0
83225,0.0
83226,0.0
83227,0.0
83228,0.0
83229,0.0
83230,0.0
83231,0.0
83232,0.0
83233,0.0
83234,0.0
83235,0.0
83236,0.0
83237,0.0
83238,0.0
83239,0.0
83240,0.0
83241,0.0
83242,0.0
83243,0.0
83244,0.0
83245,0.0
83246,0.0
83247,0.0
83248,0.0
83249,0.0
83250,0.0
83251,0.0
83252,0.0
83253,0.0
83254,0.0
83255,0.0
83256,0.0
83257,0.0
83258,0.0
83259,0.0
83260,0.0
83261,0.0
83262,0.0
83263,0.0
83264,0.0
83265,0.0
83266,0.0
83267,0.0
83268,0.0
83269,0.0
83270,0.0
83271,0.0
83272,0.0
83273,0.0
83274,0.0
83275,0.0
83276,0.0
83277,0.0
83278,0.0
83279,0.0
83280,0.0
83281,0.0
83282,0.0
83283,0.0
83284,0.0
83285,0.0
83286,0.0
83287,0.0
83288,0.0
83289,0.0
83290,0.0
83291,0.0
83292,0.0
83293,0.0
83294,0.0
83295,0.0
83296,0.0
83297,0.0
83298,0.0
83299,0.0
83300,0.0
83301,0.0
83302,0.0
83303,0.0
83304,0.0
83305,0.0
83306,0.0
83307,0.0
83308,0.0
83309,0.0
83310,0.0
83311,0.0
83312,0.0
83313,0.0
83314,0.0
83315,0.0
83316,0.0
83317,0.0
83318,0.0
83319,0.0
83320,0.0
83321,0.0
83322,0.0
83323,0.0
83324,0.0
83325,0.0
83326,0.0
83327,0.0
83328,0.0
83329,0.0
83330,0.0
83331,0.0
83332,0.0
83333,0.0
83334,0.0
83335,0.0
83336,0.0
83337,0.0
83338,0.0
83339,0.0
83340,0.0
83341,0.0
83342,0.0
83343,0.0
83344,0.0
83345,0.0
83346,0.0
83347,0.0
83348,0.0
83349,0.0
83350,0.0
83351,0.0
83352,0.0
83353,0.0
83354,0.0
83355,0.0
83356,0.0
83357,0.0
83358,0.0
83359,0.0
83360,0.0
83361,0.0
83362,0.0
83363,0.0
83364,0.0
83365,0.0
83366,0.0
83367,0.0
83368,0.0
83369,0.0
83370,0.0
83371,0.0
83372,0.0
83373,0.0
83374,0.0
83375,0.0
83376,0.0
83377,0.0
83378,0.0
83379,0.0
83380,0.0
83381,0.0
83382,0.0
83383,0.0
83384,0.0
83385,0.0
83386,0.0
83387,0.0
83388,0.0
83389,0.0
83390,0.0
83391,0.0
83392,0.0
83393,0.0
83394,0.0
83395,0.0
83396,0.0
83397,0.0
83398,0.0
83399,0.0
83400,0.0
83401,0.0
83402,0.0
83403,0.0
83404,0.0
83405,0.0
83406,0.0
83407,0.0
83408,0.0
83409,0.0
83410,0.0
83411,0.0
83412,0.0
83413,0.0
83414,0.0
83415,0.0
83416,0.0
83417,0.0
83418,0.0
83419,0.0
83420,0.0
83421,0.0
83422,0.0
83423,0.0
83424,0.0
83425,0.0
83426,0.0
83427,0.0
83428,0.0
83429,0.0
83430,0.0
83431,0.0
83432,0.0
83433,0.0
83434,0.0
83435,0.0
83436,0.0
83437,0.0
83438,0.0
83439,0.0
83440,0.0
83441,0.0
83442,0.0
83443,0.0
83444,0.0
83445,0.0
83446,0.0
83447,0.0
83448,0.0
83449,0.0
83450,0.0
83451,0.0
83452,0.0
83453,0.0
83454,0.0
83455,0.0
83456,0.0
83457,0.0
83458,0.0
83459,0.0
83460,0.0
83461,0.0
83462,0.0
83463,0.0
83464,0.0
83465,0.0
83466,0.0
83467,0.0
83468,0.0
83469,0.0
83470,0.0
83471,0.0
83472,0.0
83473,0.0
83474,0.0
83475,0.0
83476,0.0
83477,0.0
83478,0.0
83479,0.0
83480,0.0
83481,0.0
83482,0.0
83483,0.0
83484,0.0
83485,0.0
83486,0.0
83487,0.0
83488,0.0
83489,0.0
83490,0.0
83491,0.0
83492,0.0
83493,0.0
83494,0.0
83495,0.0
83496,0.0
83497,0.0
83498,0.0
83499,0.0
83500,0.0
83501,0.0
83502,0.0
83503,0.0
83504,0.0
83505,0.0
83506,0.0
83507,0.0
83508,0.0
83509,0.0
83510,0.0
83511,0.0
83512,0.0
83513,0.0
83514,0.0
83515,0.0
83516,0.0
83517,0.0
83518,0.0
83519,0.0
83520,0.0
83521,0.0
83522,0.0
83523,0.0
83524,0.0
83525,0.0
83526,0.0
83527,0.0
83528,0.0
83529,0.0
83530,0.0
83531,0.0
83532,0.0
83533,0.0
83534,0.0
83535,0.0
83536,0.0
83537,0.0
83538,0.0
83539,0.0
83540,0.0
83541,0.0
83542,0.0
83543,0.0
83544,0.0
83545,0.0
83546,0.0
83547,0.0
83548,0.0
83549,0.0
83550,0.0
83551,0.0
83552,0.0
83553,0.0
83554,0.0
83555,0.0
83556,0.0
83557,0.0
83558,0.0
83559,0.0
83560,0.0
83561,0.0
83562,0.0
83563,0.0
83564,0.0
83565,0.0
83566,0.0
83567,0.0
83568,0.0
83569,0.0
83570,0.0
83571,0.0
83572,0.0
83573,0.0
83574,0.0
83575,0.0
83576,0.0
83577,0.0
83578,0.0
83579,0.0
83580,0.0
83581,0.0
83582,0.0
83583,0.0
83584,0.0
83585,0.0
83586,0.0
83587,0.0
83588,0.0
83589,0.0
83590,0.0
83591,0.0
83592,0.0
83593,0.0
83594,0.0
83595,0.0
83596,0.0
83597,0.0
83598,0.0
83599,0.0
83600,0.0
83601,0.0
83602,0.0
83603,0.0
83604,0.0
83605,0.0
83606,0.0
83607,0.0
83608,0.0
83609,0.0
83610,0.0
83611,0.0
83612,0.0
83613,0.0
83614,0.0
83615,0.0
83616,0.0
83617,0.0
83618,0.0
83619,0.0
83620,0.0
83621,0.0
83622,0.0
83623,0.0
83624,0.0
83625,0.0
83626,0.0
83627,0.0
83628,0.0
83629,0.0
83630,0.0
83631,0.0
83632,0.0
83633,0.0
83634,0.0
83635,0.0
83636,0.0
83637,0.0
83638,0.0
83639,0.0
83640,0.0
83641,0.0
83642,0.0
83643,0.0
83644,0.0
83645,0.0
83646,0.0
83647,0.0
83648,0.0
83649,0.0
83650,0.0
83651,0.0
83652,0.0
83653,0.0
83654,0.0
83655,0.0
83656,0.0
83657,0.0
83658,0.0
83659,0.0
83660,0.0
83661,0.0
83662,0.0
83663,0.0
83664,0.0
83665,0.0
83666,0.0
83667,0.0
83668,0.0
83669,0.0
83670,0.0
83671,0.0
83672,0.0
83673,0.0
83674,0.0
83675,0.0
83676,0.0
83677,0.0
83678,0.0
83679,0.0
83680,0.0
83681,0.0
83682,0.0
83683,0.0
83684,0.0
83685,0.0
83686,0.0
83687,0.0
83688,0.0
83689,0.0
83690,0.0
83691,0.0
83692,0.0
83693,0.0
83694,0.0
83695,0.0
83696,0.0
83697,0.0
83698,0.0
83699,0.0
83700,0.0
83701,0.0
83702,0.0
83703,0.0
83704,0.0
83705,0.0
83706,0.0
83707,0.0
83708,0.0
83709,0.0
83710,0.0
83711,0.0
83712,0.0
83713,0.0
83714,0.0
83715,0.0
83716,0.0
83717,0.0
83718,0.0
83719,0.0
83720,0.0
83721,0.0
83722,0.0
83723,0.0
83724,0.0
83725,0.0
83726,0.0
83727,0.0
83728,0.0
83729,0.0
83730,0.0
83731,0.0
83732,0.0
83733,0.0
83734,0.0
83735,0.0
83736,0.0
83737,0.0
83738,0.0
83739,0.0
83740,0.0
83741,0.0
83742,0.0
83743,0.0
83744,0.0
83745,0.0
83746,0.0
83747,0.0
83748,0.0
83749,0.0
83750,0.0
83751,0.0
83752,0.0
83753,0.0
83754,0.0
83755,0.0
83756,0.0
83757,0.0
83758,0.0
83759,0.0
83760,0.0
83761,0.0
83762,0.0
83763,0.0
83764,0.0
83765,0.0
83766,0.0
83767,0.0
83768,0.0
83769,0.0
83770,0.0
83771,0.0
83772,0.0
83773,0.0
83774,0.0
83775,0.0
83776,0.0
83777,0.0
83778,0.0
83779,0.0
83780,0.0
83781,0.0
83782,0.0
83783,0.0
83784,0.0
83785,0.0
83786,0.0
83787,0.0
83788,0.0
83789,0.0
83790,0.0
83791,0.0
83792,0.0
83793,0.0
83794,0.0
83795,0.0
83796,0.0
83797,0.0
83798,0.0
83799,0.0
83800,0.0
83801,0.0
83802,0.0
83803,0.0
83804,0.0
83805,0.0
83806,0.0
83807,0.0
83808,0.0
83809,0.0
83810,0.0
83811,0.0
83812,0.0
83813,0.0
83814,0.0
83815,0.0
83816,0.0
83817,0.0
83818,0.0
83819,0.0
83820,0.0
83821,0.0
83822,0.0
83823,0.0
83824,0.0
83825,0.0
83826,0.0
83827,0.0
83828,0.0
83829,0.0
83830,0.0
83831,0.0
83832,0.0
83833,0.0
83834,0.0
83835,0.0
83836,0.0
83837,0.0
83838,0.0
83839,0.0
83840,0.0
83841,0.0
83842,0.0
83843,0.0
83844,0.0
83845,0.0
83846,0.0
83847,0.0
83848,0.0
83849,0.0
83850,0.0
83851,0.0
83852,0.0
83853,0.0
83854,0.0
83855,0.0
83856,0.0
83857,0.0
83858,0.0
83859,0.0
83860,0.0
83861,0.0
83862,0.0
83863,0.0
83864,0.0
83865,0.0
83866,0.0
83867,0.0
83868,0.0
83869,0.0
83870,0.0
83871,0.0
83872,0.0
83873,0.0
83874,0.0
83875,0.0
83876,0.0
83877,0.0
83878,0.0
83879,0.0
83880,0.0
83881,0.0
83882,0.0
83883,0.0
83884,0.0
83885,0.0
83886,0.0
83887,0.0
83888,0.0
83889,0.0
83890,0.0
83891,0.0
83892,0.0
83893,0.0
83894,0.0
83895,0.0
83896,0.0
83897,0.0
83898,0.0
83899,0.0
83900,0.0
83901,0.0
83902,0.0
83903,0.0
83904,0.0
83905,0.0
83906,0.0
83907,0.0
83908,0.0
83909,0.0
83910,0.0
83911,0.0
83912,0.0
83913,0.0
83914,0.0
83915,0.0
83916,0.0
83917,0.0
83918,0.0
83919,0.0
83920,0.0
83921,0.0
83922,0.0
83923,0.0
83924,0.0
83925,0.0
83926,0.0
83927,0.0
83928,0.0
83929,0.0
83930,0.0
83931,0.0
83932,0.0
83933,0.0
83934,0.0
83935,0.0
83936,0.0
83937,0.0
83938,0.0
83939,0.0
83940,0.0
83941,0.0
83942,0.0
83943,0.0
83944,0.0
83945,0.0
83946,0.0
83947,0.0
83948,0.0
83949,0.0
83950,0.0
83951,0.0
83952,0.0
83953,0.0
83954,0.0
83955,0.0
83956,0.0
83957,0.0
83958,0.0
83959,0.0
83960,0.0
83961,0.0
83962,0.0
83963,0.0
83964,0.0
83965,0.0
83966,0.0
83967,0.0
83968,0.0
83969,0.0
83970,0.0
83971,0.0
83972,0.0
83973,0.0
83974,0.0
83975,0.0
83976,0.0
83977,0.0
83978,0.0
83979,0.0
83980,0.0
83981,0.0
83982,0.0
83983,0.0
83984,0.0
83985,0.0
83986,0.0
83987,0.0
83988,0.0
83989,0.0
83990,0.0
83991,0.0
83992,0.0
83993,0.0
83994,0.0
83995,0.0
83996,0.0
83997,0.0
83998,0.0
83999,0.0
84000,0.0
84001,0.0
84002,0.0
84003,0.0
84004,0.0
84005,0.0
84006,0.0
84007,0.0
84008,0.0
84009,0.0
84010,0.0
84011,0.0
84012,0.0
84013,0.0
84014,0.0
84015,0.0
84016,0.0
84017,0.0
84018,0.0
84019,0.0
84020,0.0
84021,0.0
84022,0.0
84023,0.0
84024,0.0
84025,0.0
84026,0.0
84027,0.0
84028,0.0
84029,0.0
84030,0.0
84031,0.0
84032,0.0
84033,0.0
84034,0.0
84035,0.0
84036,0.0
84037,0.0
84038,0.0
84039,0.0
84040,0.0
84041,0.0
84042,0.0
84043,0.0
84044,0.0
84045,0.0
84046,0.0
84047,0.0
84048,0.0
84049,0.0
84050,0.0
84051,0.0
84052,0.0
84053,0.0
84054,0.0
84055,0.0
84056,0.0
84057,0.0
84058,0.0
84059,0.0
84060,0.0
84061,0.0
84062,0.0
84063,0.0
84064,0.0
84065,0.0
84066,0.0
84067,0.0
84068,0.0
84069,0.0
84070,0.0
84071,0.0
84072,0.0
84073,0.0
84074,0.0
84075,0.0
84076,0.0
84077,0.0
84078,0.0
84079,0.0
84080,0.0
84081,0.0
84082,0.0
84083,0.0
84084,0.0
84085,0.0
84086,0.0
84087,0.0
84088,0.0
84089,0.0
84090,0.0
84091,0.0
84092,0.0
84093,0.0
84094,0.0
84095,0.0
84096,0.0
84097,0.0
84098,0.0
84099,0.0
84100,0.0
84101,0.0
84102,0.0
84103,0.0
84104,0.0
84105,0.0
84106,0.0
84107,0.0
84108,0.0
84109,0.0
84110,0.0
84111,0.0
84112,0.0
84113,0.0
84114,0.0
84115,0.0
84116,0.0
84117,0.0
84118,0.0
84119,0.0
84120,0.0
84121,0.0
84122,0.0
84123,0.0
84124,0.0
84125,0.0
84126,0.0
84127,0.0
84128,0.0
84129,0.0
84130,0.0
84131,0.0
84132,0.0
84133,0.0
84134,0.0
84135,0.0
84136,0.0
84137,0.0
84138,0.0
84139,0.0
84140,0.0
84141,0.0
84142,0.0
84143,0.0
84144,0.0
84145,0.0
84146,0.0
84147,0.0
84148,0.0
84149,0.0
84150,0.0
84151,0.0
84152,0.0
84153,0.0
84154,0.0
84155,0.0
84156,0.0
84157,0.0
84158,0.0
84159,0.0
84160,0.0
84161,0.0
84162,0.0
84163,0.0
84164,0.0
84165,0.0
84166,0.0
84167,0.0
84168,0.0
84169,0.0
84170,0.0
84171,0.0
84172,0.0
84173,0.0
84174,0.0
84175,0.0
84176,0.0
84177,0.0
84178,0.0
84179,0.0
84180,0.0
84181,0.0
84182,0.0
84183,0.0
84184,0.0
84185,0.0
84186,0.0
84187,0.0
84188,0.0
84189,0.0
84190,0.0
84191,0.0
84192,0.0
84193,0.0
84194,0.0
84195,0.0
84196,0.0
84197,0.0
84198,0.0
84199,0.0
84200,0.0
84201,0.0
84202,0.0
84203,0.0
84204,0.0
84205,0.0
84206,0.0
84207,0.0
84208,0.0
84209,0.0
84210,0.0
84211,0.0
84212,0.0
84213,0.0
84214,0.0
84215,0.0
84216,0.0
84217,0.0
84218,0.0
84219,0.0
84220,0.0
84221,0.0
84222,0.0
84223,0.0
84224,0.0
84225,0.0
84226,0.0
84227,0.0
84228,0.0
84229,0.0
84230,0.0
84231,0.0
84232,0.0
84233,0.0
84234,0.0
84235,0.0
84236,0.0
84237,0.0
84238,0.0
84239,0.0
84240,0.0
84241,0.0
84242,0.0
84243,0.0
84244,0.0
84245,0.0
84246,0.0
84247,0.0
84248,0.0
84249,0.0
84250,0.0
84251,0.0
84252,0.0
84253,0.0
84254,0.0
84255,0.0
84256,0.0
84257,0.0
84258,0.0
84259,0.0
84260,0.0
84261,0.0
84262,0.0
84263,0.0
84264,0.0
84265,0.0
84266,0.0
84267,0.0
84268,0.0
84269,0.0
84270,0.0
84271,0.0
84272,0.0
84273,0.0
84274,0.0
84275,0.0
84276,0.0
84277,0.0
84278,0.0
84279,0.0
84280,0.0
84281,0.0
84282,0.0
84283,0.0
84284,0.0
84285,0.0
84286,0.0
84287,0.0
84288,0.0
84289,0.0
84290,0.0
84291,0.0
84292,0.0
84293,0.0
84294,0.0
84295,0.0
84296,0.0
84297,0.0
84298,0.0
84299,0.0
84300,0.0
84301,0.0
84302,0.0
84303,0.0
84304,0.0
84305,0.0
84306,0.0
84307,0.0
84308,0.0
84309,0.0
84310,0.0
84311,0.0
84312,0.0
84313,0.0
84314,0.0
84315,0.0
84316,0.0
84317,0.0
84318,0.0
84319,0.0
84320,0.0
84321,0.0
84322,0.0
84323,0.0
84324,0.0
84325,0.0
84326,0.0
84327,0.0
84328,0.0
84329,0.0
84330,0.0
84331,0.0
84332,0.0
84333,0.0
84334,0.0
84335,0.0
84336,0.0
84337,0.0
84338,0.0
84339,0.0
84340,0.0
84341,0.0
84342,0.0
84343,0.0
84344,0.0
84345,0.0
84346,0.0
84347,0.0
84348,0.0
84349,0.0
84350,0.0
84351,0.0
84352,0.0
84353,0.0
84354,0.0
84355,0.0
84356,0.0
84357,0.0
84358,0.0
84359,0.0
84360,0.0
84361,0.0
84362,0.0
84363,0.0
84364,0.0
84365,0.0
84366,0.0
84367,0.0
84368,0.0
84369,0.0
84370,0.0
84371,0.0
84372,0.0
84373,0.0
84374,0.0
84375,0.0
84376,0.0
84377,0.0
84378,0.0
84379,0.0
84380,0.0
84381,0.0
84382,0.0
84383,0.0
84384,0.0
84385,0.0
84386,0.0
84387,0.0
84388,0.0
84389,0.0
84390,0.0
84391,0.0
84392,0.0
84393,0.0
84394,0.0
84395,0.0
84396,0.0
84397,0.0
84398,0.0
84399,0.0
84400,0.0
84401,0.0
84402,0.0
84403,0.0
84404,0.0
84405,0.0
84406,0.0
84407,0.0
84408,0.0
84409,0.0
84410,0.0
84411,0.0
84412,0.0
84413,0.0
84414,0.0
84415,0.0
84416,0.0
84417,0.0
84418,0.0
84419,0.0
84420,0.0
84421,0.0
84422,0.0
84423,0.0
84424,0.0
84425,0.0
84426,0.0
84427,0.0
84428,0.0
84429,0.0
84430,0.0
84431,0.0
84432,0.0
84433,0.0
84434,0.0
84435,0.0
84436,0.0
84437,0.0
84438,0.0
84439,0.0
84440,0.0
84441,0.0
84442,0.0
84443,0.0
84444,0.0
84445,0.0
84446,0.0
84447,0.0
84448,0.0
84449,0.0
84450,0.0
84451,0.0
84452,0.0
84453,0.0
84454,0.0
84455,0.0
84456,0.0
84457,0.0
84458,0.0
84459,0.0
84460,0.0
84461,0.0
84462,0.0
84463,0.0
84464,0.0
84465,0.0
84466,0.0
84467,0.0
84468,0.0
84469,0.0
84470,0.0
84471,0.0
84472,0.0
84473,0.0
84474,0.0
84475,0.0
84476,0.0
84477,0.0
84478,0.0
84479,0.0
84480,0.0
84481,0.0
84482,0.0
84483,0.0
84484,0.0
84485,0.0
84486,0.0
84487,0.0
84488,0.0
84489,0.0
84490,0.0
84491,0.0
84492,0.0
84493,0.0
84494,0.0
84495,0.0
84496,0.0
84497,0.0
84498,0.0
84499,0.0
84500,0.0
84501,0.0
84502,0.0
84503,0.0
84504,0.0
84505,0.0
84506,0.0
84507,0.0
84508,0.0
84509,0.0
84510,0.0
84511,0.0
84512,0.0
84513,0.0
84514,0.0
84515,0.0
84516,0.0
84517,0.0
84518,0.0
84519,0.0
84520,0.0
84521,0.0
84522,0.0
84523,0.0
84524,0.0
84525,0.0
84526,0.0
84527,0.0
84528,0.0
84529,0.0
84530,0.0
84531,0.0
84532,0.0
84533,0.0
84534,0.0
84535,0.0
84536,0.0
84537,0.0
84538,0.0
84539,0.0
84540,0.0
84541,0.0
84542,0.0
84543,0.0
84544,0.0
84545,0.0
84546,0.0
84547,0.0
84548,0.0
84549,0.0
84550,0.0
84551,0.0
84552,0.0
84553,0.0
84554,0.0
84555,0.0
84556,0.0
84557,0.0
84558,0.0
84559,0.0
84560,0.0
84561,0.0
84562,0.0
84563,0.0
84564,0.0
84565,0.0
84566,0.0
84567,0.0
84568,0.0
84569,0.0
84570,0.0
84571,0.0
84572,0.0
84573,0.0
84574,0.0
84575,0.0
84576,0.0
84577,0.0
84578,0.0
84579,0.0
84580,0.0
84581,0.0
84582,0.0
84583,0.0
84584,0.0
84585,0.0
84586,0.0
84587,0.0
84588,0.0
84589,0.0
84590,0.0
84591,0.0
84592,0.0
84593,0.0
84594,0.0
84595,0.0
84596,0.0
84597,0.0
84598,0.0
84599,0.0
84600,0.0
84601,0.0
84602,0.0
84603,0.0
84604,0.0
84605,0.0
84606,0.0
84607,0.0
84608,0.0
84609,0.0
84610,0.0
84611,0.0
84612,0.0
84613,0.0
84614,0.0
84615,0.0
84616,0.0
84617,0.0
84618,0.0
84619,0.0
84620,0.0
84621,0.0
84622,0.0
84623,0.0
84624,0.0
84625,0.0
84626,0.0
84627,0.0
84628,0.0
84629,0.0
84630,0.0
84631,0.0
84632,0.0
84633,0.0
84634,0.0
84635,0.0
84636,0.0
84637,0.0
84638,0.0
84639,0.0
84640,0.0
84641,0.0
84642,0.0
84643,0.0
84644,0.0
84645,0.0
84646,0.0
84647,0.0
84648,0.0
84649,0.0
84650,0.0
84651,0.0
84652,0.0
84653,0.0
84654,0.0
84655,0.0
84656,0.0
84657,0.0
84658,0.0
84659,0.0
84660,0.0
84661,0.0
84662,0.0
84663,0.0
84664,0.0
84665,0.0
84666,0.0
84667,0.0
84668,0.0
84669,0.0
84670,0.0
84671,0.0
84672,0.0
84673,0.0
84674,0.0
84675,0.0
84676,0.0
84677,0.0
84678,0.0
84679,0.0
84680,0.0
84681,0.0
84682,0.0
84683,0.0
84684,0.0
84685,0.0
84686,0.0
84687,0.0
84688,0.0
84689,0.0
84690,0.0
84691,0.0
84692,0.0
84693,0.0
84694,0.0
84695,0.0
84696,0.0
84697,0.0
84698,0.0
84699,0.0
84700,0.0
84701,0.0
84702,0.0
84703,0.0
84704,0.0
84705,0.0
84706,0.0
84707,0.0
84708,0.0
84709,0.0
84710,0.0
84711,0.0
84712,0.0
84713,0.0
84714,0.0
84715,0.0
84716,0.0
84717,0.0
84718,0.0
84719,0.0
84720,0.0
84721,0.0
84722,0.0
84723,0.0
84724,0.0
84725,0.0
84726,0.0
84727,0.0
84728,0.0
84729,0.0
84730,0.0
84731,0.0
84732,0.0
84733,0.0
84734,0.0
84735,0.0
84736,0.0
84737,0.0
84738,0.0
84739,0.0
84740,0.0
84741,0.0
84742,0.0
84743,0.0
84744,0.0
84745,0.0
84746,0.0
84747,0.0
84748,0.0
84749,0.0
84750,0.0
84751,0.0
84752,0.0
84753,0.0
84754,0.0
84755,0.0
84756,0.0
84757,0.0
84758,0.0
84759,0.0
84760,0.0
84761,0.0
84762,0.0
84763,0.0
84764,0.0
84765,0.0
84766,0.0
84767,0.0
84768,0.0
84769,0.0
84770,0.0
84771,0.0
84772,0.0
84773,0.0
84774,0.0
84775,0.0
84776,0.0
84777,0.0
84778,0.0
84779,0.0
84780,0.0
84781,0.0
84782,0.0
84783,0.0
84784,0.0
84785,0.0
84786,0.0
84787,0.0
84788,0.0
84789,0.0
84790,0.0
84791,0.0
84792,0.0
84793,0.0
84794,0.0
84795,0.0
84796,0.0
84797,0.0
84798,0.0
84799,0.0
84800,0.0
84801,0.0
84802,0.0
84803,0.0
84804,0.0
84805,0.0
84806,0.0
84807,0.0
84808,0.0
84809,0.0
84810,0.0
84811,0.0
84812,0.0
84813,0.0
84814,0.0
84815,0.0
84816,0.0
84817,0.0
84818,0.0
84819,0.0
84820,0.0
84821,0.0
84822,0.0
84823,0.0
84824,0.0
84825,0.0
84826,0.0
84827,0.0
84828,0.0
84829,0.0
84830,0.0
84831,0.0
84832,0.0
84833,0.0
84834,0.0
84835,0.0
84836,0.0
84837,0.0
84838,0.0
84839,0.0
84840,0.0
84841,0.0
84842,0.0
84843,0.0
84844,0.0
84845,0.0
84846,0.0
84847,0.0
84848,0.0
84849,0.0
84850,0.0
84851,0.0
84852,0.0
84853,0.0
84854,0.0
84855,0.0
84856,0.0
84857,0.0
84858,0.0
84859,0.0
84860,0.0
84861,0.0
84862,0.0
84863,0.0
84864,0.0
84865,0.0
84866,0.0
84867,0.0
84868,0.0
84869,0.0
84870,0.0
84871,0.0
84872,0.0
84873,0.0
84874,0.0
84875,0.0
84876,0.0
84877,0.0
84878,0.0
84879,0.0
84880,0.0
84881,0.0
84882,0.0
84883,0.0
84884,0.0
84885,0.0
84886,0.0
84887,0.0
84888,0.0
84889,0.0
84890,0.0
84891,0.0
84892,0.0
84893,0.0
84894,0.0
84895,0.0
84896,0.0
84897,0.0
84898,0.0
84899,0.0
84900,0.0
84901,0.0
84902,0.0
84903,0.0
84904,0.0
84905,0.0
84906,0.0
84907,0.0
84908,0.0
84909,0.0
84910,0.0
84911,0.0
84912,0.0
84913,0.0
84914,0.0
84915,0.0
84916,0.0
84917,0.0
84918,0.0
84919,0.0
84920,0.0
84921,0.0
84922,0.0
84923,0.0
84924,0.0
84925,0.0
84926,0.0
84927,0.0
84928,0.0
84929,0.0
84930,0.0
84931,0.0
84932,0.0
84933,0.0
84934,0.0
84935,0.0
84936,0.0
84937,0.0
84938,0.0
84939,0.0
84940,0.0
84941,0.0
84942,0.0
84943,0.0
84944,0.0
84945,0.0
84946,0.0
84947,0.0
84948,0.0
84949,0.0
84950,0.0
84951,0.0
84952,0.0
84953,0.0
84954,0.0
84955,0.0
84956,0.0
84957,0.0
84958,0.0
84959,0.0
84960,0.0
84961,0.0
84962,0.0
84963,0.0
84964,0.0
84965,0.0
84966,0.0
84967,0.0
84968,0.0
84969,0.0
84970,0.0
84971,0.0
84972,0.0
84973,0.0
84974,0.0
84975,0.0
84976,0.0
84977,0.0
84978,0.0
84979,0.0
84980,0.0
84981,0.0
84982,0.0
84983,0.0
84984,0.0
84985,0.0
84986,0.0
84987,0.0
84988,0.0
84989,0.0
84990,0.0
84991,0.0
84992,0.0
84993,0.0
84994,0.0
84995,0.0
84996,0.0
84997,0.0
84998,0.0
84999,0.0
85000,0.0
85001,0.0
85002,0.0
85003,0.0
85004,0.0
85005,0.0
85006,0.0
85007,0.0
85008,0.0
85009,0.0
85010,0.0
85011,0.0
85012,0.0
85013,0.0
85014,0.0
85015,0.0
85016,0.0
85017,0.0
85018,0.0
85019,0.0
85020,0.0
85021,0.0
85022,0.0
85023,0.0
85024,0.0
85025,0.0
85026,0.0
85027,0.0
85028,0.0
85029,0.0
85030,0.0
85031,0.0
85032,0.0
85033,0.0
85034,0.0
85035,0.0
85036,0.0
85037,0.0
85038,0.0
85039,0.0
85040,0.0
85041,0.0
85042,0.0
85043,0.0
85044,0.0
85045,0.0
85046,0.0
85047,0.0
85048,0.0
85049,0.0
85050,0.0
85051,0.0
85052,0.0
85053,0.0
85054,0.0
85055,0.0
85056,0.0
85057,0.0
85058,0.0
85059,0.0
85060,0.0
85061,0.0
85062,0.0
85063,0.0
85064,0.0
85065,0.0
85066,0.0
85067,0.0
85068,0.0
85069,0.0
85070,0.0
85071,0.0
85072,0.0
85073,0.0
85074,0.0
85075,0.0
85076,0.0
85077,0.0
85078,0.0
85079,0.0
85080,0.0
85081,0.0
85082,0.0
85083,0.0
85084,0.0
85085,0.0
85086,0.0
85087,0.0
85088,0.0
85089,0.0
85090,0.0
85091,0.0
85092,0.0
85093,0.0
85094,0.0
85095,0.0
85096,0.0
85097,0.0
85098,0.0
85099,0.0
85100,0.0
85101,0.0
85102,0.0
85103,0.0
85104,0.0
85105,0.0
85106,0.0
85107,0.0
85108,0.0
85109,0.0
85110,0.0
85111,0.0
85112,0.0
85113,0.0
85114,0.0
85115,0.0
85116,0.0
85117,0.0
85118,0.0
85119,0.0
85120,0.0
85121,0.0
85122,0.0
85123,0.0
85124,0.0
85125,0.0
85126,0.0
85127,0.0
85128,0.0
85129,0.0
85130,0.0
85131,0.0
85132,0.0
85133,0.0
85134,0.0
85135,0.0
85136,0.0
85137,0.0
85138,0.0
85139,0.0
85140,0.0
85141,0.0
85142,0.0
85143,0.0
85144,0.0
85145,0.0
85146,0.0
85147,0.0
85148,0.0
85149,0.0
85150,0.0
85151,0.0
85152,0.0
85153,0.0
85154,0.0
85155,0.0
85156,0.0
85157,0.0
85158,0.0
85159,0.0
85160,0.0
85161,0.0
85162,0.0
85163,0.0
85164,0.0
85165,0.0
85166,0.0
85167,0.0
85168,0.0
85169,0.0
85170,0.0
85171,0.0
85172,0.0
85173,0.0
85174,0.0
85175,0.0
85176,0.0
85177,0.0
85178,0.0
85179,0.0
85180,0.0
85181,0.0
85182,0.0
85183,0.0
85184,0.0
85185,0.0
85186,0.0
85187,0.0
85188,0.0
85189,0.0
85190,0.0
85191,0.0
85192,0.0
85193,0.0
85194,0.0
85195,0.0
85196,0.0
85197,0.0
85198,0.0
85199,0.0
85200,0.0
85201,0.0
85202,0.0
85203,0.0
85204,0.0
85205,0.0
85206,0.0
85207,0.0
85208,0.0
85209,0.0
85210,0.0
85211,0.0
85212,0.0
85213,0.0
85214,0.0
85215,0.0
85216,0.0
85217,0.0
85218,0.0
85219,0.0
85220,0.0
85221,0.0
85222,0.0
85223,0.0
85224,0.0
85225,0.0
85226,0.0
85227,0.0
85228,0.0
85229,0.0
85230,0.0
85231,0.0
85232,0.0
85233,0.0
85234,0.0
85235,0.0
85236,0.0
85237,0.0
85238,0.0
85239,0.0
85240,0.0
85241,0.0
85242,0.0
85243,0.0
85244,0.0
85245,0.0
85246,0.0
85247,0.0
85248,0.0
85249,0.0
85250,0.0
85251,0.0
85252,0.0
85253,0.0
85254,0.0
85255,0.0
85256,0.0
85257,0.0
85258,0.0
85259,0.0
85260,0.0
85261,0.0
85262,0.0
85263,0.0
85264,0.0
85265,0.0
85266,0.0
85267,0.0
85268,0.0
85269,0.0
85270,0.0
85271,0.0
85272,0.0
85273,0.0
85274,0.0
85275,0.0
85276,0.0
85277,0.0
85278,0.0
85279,0.0
85280,0.0
85281,0.0
85282,0.0
85283,0.0
85284,0.0
85285,0.0
85286,0.0
85287,0.0
85288,0.0
85289,0.0
85290,0.0
85291,0.0
85292,0.0
85293,0.0
85294,0.0
85295,0.0
85296,0.0
85297,0.0
85298,0.0
85299,0.0
85300,0.0
85301,0.0
85302,0.0
85303,0.0
85304,0.0
85305,0.0
85306,0.0
85307,0.0
85308,0.0
85309,0.0
85310,0.0
85311,0.0
85312,0.0
85313,0.0
85314,0.0
85315,0.0
85316,0.0
85317,0.0
85318,0.0
85319,0.0
85320,0.0
85321,0.0
85322,0.0
85323,0.0
85324,0.0
85325,0.0
85326,0.0
85327,0.0
85328,0.0
85329,0.0
85330,0.0
85331,0.0
85332,0.0
85333,0.0
85334,0.0
85335,0.0
85336,0.0
85337,0.0
85338,0.0
85339,0.0
85340,0.0
85341,0.0
85342,0.0
85343,0.0
85344,0.0
85345,0.0
85346,0.0
85347,0.0
85348,0.0
85349,0.0
85350,0.0
85351,0.0
85352,0.0
85353,0.0
85354,0.0
85355,0.0
85356,0.0
85357,0.0
85358,0.0
85359,0.0
85360,0.0
85361,0.0
85362,0.0
85363,0.0
85364,0.0
85365,0.0
85366,0.0
85367,0.0
85368,0.0
85369,0.0
85370,0.0
85371,0.0
85372,0.0
85373,0.0
85374,0.0
85375,0.0
85376,0.0
85377,0.0
85378,0.0
85379,0.0
85380,0.0
85381,0.0
85382,0.0
85383,0.0
85384,0.0
85385,0.0
85386,0.0
85387,0.0
85388,0.0
85389,0.0
85390,0.0
85391,0.0
85392,0.0
85393,0.0
85394,0.0
85395,0.0
85396,0.0
85397,0.0
85398,0.0
85399,0.0
85400,0.0
85401,0.0
85402,0.0
85403,0.0
85404,0.0
85405,0.0
85406,0.0
85407,0.0
85408,0.0
85409,0.0
85410,0.0
85411,0.0
85412,0.0
85413,0.0
85414,0.0
85415,0.0
85416,0.0
85417,0.0
85418,0.0
85419,0.0
85420,0.0
85421,0.0
85422,0.0
85423,0.0
85424,0.0
85425,0.0
85426,0.0
85427,0.0
85428,0.0
85429,0.0
85430,0.0
85431,0.0
85432,0.0
85433,0.0
85434,0.0
85435,0.0
85436,0.0
85437,0.0
85438,0.0
85439,0.0
85440,0.0
85441,0.0
85442,0.0
85443,0.0
85444,0.0
85445,0.0
85446,0.0
85447,0.0
85448,0.0
85449,0.0
85450,0.0
85451,0.0
85452,0.0
85453,0.0
85454,0.0
85455,0.0
85456,0.0
85457,0.0
85458,0.0
85459,0.0
85460,0.0
85461,0.0
85462,0.0
85463,0.0
85464,0.0
85465,0.0
85466,0.0
85467,0.0
85468,0.0
85469,0.0
85470,0.0
85471,0.0
85472,0.0
85473,0.0
85474,0.0
85475,0.0
85476,0.0
85477,0.0
85478,0.0
85479,0.0
85480,0.0
85481,0.0
85482,0.0
85483,0.0
85484,0.0
85485,0.0
85486,0.0
85487,0.0
85488,0.0
85489,0.0
85490,0.0
85491,0.0
85492,0.0
85493,0.0
85494,0.0
85495,0.0
85496,0.0
85497,0.0
85498,0.0
85499,0.0
85500,0.0
85501,0.0
85502,0.0
85503,0.0
85504,0.0
85505,0.0
85506,0.0
85507,0.0
85508,0.0
85509,0.0
85510,0.0
85511,0.0
85512,0.0
85513,0.0
85514,0.0
85515,0.0
85516,0.0
85517,0.0
85518,0.0
85519,0.0
85520,0.0
85521,0.0
85522,0.0
85523,0.0
85524,0.0
85525,0.0
85526,0.0
85527,0.0
85528,0.0
85529,0.0
85530,0.0
85531,0.0
85532,0.0
85533,0.0
85534,0.0
85535,0.0
85536,0.0
85537,0.0
85538,0.0
85539,0.0
85540,0.0
85541,0.0
85542,0.0
85543,0.0
85544,0.0
85545,0.0
85546,0.0
85547,0.0
85548,0.0
85549,0.0
85550,0.0
85551,0.0
85552,0.0
85553,0.0
85554,0.0
85555,0.0
85556,0.0
85557,0.0
85558,0.0
85559,0.0
85560,0.0
85561,0.0
85562,0.0
85563,0.0
85564,0.0
85565,0.0
85566,0.0
85567,0.0
85568,0.0
85569,0.0
85570,0.0
85571,0.0
85572,0.0
85573,0.0
85574,0.0
85575,0.0
85576,0.0
85577,0.0
85578,0.0
85579,0.0
85580,0.0
85581,0.0
85582,0.0
85583,0.0
85584,0.0
85585,0.0
85586,0.0
85587,0.0
85588,0.0
85589,0.0
85590,0.0
85591,0.0
85592,0.0
85593,0.0
85594,0.0
85595,0.0
85596,0.0
85597,0.0
85598,0.0
85599,0.0
85600,0.0
85601,0.0
85602,0.0
85603,0.0
85604,0.0
85605,0.0
85606,0.0
85607,0.0
85608,0.0
85609,0.0
85610,0.0
85611,0.0
85612,0.0
85613,0.0
85614,0.0
85615,0.0
85616,0.0
85617,0.0
85618,0.0
85619,0.0
85620,0.0
85621,0.0
85622,0.0
85623,0.0
85624,0.0
85625,0.0
85626,0.0
85627,0.0
85628,0.0
85629,0.0
85630,0.0
85631,0.0
85632,0.0
85633,0.0
85634,0.0
85635,0.0
85636,0.0
85637,0.0
85638,0.0
85639,0.0
85640,0.0
85641,0.0
85642,0.0
85643,0.0
85644,0.0
85645,0.0
85646,0.0
85647,0.0
85648,0.0
85649,0.0
85650,0.0
85651,0.0
85652,0.0
85653,0.0
85654,0.0
85655,0.0
85656,0.0
85657,0.0
85658,0.0
85659,0.0
85660,0.0
85661,0.0
85662,0.0
85663,0.0
85664,0.0
85665,0.0
85666,0.0
85667,0.0
85668,0.0
85669,0.0
85670,0.0
85671,0.0
85672,0.0
85673,0.0
85674,0.0
85675,0.0
85676,0.0
85677,0.0
85678,0.0
85679,0.0
85680,0.0
85681,0.0
85682,0.0
85683,0.0
85684,0.0
85685,0.0
85686,0.0
85687,0.0
85688,0.0
85689,0.0
85690,0.0
85691,0.0
85692,0.0
85693,0.0
85694,0.0
85695,0.0
85696,0.0
85697,0.0
85698,0.0
85699,0.0
85700,0.0
85701,0.0
85702,0.0
85703,0.0
85704,0.0
85705,0.0
85706,0.0
85707,0.0
85708,0.0
85709,0.0
85710,0.0
85711,0.0
85712,0.0
85713,0.0
85714,0.0
85715,0.0
85716,0.0
85717,0.0
85718,0.0
85719,0.0
85720,0.0
85721,0.0
85722,0.0
85723,0.0
85724,0.0
85725,0.0
85726,0.0
85727,0.0
85728,0.0
85729,0.0
85730,0.0
85731,0.0
85732,0.0
85733,0.0
85734,0.0
85735,0.0
85736,0.0
85737,0.0
85738,0.0
85739,0.0
85740,0.0
85741,0.0
85742,0.0
85743,0.0
85744,0.0
85745,0.0
85746,0.0
85747,0.0
85748,0.0
85749,0.0
85750,0.0
85751,0.0
85752,0.0
85753,0.0
85754,0.0
85755,0.0
85756,0.0
85757,0.0
85758,0.0
85759,0.0
85760,0.0
85761,0.0
85762,0.0
85763,0.0
85764,0.0
85765,0.0
85766,0.0
85767,0.0
85768,0.0
85769,0.0
85770,0.0
85771,0.0
85772,0.0
85773,0.0
85774,0.0
85775,0.0
85776,0.0
85777,0.0
85778,0.0
85779,0.0
85780,0.0
85781,0.0
85782,0.0
85783,0.0
85784,0.0
85785,0.0
85786,0.0
85787,0.0
85788,0.0
85789,0.0
85790,0.0
85791,0.0
85792,0.0
85793,0.0
85794,0.0
85795,0.0
85796,0.0
85797,0.0
85798,0.0
85799,0.0
85800,0.0
85801,0.0
85802,0.0
85803,0.0
85804,0.0
85805,0.0
85806,0.0
85807,0.0
85808,0.0
85809,0.0
85810,0.0
85811,0.0
85812,0.0
85813,0.0
85814,0.0
85815,0.0
85816,0.0
85817,0.0
85818,0.0
85819,0.0
85820,0.0
85821,0.0
85822,0.0
85823,0.0
85824,0.0
85825,0.0
85826,0.0
85827,0.0
85828,0.0
85829,0.0
85830,0.0
85831,0.0
85832,0.0
85833,0.0
85834,0.0
85835,0.0
85836,0.0
85837,0.0
85838,0.0
85839,0.0
85840,0.0
85841,0.0
85842,0.0
85843,0.0
85844,0.0
85845,0.0
85846,0.0
85847,0.0
85848,0.0
85849,0.0
85850,0.0
85851,0.0
85852,0.0
85853,0.0
85854,0.0
85855,0.0
85856,0.0
85857,0.0
85858,0.0
85859,0.0
85860,0.0
85861,0.0
85862,0.0
85863,0.0
85864,0.0
85865,0.0
85866,0.0
85867,0.0
85868,0.0
85869,0.0
85870,0.0
85871,0.0
85872,0.0
85873,0.0
85874,0.0
85875,0.0
85876,0.0
85877,0.0
85878,0.0
85879,0.0
85880,0.0
85881,0.0
85882,0.0
85883,0.0
85884,0.0
85885,0.0
85886,0.0
85887,0.0
85888,0.0
85889,0.0
85890,0.0
85891,0.0
85892,0.0
85893,0.0
85894,0.0
85895,0.0
85896,0.0
85897,0.0
85898,0.0
85899,0.0
85900,0.0
85901,0.0
85902,0.0
85903,0.0
85904,0.0
85905,0.0
85906,0.0
85907,0.0
85908,0.0
85909,0.0
85910,0.0
85911,0.0
85912,0.0
85913,0.0
85914,0.0
85915,0.0
85916,0.0
85917,0.0
85918,0.0
85919,0.0
85920,0.0
85921,0.0
85922,0.0
85923,0.0
85924,0.0
85925,0.0
85926,0.0
85927,0.0
85928,0.0
85929,0.0
85930,0.0
85931,0.0
85932,0.0
85933,0.0
85934,0.0
85935,0.0
85936,0.0
85937,0.0
85938,0.0
85939,0.0
85940,0.0
85941,0.0
85942,0.0
85943,0.0
85944,0.0
85945,0.0
85946,0.0
85947,0.0
85948,0.0
85949,0.0
85950,0.0
85951,0.0
85952,0.0
85953,0.0
85954,0.0
85955,0.0
85956,0.0
85957,0.0
85958,0.0
85959,0.0
85960,0.0
85961,0.0
85962,0.0
85963,0.0
85964,0.0
85965,0.0
85966,0.0
85967,0.0
85968,0.0
85969,0.0
85970,0.0
85971,0.0
85972,0.0
85973,0.0
85974,0.0
85975,0.0
85976,0.0
85977,0.0
85978,0.0
85979,0.0
85980,0.0
85981,0.0
85982,0.0
85983,0.0
85984,0.0
85985,0.0
85986,0.0
85987,0.0
85988,0.0
85989,0.0
85990,0.0
85991,0.0
85992,0.0
85993,0.0
85994,0.0
85995,0.0
85996,0.0
85997,0.0
85998,0.0
85999,0.0
86000,0.0
86001,0.0
86002,0.0
86003,0.0
86004,0.0
86005,0.0
86006,0.0
86007,0.0
86008,0.0
86009,0.0
86010,0.0
86011,0.0
86012,0.0
86013,0.0
86014,0.0
86015,0.0
86016,0.0
86017,0.0
86018,0.0
86019,0.0
86020,0.0
86021,0.0
86022,0.0
86023,0.0
86024,0.0
86025,0.0
86026,0.0
86027,0.0
86028,0.0
86029,0.0
86030,0.0
86031,0.0
86032,0.0
86033,0.0
86034,0.0
86035,0.0
86036,0.0
86037,0.0
86038,0.0
86039,0.0
86040,0.0
86041,0.0
86042,0.0
86043,0.0
86044,0.0
86045,0.0
86046,0.0
86047,0.0
86048,0.0
86049,0.0
86050,0.0
86051,0.0
86052,0.0
86053,0.0
86054,0.0
86055,0.0
86056,0.0
86057,0.0
86058,0.0
86059,0.0
86060,0.0
86061,0.0
86062,0.0
86063,0.0
86064,0.0
86065,0.0
86066,0.0
86067,0.0
86068,0.0
86069,0.0
86070,0.0
86071,0.0
86072,0.0
86073,0.0
86074,0.0
86075,0.0
86076,0.0
86077,0.0
86078,0.0
86079,0.0
86080,0.0
86081,0.0
86082,0.0
86083,0.0
86084,0.0
86085,0.0
86086,0.0
86087,0.0
86088,0.0
86089,0.0
86090,0.0
86091,0.0
86092,0.0
86093,0.0
86094,0.0
86095,0.0
86096,0.0
86097,0.0
86098,0.0
86099,0.0
86100,0.0
86101,0.0
86102,0.0
86103,0.0
86104,0.0
86105,0.0
86106,0.0
86107,0.0
86108,0.0
86109,0.0
86110,0.0
86111,0.0
86112,0.0
86113,0.0
86114,0.0
86115,0.0
86116,0.0
86117,0.0
86118,0.0
86119,0.0
86120,0.0
86121,0.0
86122,0.0
86123,0.0
86124,0.0
86125,0.0
86126,0.0
86127,0.0
86128,0.0
86129,0.0
86130,0.0
86131,0.0
86132,0.0
86133,0.0
86134,0.0
86135,0.0
86136,0.0
86137,0.0
86138,0.0
86139,0.0
86140,0.0
86141,0.0
86142,0.0
86143,0.0
86144,0.0
86145,0.0
86146,0.0
86147,0.0
86148,0.0
86149,0.0
86150,0.0
86151,0.0
86152,0.0
86153,0.0
86154,0.0
86155,0.0
86156,0.0
86157,0.0
86158,0.0
86159,0.0
86160,0.0
86161,0.0
86162,0.0
86163,0.0
86164,0.0
86165,0.0
86166,0.0
86167,0.0
86168,0.0
86169,0.0
86170,0.0
86171,0.0
86172,0.0
86173,0.0
86174,0.0
86175,0.0
86176,0.0
86177,0.0
86178,0.0
86179,0.0
86180,0.0
86181,0.0
86182,0.0
86183,0.0
86184,0.0
86185,0.0
86186,0.0
86187,0.0
86188,0.0
86189,0.0
86190,0.0
86191,0.0
86192,0.0
86193,0.0
86194,0.0
86195,0.0
86196,0.0
86197,0.0
86198,0.0
86199,0.0
86200,0.0
86201,0.0
86202,0.0
86203,0.0
86204,0.0
86205,0.0
86206,0.0
86207,0.0
86208,0.0
86209,0.0
86210,0.0
86211,0.0
86212,0.0
86213,0.0
86214,0.0
86215,0.0
86216,0.0
86217,0.0
86218,0.0
86219,0.0
86220,0.0
86221,0.0
86222,0.0
86223,0.0
86224,0.0
86225,0.0
86226,0.0
86227,0.0
86228,0.0
86229,0.0
86230,0.0
86231,0.0
86232,0.0
86233,0.0
86234,0.0
86235,0.0
86236,0.0
86237,0.0
86238,0.0
86239,0.0
86240,0.0
86241,0.0
86242,0.0
86243,0.0
86244,0.0
86245,0.0
86246,0.0
86247,0.0
86248,0.0
86249,0.0
86250,0.0
86251,0.0
86252,0.0
86253,0.0
86254,0.0
86255,0.0
86256,0.0
86257,0.0
86258,0.0
86259,0.0
86260,0.0
86261,0.0
86262,0.0
86263,0.0
86264,0.0
86265,0.0
86266,0.0
86267,0.0
86268,0.0
86269,0.0
86270,0.0
86271,0.0
86272,0.0
86273,0.0
86274,0.0
86275,0.0
86276,0.0
86277,0.0
86278,0.0
86279,0.0
86280,0.0
86281,0.0
86282,0.0
86283,0.0
86284,0.0
86285,0.0
86286,0.0
86287,0.0
86288,0.0
86289,0.0
86290,0.0
86291,0.0
86292,0.0
86293,0.0
86294,0.0
86295,0.0
86296,0.0
86297,0.0
86298,0.0
86299,0.0
86300,0.0
86301,0.0
86302,0.0
86303,0.0
86304,0.0
86305,0.0
86306,0.0
86307,0.0
86308,0.0
86309,0.0
86310,0.0
86311,0.0
86312,0.0
86313,0.0
86314,0.0
86315,0.0
86316,0.0
86317,0.0
86318,0.0
86319,0.0
86320,0.0
86321,0.0
86322,0.0
86323,0.0
86324,0.0
86325,0.0
86326,0.0
86327,0.0
86328,0.0
86329,0.0
86330,0.0
86331,0.0
86332,0.0
86333,0.0
86334,0.0
86335,0.0
86336,0.0
86337,0.0
86338,0.0
86339,0.0
86340,0.0
86341,0.0
86342,0.0
86343,0.0
86344,0.0
86345,0.0
86346,0.0
86347,0.0
86348,0.0
86349,0.0
86350,0.0
86351,0.0
86352,0.0
86353,0.0
86354,0.0
86355,0.0
86356,0.0
86357,0.0
86358,0.0
86359,0.0
86360,0.0
86361,0.0
86362,0.0
86363,0.0
86364,0.0
86365,0.0
86366,0.0
86367,0.0
86368,0.0
86369,0.0
86370,0.0
86371,0.0
86372,0.0
86373,0.0
86374,0.0
86375,0.0
86376,0.0
86377,0.0
86378,0.0
86379,0.0
86380,0.0
86381,0.0
86382,0.0
86383,0.0
86384,0.0
86385,0.0
86386,0.0
86387,0.0
86388,0.0
86389,0.0
86390,0.0
86391,0.0
86392,0.0
86393,0.0
86394,0.0
86395,0.0
86396,0.0
86397,0.0
86398,0.0
86399,0.0
